{
  "type": "FeatureCollection",
  "generator": "overpass-turbo",
  "copyright": "The data included in this document is from www.openstreetmap.org. The data is made available under ODbL.",
  "timestamp": "2026-08-03T12:23:58Z",
  "features": [
    {
      "type": "Feature",
      "properties": {
        "@id": "node/107775",
        "admin_level": "2",
        "alt_name:gl": "London",
        "alt_name:ur": "لنڈن",
        "capital": "yes",
        "ele": "15",
        "importance": "international",
        "is_capital": "country",
        "is_in:country_code": "GB",
        "is_in:iso_3166_2": "GB-ENG",
        "name": "London",
        "name:ab": "Лондан",
        "name:ace": "London",
        "name:ady": "Лондон",
        "name:af": "Londen",
        "name:als": "London",
        "name:am": "ለንደን",
        "name:an": "Londres",
        "name:ang": "Lunden",
        "name:ar": "لندن",
        "name:arc": "ܠܘܢܕܘܢ",
        "name:ary": "لندن",
        "name:arz": "لندن",
        "name:as": "লণ্ডন",
        "name:ast": "Londres",
        "name:av": "Лондон",
        "name:avk": "London",
        "name:awa": "लण्डन",
        "name:ay": "London",
        "name:az": "London",
        "name:azb": "لندن",
        "name:ba": "Лондон",
        "name:ban": "London",
        "name:bar": "London",
        "name:bat-smg": "Londons",
        "name:bcl": "Londres",
        "name:be": "Лондан",
        "name:be-tarask": "Лёндан",
        "name:bg": "Лондон",
        "name:bh": "लंदन",
        "name:bi": "London",
        "name:bm": "London",
        "name:bn": "লন্ডন",
        "name:bo": "ལོན་ཊོན།",
        "name:br": "Londrez",
        "name:bs": "London",
        "name:bxr": "Лондон",
        "name:ca": "Londres",
        "name:cdo": "Lùng-dŭng",
        "name:ce": "Лондон",
        "name:ceb": "London",
        "name:chr": "ᎫᎴ ᏗᏍᎪᏂᎯᏱ",
        "name:ckb": "لەندەن",
        "name:cnr": "London",
        "name:co": "Londra",
        "name:crh": "London",
        "name:cs": "Londýn",
        "name:csb": "Londin",
        "name:cu": "Лондонъ",
        "name:cv": "Лондон",
        "name:cy": "Llundain",
        "name:da": "London",
        "name:de": "London",
        "name:diq": "Londra",
        "name:dsb": "London",
        "name:dty": "लण्डन",
        "name:dv": "ލަންޑަން",
        "name:ee": "London",
        "name:el": "Λονδίνο",
        "name:eml": "Lòndra",
        "name:en": "London",
        "name:eo": "Londono",
        "name:es": "Londres",
        "name:et": "London",
        "name:eu": "Londres",
        "name:ext": "Londri",
        "name:fa": "لندن",
        "name:ff": "London",
        "name:fi": "Lontoo",
        "name:fj": "Lodoni",
        "name:fo": "London",
        "name:fr": "Londres",
        "name:frp": "Londres",
        "name:frr": "London",
        "name:fur": "Londre",
        "name:fy": "Londen",
        "name:ga": "Londain",
        "name:gag": "London",
        "name:gan": "倫敦",
        "name:gcr": "Lonn",
        "name:gd": "Lunnainn",
        "name:gl": "Londres",
        "name:gn": "Londye",
        "name:gom": "London",
        "name:gsw": "London",
        "name:gu": "લંડન",
        "name:gv": "Lunnin",
        "name:ha": "Landan",
        "name:hak": "Lùn-tûn",
        "name:haw": "Lākana",
        "name:he": "לונדון",
        "name:hi": "लंदन",
        "name:hif": "London",
        "name:hr": "London",
        "name:hsb": "London",
        "name:ht": "Lonn",
        "name:hu": "London",
        "name:hy": "Լոնդոն",
        "name:hyw": "Լոնտոն",
        "name:id": "London",
        "name:ig": "London",
        "name:ilo": "Londres",
        "name:inh": "Лондон",
        "name:io": "London",
        "name:is": "Lundúnir",
        "name:it": "Londra",
        "name:ja": "ロンドン",
        "name:jam": "Landan",
        "name:jbo": "london",
        "name:jv": "London",
        "name:ka": "ლონდონი",
        "name:kaa": "London",
        "name:kab": "London",
        "name:kbd": "Лондон",
        "name:kk": "Лондон",
        "name:kl": "London",
        "name:km": "ឡុងដ៍",
        "name:kn": "ಲಂಡನ್",
        "name:ko": "런던",
        "name:koi": "Лондон",
        "name:krc": "Лондон",
        "name:ks": "لَندَن",
        "name:ksh": "London",
        "name:ku": "London",
        "name:kv": "Лондон",
        "name:kw": "Loundres",
        "name:ky": "Лондон",
        "name:la": "Londinium",
        "name:lad": "Londra",
        "name:lb": "London",
        "name:lbe": "Лондон",
        "name:lez": "Лондон",
        "name:li": "Londe",
        "name:lij": "Londra",
        "name:lld": "London",
        "name:lmo": "Lundra",
        "name:ln": "Londoni",
        "name:lo": "ລອນດອນ",
        "name:lt": "Londonas",
        "name:lv": "Londona",
        "name:lzh": "倫敦",
        "name:mai": "लन्डन",
        "name:mdf": "Лондон",
        "name:mg": "Lôndôna",
        "name:mhr": "Лондон",
        "name:mi": "Rānana",
        "name:min": "London",
        "name:mk": "Лондон",
        "name:ml": "ലണ്ടൻ",
        "name:mn": "Лондон",
        "name:mr": "लंडन",
        "name:mrj": "Лондон",
        "name:ms": "London",
        "name:mt": "Londra",
        "name:mwl": "Londres",
        "name:my": "လန်ဒန်မြို့",
        "name:myv": "Лондон ош",
        "name:mzn": "لندن",
        "name:na": "London",
        "name:nah": "Londres",
        "name:nan": "Lûn-tun",
        "name:nap": "Londra",
        "name:nds": "London",
        "name:nds-nl": "Londen",
        "name:ne": "लन्डन",
        "name:new": "लण्डन",
        "name:nl": "Londen",
        "name:nn": "London",
        "name:no": "London",
        "name:nov": "London",
        "name:nrm": "Londres",
        "name:nv": "Tooh Dineʼé Bikin Haalʼá",
        "name:ny": "London",
        "name:oc": "Londres",
        "name:om": "Landan",
        "name:or": "ଲଣ୍ଡନ",
        "name:os": "Лондон",
        "name:pa": "ਲੰਡਨ",
        "name:pap": "London",
        "name:pcd": "Londe",
        "name:pdc": "London",
        "name:pih": "London",
        "name:pl": "Londyn",
        "name:pms": "Londra",
        "name:pnb": "لندن",
        "name:pnt": "Λονδίνο",
        "name:ps": "لندن",
        "name:pt": "Londres",
        "name:qu": "London",
        "name:rm": "Londra",
        "name:rmy": "London",
        "name:ro": "Londra",
        "name:roa-rup": "Londra",
        "name:roa-tara": "Londre",
        "name:ru": "Лондон",
        "name:rue": "Лондон",
        "name:sa": "लन्डन्",
        "name:sah": "Лондон",
        "name:sat": "ᱞᱚᱱᱰᱚᱱ",
        "name:sc": "Londra",
        "name:scn": "Londra",
        "name:sco": "Lunnon",
        "name:sd": "لنڊن",
        "name:se": "London",
        "name:sh": "London",
        "name:si": "ලන්ඩන්",
        "name:sk": "Londýn",
        "name:skr": "لندن",
        "name:sl": "London",
        "name:sm": "Lonetona",
        "name:smn": "Lontoo",
        "name:sn": "London",
        "name:so": "London",
        "name:sq": "Londra",
        "name:sr": "Лондон",
        "name:srn": "London",
        "name:st": "London",
        "name:stq": "London",
        "name:su": "London",
        "name:sv": "London",
        "name:sw": "London",
        "name:szl": "Lōndōn",
        "name:ta": "இலண்டன்",
        "name:te": "లండన్",
        "name:tet": "Londres",
        "name:tg": "Лондон",
        "name:th": "ลอนดอน",
        "name:tk": "London",
        "name:tl": "Londres",
        "name:to": "Lonitoni",
        "name:tpi": "Landen",
        "name:tr": "Londra",
        "name:tt": "Лондон",
        "name:tum": "London",
        "name:tw": "London",
        "name:tzl": "Londra",
        "name:udm": "Лондон",
        "name:ug": "لوندۇن",
        "name:uk": "Лондон",
        "name:ur": "لندن",
        "name:uz": "London",
        "name:vec": "Łondra",
        "name:vep": "London",
        "name:vi": "Luân Đôn",
        "name:vls": "Londn",
        "name:wa": "Londe",
        "name:war": "London",
        "name:wo": "Londar",
        "name:wuu": "伦敦",
        "name:xmf": "ლონდონი",
        "name:yi": "לאנדאן",
        "name:yo": "Lọndọnu",
        "name:yue": "倫敦",
        "name:za": "Lunzdunh",
        "name:zea": "Londen",
        "name:zh": "伦敦;倫敦",
        "name:zh-Hans": "伦敦",
        "name:zh-Hant": "倫敦",
        "name:zh-Latn-pinyin": "Lúndūn",
        "name:zu": "ILondon",
        "note": "Centre of London officially at the former location of the Charing Cross, now the Charles I statue, near Trafalgar Square.",
        "old_name:ang:597-886": "Lundenwic",
        "old_name:ang:886-1066": "Lundenburh",
        "old_name:en:886-1066": "Lundenburg",
        "old_name:la:47-500": "Londinium",
        "place": "city",
        "population": "8908083",
        "website": "https://www.london.gov.uk/",
        "wikidata": "Q84",
        "wikimedia_commons": "Category:London",
        "wikipedia": "en:London"
      },
      "geometry": {
        "type": "Point",
        "coordinates": [
          -0.1277653,
          51.5074456
        ]
      },
      "id": "node/107775"
    },
    {
      "type": "Feature",
      "properties": {
        "@id": "node/441183",
        "addr:country": "GR",
        "admin_level": "2",
        "alt_name:cs": "Atény",
        "alt_name:gd": "Baile na h-Àithne",
        "alt_name:gl": "Αθήνα",
        "alt_name:uk": "Атени",
        "capital": "yes",
        "capital_ISO3166-1": "yes",
        "ele": "70",
        "int_name": "Athina",
        "name": "Αθήνα",
        "name:af": "Athene",
        "name:am": "አቴና",
        "name:an": "Atenas",
        "name:ang": "Athēnas",
        "name:ar": "أثينا",
        "name:arc": "ܐܬܢܘܣ",
        "name:arz": "اتينا",
        "name:ast": "Atenes",
        "name:ay": "Athina",
        "name:az": "Afina",
        "name:ba": "Афина",
        "name:bat-smg": "Atienā",
        "name:be": "Афіны",
        "name:be-tarask": "Атэны",
        "name:bg": "Атина",
        "name:bn": "অ্যাথেন্স",
        "name:bo": "ཨ་ཐེན།",
        "name:br": "Aten",
        "name:bs": "Atina",
        "name:ca": "Atenes",
        "name:ce": "Афина",
        "name:ceb": "Atenas",
        "name:ckb": "ئەسینا",
        "name:co": "Atene",
        "name:crh": "Atina",
        "name:cs": "Athény",
        "name:cu": "Аѳинꙑ",
        "name:cv": "Афин",
        "name:cy": "Athen",
        "name:da": "Athen",
        "name:de": "Athen",
        "name:diq": "Atêna",
        "name:el": "Αθήνα",
        "name:en": "Athens",
        "name:eo": "Ateno",
        "name:es": "Atenas",
        "name:et": "Ateena",
        "name:eu": "Atenas",
        "name:ext": "Atenas",
        "name:fa": "آتن",
        "name:fi": "Ateena",
        "name:fo": "Athen",
        "name:fr": "Athènes",
        "name:frp": "Atèna",
        "name:fy": "Atene",
        "name:ga": "An Aithin",
        "name:gag": "Afina",
        "name:gan": "雅典",
        "name:gd": "An Àithne",
        "name:gl": "Atenas",
        "name:gn": "Atena",
        "name:grc": "Ἀθῆναι",
        "name:gv": "Yn Atheen",
        "name:ha": "Athens",
        "name:haw": "‘Akenai",
        "name:he": "אתונה",
        "name:hi": "एथेंस",
        "name:hif": "Athens",
        "name:hr": "Atena",
        "name:ht": "Atèn",
        "name:hu": "Athén",
        "name:hy": "Աթենք",
        "name:ia": "Athenas",
        "name:id": "Athena",
        "name:ie": "Athina",
        "name:ig": "Atens",
        "name:ilo": "Atenas",
        "name:io": "Athina",
        "name:is": "Aþena",
        "name:it": "Atene",
        "name:ja": "アテネ",
        "name:jbo": "atenas",
        "name:jv": "Aténa",
        "name:ka": "ათენი",
        "name:kab": "Atena",
        "name:kk": "Афина",
        "name:kn": "ಅಥೆನ್ಸ್",
        "name:ko": "아테네",
        "name:krc": "Афинле",
        "name:ks": "ایتھنز",
        "name:ku": "Atîna",
        "name:kv": "Афинъяс",
        "name:kw": "Athína",
        "name:ky": "Афины",
        "name:la": "Athenae",
        "name:lad": "Atina",
        "name:lb": "Athen",
        "name:lez": "Афинаяр",
        "name:li": "Athene",
        "name:lij": "Aten",
        "name:lmo": "Atene",
        "name:ln": "Atenis",
        "name:lo": "ເອເທນ",
        "name:lt": "Atėnai",
        "name:lv": "Atēnas",
        "name:mdf": "Афитт",
        "name:mg": "Atena",
        "name:mi": "Ātene",
        "name:mk": "Атина",
        "name:ml": "അഥേന",
        "name:mn": "Афин",
        "name:mr": "अथेन्स",
        "name:ms": "Athens",
        "name:mt": "Ateni",
        "name:mwl": "Atenas",
        "name:my": "အေသင်မြို့",
        "name:nah": "Atēna",
        "name:nan": "Athína",
        "name:nb": "Athen",
        "name:ne": "एथेन्स",
        "name:new": "एथेन्स",
        "name:nl": "Athene",
        "name:nn": "Aten",
        "name:no": "Aten",
        "name:nov": "Atena",
        "name:nv": "Tsékʼi Ííyah Daniiʼáii",
        "name:ny": "Athens",
        "name:oc": "Atenas",
        "name:os": "Афинæтæ",
        "name:pa": "ਐਥਨਜ਼",
        "name:pl": "Ateny",
        "name:pms": "Atene",
        "name:pnb": "ایتھنز",
        "name:pnt": "Αθήνα",
        "name:ps": "اتن",
        "name:pt": "Atenas",
        "name:qu": "Athina",
        "name:rm": "Athen",
        "name:ro": "Atena",
        "name:roa-rup": "Athina",
        "name:roa-tara": "Atene",
        "name:ru": "Афины",
        "name:rue": "Атены",
        "name:sah": "Атина",
        "name:sc": "Atene",
        "name:scn": "Atini",
        "name:sco": "Athens",
        "name:sd": "اٿينس",
        "name:se": "Athena",
        "name:sh": "Atena",
        "name:si": "ඇතන්ස්",
        "name:simple": "Athens",
        "name:sk": "Atény",
        "name:sl": "Atene",
        "name:sm": "Atenai",
        "name:sn": "Athens",
        "name:sq": "Athinë",
        "name:sr": "Атина",
        "name:sr-Latn": "Atina",
        "name:stq": "Athene",
        "name:sv": "Aten",
        "name:sw": "Athens",
        "name:szl": "Atyny",
        "name:ta": "ஏதென்ஸ்",
        "name:te": "ఏథెన్స్",
        "name:tg": "Афина",
        "name:th": "เอเธนส์",
        "name:tk": "Afiny",
        "name:tl": "Atenas",
        "name:tr": "Atina",
        "name:tt": "Афиннар",
        "name:tw": "Athens",
        "name:udm": "Афины",
        "name:ug": "ئافېنا",
        "name:uk": "Афіни",
        "name:ur": "ایتھنز",
        "name:uz": "Afina",
        "name:vec": "Atene",
        "name:vep": "Afinad",
        "name:vi": "Athena",
        "name:vo": "Atina",
        "name:vro": "Ateena",
        "name:wa": "Atene",
        "name:war": "Atenas",
        "name:wo": "Aten",
        "name:xmf": "ათენი",
        "name:yi": "אטען",
        "name:yo": "Áténì",
        "name:yue": "雅典",
        "name:zea": "Athene",
        "name:zh": "雅典",
        "name:zu": "I-Athene",
        "official_name": "Αθήναι",
        "official_name:en": "Athine",
        "old_name:ca": "Cetines",
        "place": "city",
        "population": "3090508",
        "wikidata": "Q1524",
        "wikipedia": "el:Αθήνα"
      },
      "geometry": {
        "type": "Point",
        "coordinates": [
          23.7348324,
          37.9755648
        ]
      },
      "id": "node/441183"
    },
    {
      "type": "Feature",
      "properties": {
        "@id": "node/6968827",
        "admin_level": "2",
        "alt_name:gl": "Ljubljana",
        "alt_name:la": "Aemona",
        "capital": "yes",
        "name": "Ljubljana",
        "name:am": "ልዩብልያና",
        "name:ar": "ليوبليانا",
        "name:arz": "ليوبليانا",
        "name:ast": "Liubliana",
        "name:av": "Любляна",
        "name:az": "Lyublyana",
        "name:ba": "Любляна",
        "name:bar": "Laiboch",
        "name:bat-smg": "Liublijana",
        "name:be": "Любляна",
        "name:be-tarask": "Любляна",
        "name:bg": "Любляна",
        "name:bn": "লিউব্লিয়ানা",
        "name:bo": "ལི་པོ་ཡ་ན།",
        "name:br": "Ljubljana",
        "name:ca": "Ljubljana",
        "name:ce": "Любляна",
        "name:ckb": "لیوبلیانا",
        "name:crh": "Lüblâna",
        "name:cs": "Lublaň",
        "name:cu": "Люблꙗна",
        "name:cv": "Любляна",
        "name:da": "Ljubljana",
        "name:de": "Laibach",
        "name:el": "Λιουμπλιάνα",
        "name:en": "Ljubljana",
        "name:eo": "Ljubljano",
        "name:es": "Liubliana",
        "name:et": "Ljubljana",
        "name:ext": "Liubliana",
        "name:fa": "لیوبلیانا",
        "name:fi": "Ljubljana",
        "name:fr": "Ljubljana",
        "name:fur": "Lubiane",
        "name:ga": "Liúibleána",
        "name:gag": "L'yublyana",
        "name:gl": "Liubliana",
        "name:gsw": "Laibach",
        "name:he": "ליובליאנה",
        "name:hi": "लुब्लियाना",
        "name:ht": "Lyoubyana",
        "name:hu": "Ljubljana",
        "name:hy": "Լյուբլյանա",
        "name:is": "Ljubljana",
        "name:it": "Lubiana",
        "name:ja": "リュブリャナ",
        "name:ka": "ლიუბლიანა",
        "name:kaa": "Lyublyana",
        "name:kab": "Lyubyana",
        "name:kk": "Любляна",
        "name:ko": "류블랴나",
        "name:ks": "لیٛوبلیانا",
        "name:ku": "Ljubljana",
        "name:ky": "Любляна",
        "name:la": "Labacum",
        "name:lij": "Lubiann-a",
        "name:lmo": "Lübiana",
        "name:ln": "Lyublyana",
        "name:lt": "Liubliana",
        "name:lv": "Ļubļana",
        "name:mk": "Љубљана",
        "name:ml": "ലുബ്ലിയാന",
        "name:mn": "Любляна",
        "name:mr": "लियुब्लियाना",
        "name:myv": "Любляна",
        "name:nah": "Liubliana",
        "name:nl": "Ljubljana",
        "name:no": "Ljubljana",
        "name:nrm": "Liublianne",
        "name:oc": "Ljubljana",
        "name:os": "Люблянæ",
        "name:pa": "ਲਿਊਬਲਿਆਨਾ",
        "name:pl": "Lublana",
        "name:pms": "Lubian-a",
        "name:pnb": "لیوبلیانا",
        "name:ps": "لیوبلیانا",
        "name:pt": "Liubliana",
        "name:ro": "Ljubljana",
        "name:ru": "Любляна",
        "name:rue": "Любляна",
        "name:sah": "Любляна",
        "name:sc": "Lubiana",
        "name:sd": "ليوبليانا",
        "name:sgs": "Liublijana",
        "name:sk": "Ľubľana",
        "name:sl": "Ljubljana",
        "name:sq": "Lubjana",
        "name:sr": "Љубљана",
        "name:sr-Latn": "Ljubljana",
        "name:sv": "Ljubljana",
        "name:sw": "Lyublyana",
        "name:ta": "லியுப்லியானா",
        "name:tg": "Любляна",
        "name:th": "ลูบลิยานา",
        "name:tl": "Liubliana",
        "name:tr": "Lübliyana",
        "name:tt": "Любляна",
        "name:udm": "Любляна",
        "name:ug": "ليۇبليانا",
        "name:uk": "Любляна",
        "name:ur": "لیوبلیانا",
        "name:uz": "Lyublyana",
        "name:vec": "Łubiana",
        "name:vep": "Lüblän",
        "name:vi": "Ljubljana",
        "name:wo": "Jubaljana",
        "name:wuu": "卢布尔雅那",
        "name:xmf": "ლიუბლიანა",
        "name:yi": "ליובליאנא",
        "name:yue": "盧布爾雅那",
        "name:zh": "盧布爾雅那",
        "name:zh-Hans": "卢布尔雅那",
        "old_name:el": "Λάιμπαχ",
        "place": "city",
        "population": "285604",
        "postal_code": "1000",
        "source:name:br": "ofis publik ar brezhoneg",
        "source:name:oc": "Lo Congrès",
        "source:population": "https://pxweb.stat.si/SiStatData/pxweb/en/Data/-/H232S.px/",
        "website": "https://www.ljubljana.si/",
        "wikidata": "Q437",
        "wikipedia": "sl:Ljubljana"
      },
      "geometry": {
        "type": "Point",
        "coordinates": [
          14.5069289,
          46.0500268
        ]
      },
      "id": "node/6968827"
    },
    {
      "type": "Feature",
      "properties": {
        "@id": "node/13707878",
        "admin_level": "2",
        "alt_name:fi": "Köpis",
        "alt_name:gl": "Copenhague",
        "capital": "yes",
        "country": "DK",
        "ele": "24",
        "name": "København",
        "name:af": "Kopenhagen",
        "name:am": "ኮፐንሀገን",
        "name:an": "Copenaguen",
        "name:ang": "Cēapmannhæfen",
        "name:ar": "كوبنهاغن",
        "name:arc": "ܩܘܦܢܗܐܓܢ",
        "name:arz": "كوبينهاجين",
        "name:ast": "Conpenḥague",
        "name:ay": "Kobenhavn",
        "name:az": "Kopenhagen",
        "name:ba": "Копенгаген",
        "name:bat-smg": "Kuopenhaga",
        "name:be": "Капенгаген",
        "name:be-tarask": "Капэнгаген",
        "name:bg": "Копенхаген",
        "name:bi": "Copenhagen",
        "name:bn": "কোপেনহেগেন",
        "name:bo": "ཁོ་ཕེན་ཧ་ཀེན།",
        "name:br": "Kopenhagen",
        "name:bs": "Kopenhagen",
        "name:ca": "Copenhaguen",
        "name:ce": "Копенгаген",
        "name:ckb": "کۆپنھاگن",
        "name:co": "Copenaghen",
        "name:cs": "Kodaň",
        "name:csb": "Kòpenhaga",
        "name:cu": "Кобєнхавнъ",
        "name:cv": "Копенгаген",
        "name:cy": "Copenhagen",
        "name:da": "København",
        "name:de": "Kopenhagen",
        "name:diq": "Kopenhag",
        "name:ee": "Copenhagen",
        "name:el": "Κοπεγχάγη",
        "name:en": "Copenhagen",
        "name:eo": "Kopenhago",
        "name:es": "Copenhague",
        "name:et": "Kopenhaagen",
        "name:eu": "Kopenhage",
        "name:ext": "Copenagui",
        "name:fa": "کپنهاگ",
        "name:fi": "Kööpenhamina",
        "name:fo": "Keypmannahavn",
        "name:fr": "Copenhague",
        "name:frr": "Kopenhuuwen",
        "name:fy": "Kopenhagen",
        "name:ga": "Cóbanhávan",
        "name:gd": "Copenhagen",
        "name:gl": "Copenhaguen",
        "name:gn": "Kopenihage",
        "name:gsw": "Kopenhàge",
        "name:gv": "København",
        "name:ha": "Kwapanhagan",
        "name:he": "קופנהגן",
        "name:hi": "कोपनहेगन",
        "name:hif": "Copenhagen",
        "name:hr": "Kopenhagen",
        "name:ht": "Kopènag",
        "name:hu": "Koppenhága",
        "name:hy": "Կոպենհագեն",
        "name:ia": "Copenhagen",
        "name:id": "Kopenhagen",
        "name:ie": "Köbenhavn",
        "name:ilo": "Copenhagen",
        "name:io": "København",
        "name:is": "Kaupmannahöfn",
        "name:it": "Copenaghen",
        "name:ja": "コペンハーゲン",
        "name:jv": "Kopenhagen",
        "name:ka": "კოპენჰაგენი",
        "name:kab": "Kopenhagen",
        "name:kk": "Копенгаген",
        "name:kl": "København",
        "name:kn": "ಕೋಪನ್ಹಾಗೆನ್",
        "name:ko": "코펜하겐",
        "name:ku": "Kopenhag",
        "name:kv": "Копенгаген",
        "name:kw": "Kopenhavn",
        "name:ky": "Копенгаген",
        "name:la": "Hafnia",
        "name:lb": "Kopenhagen",
        "name:li": "Koupenhage",
        "name:lij": "Copenaghen",
        "name:lmo": "Cupenaghen",
        "name:lt": "Kopenhaga",
        "name:ltg": "Kopenhaga",
        "name:lv": "Kopenhāgena",
        "name:mg": "Kaopenagy",
        "name:mi": "Copenhagen",
        "name:mk": "Копенхаген",
        "name:ml": "കോപ്പൻഹേഗൻ",
        "name:mn": "Копенхаген",
        "name:mr": "कोपनहेगन",
        "name:ms": "Copenhagen",
        "name:mt": "Kopenħagen",
        "name:my": "ကိုပင်ဟေဂင်မြို့",
        "name:nah": "Copenague",
        "name:nan": "Copenhagen",
        "name:nap": "Copenaghen",
        "name:nds": "Kopenhagen",
        "name:ne": "कोपनहेगन",
        "name:nl": "Kopenhagen",
        "name:nn": "København",
        "name:no": "København",
        "name:nov": "København",
        "name:oc": "Copenaga",
        "name:os": "Копенгаген",
        "name:pa": "ਕੋਪਨਹੈਗਨ",
        "name:pl": "Kopenhaga",
        "name:pms": "Copenàghen",
        "name:pnb": "کوپن ہیگن",
        "name:ps": "کوپنهاګن",
        "name:pt": "Copenhaga",
        "name:pt-BR": "Copenhague",
        "name:qu": "København",
        "name:rm": "Copenhagen",
        "name:ro": "Copenhaga",
        "name:roa-rup": "Copenhagen",
        "name:ru": "Копенгаген",
        "name:sa": "कोपनहागन",
        "name:sah": "Копенһаген",
        "name:sc": "Copenaghen",
        "name:scn": "Copenaghen",
        "name:sco": "Copenhagen",
        "name:sd": "ڪوپن هيگن",
        "name:se": "Københápman",
        "name:simple": "Copenhagen",
        "name:sk": "Kodaň",
        "name:sl": "København",
        "name:sn": "Copenhagen",
        "name:so": "Kobanhaygan",
        "name:sq": "Kopenhageni",
        "name:sr": "Копенхаген",
        "name:st": "Copenhagen",
        "name:sv": "Köpenhamn",
        "name:sw": "Kopenhagen",
        "name:szl": "Kopynhaga",
        "name:ta": "கோபனாவன்",
        "name:te": "కోపెన్‌హాగన్",
        "name:tg": "Копенҳаген",
        "name:th": "โคเปนเฮเกน",
        "name:tl": "Copenhagen",
        "name:tr": "Kopenhag",
        "name:tt": "Копенгаген",
        "name:tzl": "Cjövnahaun",
        "name:udm": "Копенгаген",
        "name:ug": "Kopénhagén",
        "name:uk": "Копенгаген",
        "name:ur": "کوپن ہیگن",
        "name:uz": "Kopengagen",
        "name:vec": "Copenaghen",
        "name:vep": "Kopengagen",
        "name:vi": "Copenhagen",
        "name:vo": "København",
        "name:vro": "Kopõnhaagõn",
        "name:wa": "Copenhågue",
        "name:war": "Copenhagen",
        "name:wo": "Kopenagen",
        "name:xmf": "კოპენჰაგენი",
        "name:yi": "קאפנהאגן",
        "name:yo": "Copenhagen",
        "name:yue": "哥本哈根",
        "name:zh": "哥本哈根",
        "place": "city",
        "population": "613288",
        "population:date": "2018-01-01",
        "short_name": "cph;kbh",
        "source:name:br": "ofis publik ar brezhoneg",
        "source:population": "http://www.statistikbanken.dk/BY1",
        "wikidata": "Q1748",
        "wikipedia": "da:København"
      },
      "geometry": {
        "type": "Point",
        "coordinates": [
          12.5700724,
          55.6867243
        ]
      },
      "id": "node/13707878"
    },
    {
      "type": "Feature",
      "properties": {
        "@id": "node/17328659",
        "ISO3166-1:alpha2": "AT",
        "admin_level": "2",
        "alt_name:gl": "Wien",
        "alt_name:ml": "വീൻ",
        "capital": "yes",
        "capital_ISO3166-1": "yes",
        "description": "Wien ist die Hauptstadt der Republik Österreich und zugleich eines der neun österreichischen Bundesländer.",
        "name": "Wien",
        "name:ab": "Вена",
        "name:ace": "Wina",
        "name:af": "Wene",
        "name:am": "ቪየና",
        "name:an": "Viena",
        "name:ar": "فيينا",
        "name:arc": "ܒܝܝܢܐ",
        "name:arz": "فيينا",
        "name:as": "ভিয়েনা",
        "name:ast": "Viena",
        "name:av": "Вена",
        "name:az": "Vyana",
        "name:ba": "Beč",
        "name:bar": "Wean",
        "name:bat-smg": "Viena",
        "name:be": "Вена",
        "name:be-tarask": "Вена",
        "name:bg": "Виена",
        "name:bi": "Vienna",
        "name:bm": "Vienna",
        "name:bn": "ভিয়েনা",
        "name:bo": "ཝི་ཨེ་ན།",
        "name:br": "Vienna",
        "name:bs": "Beč",
        "name:ca": "Viena",
        "name:ce": "Вена",
        "name:ceb": "Vienna",
        "name:ch": "Vienna",
        "name:ckb": "ڤیێنا",
        "name:co": "Vienna",
        "name:crh": "Viyana",
        "name:cs": "Vídeň",
        "name:cu": "Вѥнъ",
        "name:cv": "Венӑ",
        "name:cy": "Fienna",
        "name:de": "Wien",
        "name:diq": "Wiyana",
        "name:ee": "Vienna",
        "name:el": "Βιέννη",
        "name:en": "Vienna",
        "name:eo": "Vieno",
        "name:es": "Viena",
        "name:et": "Viin",
        "name:eu": "Viena",
        "name:ext": "Viena",
        "name:fa": "وین",
        "name:ff": "Vienna",
        "name:fi": "Wien",
        "name:fr": "Vienne",
        "name:frp": "Vièna",
        "name:fur": "Viene",
        "name:fy": "Wenen",
        "name:ga": "Vín",
        "name:gag": "Vena",
        "name:gd": "Vienna",
        "name:gl": "Viena",
        "name:gn": "Viéna",
        "name:gv": "Veen",
        "name:ha": "Vienna",
        "name:he": "וינה",
        "name:hi": "वियना",
        "name:hif": "Vienna",
        "name:hr": "Beč",
        "name:ht": "Vyèn",
        "name:hu": "Bécs",
        "name:hy": "Վիեննա",
        "name:ia": "Vienna",
        "name:id": "Wina",
        "name:ie": "Vienna",
        "name:ilo": "Vienna",
        "name:is": "Vín",
        "name:it": "Vienna",
        "name:ja": "ウィーン",
        "name:jv": "Wina",
        "name:ka": "ვენა",
        "name:kab": "Wien",
        "name:ki": "Vienna",
        "name:kk": "Вена",
        "name:kn": "ವಿಯೆನ್ನ",
        "name:ko": "빈",
        "name:koi": "Вин",
        "name:krc": "Вена",
        "name:ku": "Viyana",
        "name:kv": "Вена",
        "name:ky": "Вена",
        "name:la": "Vindobona",
        "name:lez": "Вена",
        "name:li": "Wene",
        "name:lij": "Vienna",
        "name:lmo": "Viena",
        "name:ln": "Viɛnɛ",
        "name:lt": "Viena",
        "name:lv": "Vīne",
        "name:mg": "Vienna",
        "name:mhr": "Вена",
        "name:mi": "Whiena",
        "name:mk": "Виена",
        "name:ml": "വിയന്ന",
        "name:mn": "Вена",
        "name:mr": "व्हियेना",
        "name:mrj": "Вена",
        "name:ms": "Vienna",
        "name:mt": "Vjenna",
        "name:my": "ဗီယင်နာမြို့",
        "name:mzn": "وین",
        "name:nah": "Viena",
        "name:nds": "Wien",
        "name:nds-nl": "Wienen",
        "name:ne": "भिएना",
        "name:nl": "Wenen",
        "name:no": "Wien",
        "name:nv": "Tsinyiʼ Tóhí",
        "name:ny": "Vienna",
        "name:oc": "Viena",
        "name:or": "ଭିଏନା",
        "name:os": "Венæ",
        "name:pa": "ਵਿਆਨਾ",
        "name:pap": "Viena",
        "name:pih": "Wienna",
        "name:pl": "Wiedeń",
        "name:pms": "Vien-a",
        "name:pnb": "ویآنا",
        "name:ps": "وين",
        "name:pt": "Viena",
        "name:rm": "Vienna",
        "name:rmy": "Bech",
        "name:ro": "Viena",
        "name:roa-tara": "Vienne",
        "name:ru": "Вена",
        "name:rue": "Відень",
        "name:sah": "Вена",
        "name:sc": "Vienna",
        "name:scn": "Vienna",
        "name:sco": "Vienna",
        "name:sd": "ويانا",
        "name:sh": "Beč",
        "name:si": "වියානා",
        "name:sk": "Viedeň",
        "name:sl": "Dunaj",
        "name:sn": "Vienna",
        "name:so": "Fiyena",
        "name:sq": "Vjena",
        "name:sr": "Беч",
        "name:st": "Vienna",
        "name:sv": "Wien",
        "name:sw": "Vienna",
        "name:szl": "Wiedziyń",
        "name:ta": "வியன்னா",
        "name:te": "వియన్నా",
        "name:tg": "Вена",
        "name:th": "เวียนนา",
        "name:tk": "Wena",
        "name:tl": "Vienna",
        "name:tr": "Viyana",
        "name:tt": "Вена шәһәре",
        "name:tw": "Vienna",
        "name:tzl": "Viadna",
        "name:udm": "Вена",
        "name:ug": "Wyéna",
        "name:uk": "Відень",
        "name:ur": "ویانا",
        "name:uz": "Vena",
        "name:vec": "Viena",
        "name:vep": "Ven",
        "name:vi": "Viên",
        "name:vro": "Viin",
        "name:wa": "Wîne",
        "name:wal": "Veenaa",
        "name:war": "Vienna",
        "name:wo": "Wiyen",
        "name:wuu": "维恩纳",
        "name:xh": "EVienna",
        "name:yi": "וויען",
        "name:yo": "Vienna",
        "name:yue": "維也納",
        "name:yue-Latn": "Wai4 Jaa5 Naap6",
        "name:zh": "維也納",
        "name:zh-Hans": "维也纳",
        "name:zh-Hant": "維也納",
        "name:zh-Latn": "Wéiyěnà",
        "place": "city",
        "population": "2042036",
        "population:date": "2021-01-01",
        "source:population": "wikipedia",
        "website": "https://www.wien.gv.at/",
        "wikidata": "Q1741",
        "wikipedia": "de:Wien"
      },
      "geometry": {
        "type": "Point",
        "coordinates": [
          16.3725042,
          48.2083537
        ]
      },
      "id": "node/17328659"
    },
    {
      "type": "Feature",
      "properties": {
        "@id": "node/17807753",
        "admin_level": "2",
        "alt_name:ber": "ⴱⴰⵔⵉⵙ",
        "alt_name:vi": "Ba Lê",
        "capital": "yes",
        "capital_ISO3166-1": "yes",
        "contact:website": "http://www.paris.fr",
        "image": "https://upload.wikimedia.org/wikipedia/commons/thumb/5/51/Armoiries_de_la_ville_de_Paris_%281949%29.svg/500px-Armoiries_de_la_ville_de_Paris_%281949%29.svg.png",
        "importance": "international",
        "is_capital": "country",
        "loc_name": "Paname",
        "loc_name:fr": "Paname",
        "name": "Paris",
        "name:af": "Parys",
        "name:am": "ፓሪስ",
        "name:an": "París",
        "name:ar": "باريس",
        "name:arc": "ܦܐܪܝܣ",
        "name:arz": "باريس",
        "name:as": "পেৰিছ",
        "name:ast": "París",
        "name:av": "Париж",
        "name:ba": "Париж",
        "name:bat-smg": "Parīžios",
        "name:be": "Парыж",
        "name:be-tarask": "Парыж",
        "name:ber": "ⵍⴱⴰⵔⵉ",
        "name:bg": "Париж",
        "name:bh": "पैरिस",
        "name:bn": "প্যারিস",
        "name:bo": "ཕ་རི།",
        "name:br": "Pariz",
        "name:bs": "Pariz",
        "name:ca": "París",
        "name:cdo": "Bă-là̤",
        "name:ce": "Париж",
        "name:ckb": "پاریس",
        "name:co": "Parighji",
        "name:cs": "Paříž",
        "name:csb": "Pariz",
        "name:cu": "Парижь",
        "name:cv": "Париш",
        "name:de": "Paris",
        "name:diq": "Paris",
        "name:el": "Παρίσι",
        "name:eml": "Parì",
        "name:en": "Paris",
        "name:en:pronunciation": "ˈpæɹ.ɪs",
        "name:eo": "Parizo",
        "name:es": "París",
        "name:et": "Pariis",
        "name:eu": "Paris",
        "name:ext": "París",
        "name:fa": "پاریس",
        "name:ff": "Pari",
        "name:fi": "Pariisi",
        "name:fj": "Parisi",
        "name:fr": "Paris",
        "name:fr:pronunciation": "paʁi",
        "name:fur": "Parîs",
        "name:fy": "Parys",
        "name:ga": "Páras",
        "name:gan": "巴黎",
        "name:gd": "Parais",
        "name:gl": "París",
        "name:gn": "Parĩ",
        "name:gu": "પૅરિસ",
        "name:gv": "Paarys",
        "name:ha": "Pariis",
        "name:hak": "Pâ-lì-sṳ",
        "name:haw": "Palika",
        "name:he": "פריז",
        "name:hi": "पैरिस",
        "name:hr": "Pariz",
        "name:ht": "Pari",
        "name:hu": "Párizs",
        "name:hy": "Փարիզ",
        "name:is": "París",
        "name:it": "Parigi",
        "name:iu": "ᐱᐅᕆᔅ",
        "name:ja": "パリ",
        "name:jbo": "paris",
        "name:ka": "პარიზი",
        "name:kk": "Париж",
        "name:km": "ប៉ារីស",
        "name:kn": "ಪ್ಯಾರಿಸ್",
        "name:ko": "파리",
        "name:koi": "Париж",
        "name:krc": "Париж",
        "name:ks": "پیرِس",
        "name:ku": "Parîs",
        "name:kv": "Париж",
        "name:ky": "Париж",
        "name:la": "Lutetia",
        "name:lb": "Paräis",
        "name:lez": "Париж",
        "name:li": "Paries",
        "name:lij": "Pariggi",
        "name:ln": "Pari",
        "name:lo": "ປາຣີ",
        "name:lt": "Paryžius",
        "name:lv": "Parīze",
        "name:lzh": "巴黎",
        "name:mhr": "Париж",
        "name:mi": "Parī",
        "name:mk": "Париз",
        "name:ml": "പാരിസ്",
        "name:mn": "Парис",
        "name:mr": "पॅरिस",
        "name:mrj": "Париж",
        "name:mt": "Pariġi",
        "name:my": "ပါရီမြို့",
        "name:myv": "Париж ош",
        "name:mzn": "پاریس",
        "name:nan": "Pa-lí",
        "name:nap": "Parigge",
        "name:nds": "Paris",
        "name:nds-nl": "Paries",
        "name:ne": "पेरिस",
        "name:nl": "Parijs",
        "name:no": "Paris",
        "name:nv": "Wótʼááh Yíʼáhí",
        "name:oc": "París",
        "name:om": "Paaris",
        "name:or": "ପ୍ୟାରିସ",
        "name:os": "Париж",
        "name:pa": "ਪੈਰਿਸ",
        "name:pl": "Paryż",
        "name:pnb": "پیرس",
        "name:pronunciation": "paʁi",
        "name:ps": "پاريس",
        "name:pt": "Paris",
        "name:ro": "Paris",
        "name:roa-rup": "Parij",
        "name:roa-tara": "Parigge",
        "name:ru": "Париж",
        "name:rue": "Паріж",
        "name:sah": "Париж",
        "name:sc": "Parigi",
        "name:scn": "Pariggi",
        "name:sd": "پيرس",
        "name:sh": "Pariz",
        "name:si": "පැරිස්",
        "name:sk": "Paríž",
        "name:sl": "Pariz",
        "name:sm": "Parisi",
        "name:so": "Baariis",
        "name:sq": "Parisi",
        "name:sr": "Париз",
        "name:sv": "Paris",
        "name:szl": "Paryż",
        "name:ta": "பாரிஸ்",
        "name:te": "పారిస్",
        "name:tet": "París",
        "name:tg": "Париж",
        "name:th": "ปารีส",
        "name:tk": "Pariž",
        "name:tl": "Paris",
        "name:to": "Palesi",
        "name:tr": "Paris",
        "name:tt": "Париж",
        "name:tzl": "Parighi",
        "name:udm": "Париж",
        "name:ug": "پارىژ",
        "name:uk": "Париж",
        "name:ur": "پیرس",
        "name:uz": "Parij",
        "name:vec": "Parixe",
        "name:vep": "Pariž",
        "name:vi": "Paris",
        "name:vls": "Parys",
        "name:vro": "Pariis",
        "name:wal": "Paariise",
        "name:wo": "Pari",
        "name:xmf": "პარიზი",
        "name:yi": "פאריז",
        "name:yo": "Parisi",
        "name:yue": "巴黎",
        "name:za": "Bahliz",
        "name:zh": "巴黎",
        "name:zh-Latn-pinyin": "Bālí",
        "name:zu": "IParisi",
        "old_name": "Lutèce",
        "old_name:fr": "Lutèce",
        "old_name:vi": "Ba Lê",
        "place": "city",
        "population": "2133111",
        "population:date": "2021",
        "rank": "0",
        "ref:FR:SIREN": "217500016",
        "source:name:oc": "ieo-bdtopoc",
        "source:population": "INSEE 2024",
        "wikidata": "Q90",
        "wikipedia": "fr:Paris"
      },
      "geometry": {
        "type": "Point",
        "coordinates": [
          2.3483915,
          48.8534951
        ]
      },
      "id": "node/17807753"
    },
    {
      "type": "Feature",
      "properties": {
        "@id": "node/18477455",
        "admin_centre:4": "yes",
        "admin_level": "2",
        "capital": "yes",
        "ele": "542",
        "loc_name": "Bärn",
        "name": "Bern",
        "name:am": "ቤርን",
        "name:an": "Berna",
        "name:ar": "برن",
        "name:arc": "ܒܪܢ",
        "name:arz": "بيرن",
        "name:ast": "Berna",
        "name:av": "Берн",
        "name:azb": "برن",
        "name:ba": "Берн",
        "name:be": "Берн",
        "name:be-tarask": "Бэрн",
        "name:bg": "Берн",
        "name:bn": "বের্ন",
        "name:bo": "པེར་ནེ།",
        "name:br": "Bern",
        "name:ca": "Berna",
        "name:ce": "Берн",
        "name:ckb": "بێرن",
        "name:cs": "Bern",
        "name:cu": "Бєрнъ",
        "name:cv": "Берн",
        "name:de": "Bern",
        "name:el": "Βέρνη",
        "name:en": "Bern",
        "name:eo": "Berno",
        "name:es": "Berna",
        "name:eu": "Berna",
        "name:ext": "Berna",
        "name:fa": "برن",
        "name:fi": "Bern",
        "name:fr": "Berne",
        "name:frp": "Bèrna",
        "name:fur": "Berna",
        "name:fy": "Bern",
        "name:ga": "Beirn",
        "name:gd": "Berne",
        "name:gl": "Berna - Bern",
        "name:gsw": "Bärn",
        "name:gv": "Berne",
        "name:he": "ברן",
        "name:hi": "बर्न",
        "name:ht": "Bèn",
        "name:hu": "Bern",
        "name:hy": "Բեռն",
        "name:ia": "Berna",
        "name:ilo": "Berna",
        "name:is": "Bern",
        "name:it": "Berna",
        "name:ja": "ベルン",
        "name:ka": "ბერნი",
        "name:kab-Arab": "بيرن",
        "name:kk": "Берн",
        "name:kk-Arab": "بەرن",
        "name:kmr": "بەرن",
        "name:kn": "ಬೇರ್ನ್",
        "name:ko": "베른",
        "name:ks": "برن",
        "name:ku": "Bern",
        "name:ku-Arab": "بەرن",
        "name:la": "Berna",
        "name:lij": "Berna",
        "name:lmo": "Berna",
        "name:lrc": "برن",
        "name:lt": "Bernas",
        "name:lv": "Berne",
        "name:lzh": "伯恩",
        "name:mg": "Berna",
        "name:mk": "Берн",
        "name:ml": "ബേൺ",
        "name:mn": "Берн",
        "name:mr": "बर्न",
        "name:nah": "Berna",
        "name:nds": "Bern",
        "name:ne": "बेर्न",
        "name:nl": "Bern",
        "name:no": "Bern",
        "name:nv": "Nashkaadii Bighan",
        "name:oc": "Bèrna",
        "name:os": "Берн",
        "name:ota": "برن",
        "name:pa": "ਬਰਨ",
        "name:pdc": "Bann",
        "name:pl": "Berno",
        "name:pms": "Berna",
        "name:pnb": "برن",
        "name:ps": "برن",
        "name:pt": "Berna",
        "name:rm": "Berna",
        "name:ro": "Berna",
        "name:ru": "Берн",
        "name:sah": "Берн",
        "name:sc": "Berna",
        "name:scn": "Berna",
        "name:sd": "برن",
        "name:sk": "Bern",
        "name:sl": "Berna",
        "name:sq": "Berna",
        "name:sr": "Берн",
        "name:sv": "Bern",
        "name:ta": "பேர்ன்",
        "name:tg": "Берн",
        "name:th": "เบิร์น",
        "name:tpi": "Berne",
        "name:tr": "Bern",
        "name:tt": "Берн",
        "name:udm": "Берн",
        "name:ug": "بېرن",
        "name:uk": "Берн",
        "name:ur": "برن",
        "name:vec": "Berna",
        "name:wuu": "办合纳",
        "name:xmf": "ბერნი",
        "name:yi": "בערן",
        "name:yo": "Berne",
        "name:yue": "伯恩",
        "name:zh": "伯尔尼 / 伯恩 / 伯爾尼",
        "name:zh-Hans": "伯尔尼",
        "name:zh-Hant": "伯恩 / 伯爾尼",
        "name:zh-Hant-HK": "伯爾尼",
        "name:zh-Hant-TW": "伯恩",
        "openGeoDB:community_identification_number": "G0351",
        "openGeoDB:loc_id": "30599",
        "openGeoDB:postal_codes": "3040,3030,3024,3027,3020,3019,3018,3015,3014,3013,3012,3011,3010,3008,3007,3006,3005,3004,3003,3001,3000",
        "place": "city",
        "population": "128848",
        "source:name:oc": "ieo-bdtopoc",
        "website": "https://www.bern.ch/",
        "wikidata": "Q70",
        "wikipedia": "de:Bern"
      },
      "geometry": {
        "type": "Point",
        "coordinates": [
          7.4521749,
          46.9484742
        ]
      },
      "id": "node/18477455"
    },
    {
      "type": "Feature",
      "properties": {
        "@id": "node/20981158",
        "admin_level": "7",
        "capital": "yes",
        "capital_ISO3166-1": "yes",
        "name": "Oslo",
        "name:am": "ኦስሎ",
        "name:ar": "أوسلو",
        "name:arc": "ܐܘܣܠܘ",
        "name:ast": "Oslo",
        "name:av": "Осло",
        "name:ba": "Осло",
        "name:bat-smg": "Uoslos",
        "name:be": "Осла",
        "name:be-tarask": "Осьлё",
        "name:bg": "Осло",
        "name:bh": "ओस्लो",
        "name:bn": "অসলো",
        "name:bo": "ཨོ་སི་ལོ།",
        "name:bpy": "ওসলো",
        "name:br": "Oslo",
        "name:ca": "Oslo",
        "name:ce": "Осло",
        "name:ckb": "ئۆسلۆ",
        "name:co": "Oslu",
        "name:cu": "Осло",
        "name:cv": "Осло",
        "name:de": "Oslo",
        "name:el": "Όσλο",
        "name:en": "Oslo",
        "name:eo": "Oslo",
        "name:es": "Oslo",
        "name:fa": "اسلو",
        "name:fr": "Oslo",
        "name:ga": "Osló",
        "name:gsw": "Oslo",
        "name:gu": "ઓસ્લો",
        "name:he": "אוסלו",
        "name:hi": "ओस्लो",
        "name:hu": "Oslo",
        "name:hy": "Օսլո",
        "name:is": "Ósló",
        "name:it": "Oslo",
        "name:ja": "オスロ",
        "name:ka": "ოსლო",
        "name:kk": "Осло",
        "name:ko": "오슬로",
        "name:ku": "Oslo",
        "name:kv": "Осло",
        "name:ky": "Осло",
        "name:la": "Asloa",
        "name:lez": "Осло",
        "name:lo": "ອອສໂລ",
        "name:lt": "Oslas",
        "name:lzh": "奧斯陸",
        "name:mi": "Ōhoro",
        "name:mk": "Осло",
        "name:ml": "ഓസ്ലൊ",
        "name:mn": "Осло",
        "name:mr": "ओस्लो",
        "name:mrj": "Осло",
        "name:my": "အော့စလိုမြို့",
        "name:myv": "Осло ош",
        "name:mzn": "اسلو",
        "name:nds": "Oslo",
        "name:ne": "ओस्लो",
        "name:nl": "Oslo",
        "name:nn": "Oslo",
        "name:no": "Oslo",
        "name:nv": "Tsį́į́haltsooí",
        "name:oc": "Oslò",
        "name:os": "Осло",
        "name:pa": "ਓਸਲੋ",
        "name:pl": "Oslo",
        "name:pms": "Òslo",
        "name:pnb": "اوسلو",
        "name:ps": "اوسلو",
        "name:pt": "Oslo",
        "name:qu": "Uslu",
        "name:ro": "Oslo",
        "name:ru": "Осло",
        "name:sah": "Осло",
        "name:scn": "Oslu",
        "name:sd": "اوسلو",
        "name:sma": "Oslove",
        "name:sme": "Oslove",
        "name:smj": "Oslove",
        "name:sr": "Осло",
        "name:sv": "Oslo",
        "name:ta": "ஒஸ்லோ",
        "name:te": "ఓస్లో",
        "name:tg": "Осло",
        "name:th": "ออสโล",
        "name:tr": "Oslo",
        "name:tt": "Осло",
        "name:udm": "Осло",
        "name:ug": "ئوسلو",
        "name:uk": "Осло",
        "name:ur": "اوسلو",
        "name:yi": "אסלא",
        "name:yue": "奧斯陸",
        "name:zh": "奧斯陸",
        "name:zh-Hans": "奥斯陆",
        "old_name:1624-1924": "Christiania",
        "old_name:cs": "Kristiania",
        "old_name:en": "Christiania",
        "place": "city",
        "population": "1110887",
        "population:date": "2025-01-01",
        "ref:ssb_tettsted": "0801",
        "source:name:br": "ofis publik ar brezhoneg",
        "source:name:oc": "ieo-bdtopoc",
        "source:population": "SSB - befolkning i tettsteder",
        "wikidata": "Q585",
        "wikipedia": "en:Oslo"
      },
      "geometry": {
        "type": "Point",
        "coordinates": [
          10.7389701,
          59.9133301
        ]
      },
      "id": "node/20981158"
    },
    {
      "type": "Feature",
      "properties": {
        "@id": "node/21068295",
        "admin_level": "2",
        "alt_name:ar": "مجريط",
        "capital": "yes",
        "ele": "655",
        "is_capital": "country",
        "name": "Madrid",
        "name:ab": "Мaдрид",
        "name:am": "ማድሪድ",
        "name:an": "Madrit",
        "name:ar": "مدريد",
        "name:arc": "ܡܕܪܝܕ",
        "name:arz": "مدريد",
        "name:as": "মাদ্ৰিদ",
        "name:ba": "Мадрид",
        "name:bat-smg": "Madrids",
        "name:be": "Мадрыд",
        "name:be-tarask": "Мадрыд",
        "name:ber": "ⵎⴰⴷⵔⵉⴷ",
        "name:bg": "Мадрид",
        "name:bh": "मैड्रिड",
        "name:bn": "মাদ্রিদ",
        "name:bo": "མ་ད་རིད།",
        "name:br": "Madrid",
        "name:ca": "Madrid",
        "name:ce": "Мадрид",
        "name:ckb": "مادرید",
        "name:co": "Madridi",
        "name:cs": "Madrid",
        "name:cu": "Мадридъ",
        "name:cv": "Мадрид",
        "name:de": "Madrid",
        "name:el": "Μαδρίτη",
        "name:en": "Madrid",
        "name:eo": "Madrido",
        "name:es": "Madrid",
        "name:eu": "Madril",
        "name:ext": "Mairil",
        "name:fa": "مادرید",
        "name:fr": "Madrid",
        "name:ga": "Maidrid",
        "name:haw": "Makelika",
        "name:he": "מדריד",
        "name:hi": "मद्रिद",
        "name:hu": "Madrid",
        "name:hy": "Մադրիդ",
        "name:is": "Madrid",
        "name:it": "Madrid",
        "name:ja": "マドリード",
        "name:ka": "მადრიდი",
        "name:kab": "Madrid",
        "name:kbd": "Мадрид",
        "name:kk": "Мадрид",
        "name:kn": "ಮಾದ್ರಿದ್",
        "name:ko": "마드리드",
        "name:koi": "Мадрид",
        "name:ks": "مدرِد",
        "name:ku": "Madrîd",
        "name:kv": "Мадрид",
        "name:ky": "Мадрид",
        "name:la": "Matritum",
        "name:lez": "Мадрид",
        "name:li": "Madrid",
        "name:lo": "ມາດິດ",
        "name:lt": "Madridas",
        "name:lv": "Madride",
        "name:mhr": "Мадрид",
        "name:mk": "Мадрид",
        "name:ml": "മാദ്രിദ്",
        "name:mn": "Мадрид",
        "name:mr": "माद्रिद",
        "name:mrj": "Мадрид",
        "name:my": "မာဒရစ်မြို့",
        "name:myv": "Мадрид",
        "name:mzn": "مادرید",
        "name:nds-nl": "Medrid",
        "name:ne": "म्याड्रिड",
        "name:nl": "Madrid",
        "name:no": "Madrid",
        "name:nv": "Tó Háálį́",
        "name:oc": "Madrid",
        "name:or": "ମାଡ୍ରିଦ",
        "name:os": "Мадрид",
        "name:pa": "ਮਾਦਰੀਦ",
        "name:pl": "Madryt",
        "name:pnb": "میڈرڈ",
        "name:ps": "مادرید",
        "name:ro": "Madrid",
        "name:ru": "Мадрид",
        "name:rue": "Мадрід",
        "name:sa": "मद्रिद्",
        "name:sah": "Мадрид",
        "name:sd": "ميڊرڊ",
        "name:si": "මැඩ්රිඩ්",
        "name:sk": "Madrid",
        "name:sl": "Madrid",
        "name:sm": "Matariti",
        "name:sq": "Madridi",
        "name:sr": "Мадрид",
        "name:sv": "Madrid",
        "name:szl": "Madryt",
        "name:ta": "மத்ரித்",
        "name:te": "మాడ్రిడ్",
        "name:tet": "Madríd",
        "name:tg": "Мадрид",
        "name:th": "มาดริด",
        "name:ti": "ማድሪድ",
        "name:tr": "Madrid",
        "name:udm": "Мадрид",
        "name:uk": "Мадрид",
        "name:ur": "میڈرڈ",
        "name:wal": "Maadiride",
        "name:xmf": "მადრიდი",
        "name:yi": "מאדריד",
        "name:yue": "馬德里",
        "name:zh": "馬德里/马德里",
        "name:zh-Hans": "马德里",
        "name:zh-Hant": "馬德里",
        "name:zh-Latn-pinyin": "Mǎdélǐ",
        "old_name:ar": "مجريط",
        "place": "city",
        "population": "3477497",
        "population:date": "2025",
        "rank": "10",
        "ref:ine": "28079000101",
        "source": "Instituto Geográfico Nacional",
        "source:date": "2011-06",
        "source:ele": "MDT5",
        "source:name": "Nomenclátor Geográfico de Municipios y Entidades de Población",
        "source:name:br": "same as name",
        "source:name:oc": "Lo Congrès",
        "wikidata": "Q2807",
        "wikimedia_commons": "Category:Madrid",
        "wikipedia": "es:Madrid"
      },
      "geometry": {
        "type": "Point",
        "coordinates": [
          -3.703507,
          40.416782
        ]
      },
      "id": "node/21068295"
    },
    {
      "type": "Feature",
      "properties": {
        "@id": "node/25869410",
        "admin_level": "2",
        "alt_name:cy": "Ancara",
        "alt_name:ga": "Ancara",
        "alt_name:gl": "Ankara",
        "capital": "yes",
        "is_capital": "country",
        "name": "Ankara",
        "name:aa": "Ankara",
        "name:ab": "Анкара",
        "name:ace": "Ankara",
        "name:acy": "Ανκαρα",
        "name:ady": "Анкара",
        "name:ae": "𐬂𐬥𐬐𐬂𐬭𐬂",
        "name:af": "Ankara",
        "name:als": "Ankara",
        "name:alt": "Анкара",
        "name:am": "አንካራ",
        "name:an": "Ankara",
        "name:ang": "Ancyra",
        "name:apc": "أنقرة",
        "name:ar": "أنقرة",
        "name:arc": "ܐܢܩܪܐ",
        "name:arz": "انقره",
        "name:as": "আনকাৰা",
        "name:ast": "Ankara",
        "name:av": "Анкара",
        "name:azb": "آنکارا",
        "name:ba": "Анҡара",
        "name:bar": "Ankara",
        "name:be": "Анкара",
        "name:be-tarask": "Анкара",
        "name:ber": "ⴰⵏⵇⴰⵔⴰ",
        "name:bg": "Анкара",
        "name:bjn": "Angkara",
        "name:bn": "আঙ্কারা",
        "name:bo": "ཨན་ཁ་ར།",
        "name:br": "Ankara",
        "name:bs": "Ankara",
        "name:ca": "Ankara",
        "name:cdo": "Ăng-kā-lá",
        "name:ce": "Анкара",
        "name:chr": "ᎠᏂᎧᎳ",
        "name:ckb": "ئەنقەرە",
        "name:cnr": "Ankara",
        "name:cnr-Cyrl": "Анкара",
        "name:co": "Ankara",
        "name:cop": "ⲁⲛⲕⲁⲣⲁ",
        "name:cpg": "Άγκυρα",
        "name:crh": "Ankara",
        "name:cs": "Ankara",
        "name:csb": "Ankara",
        "name:cu": "Анкѷра",
        "name:cu-Glag": "ⰀⰐⰍⰫⰓⰀ",
        "name:cv": "Анкара",
        "name:cy": "Ankara",
        "name:da": "Ankara",
        "name:de": "Ankara",
        "name:diq": "Anqara",
        "name:dsb": "Ankara",
        "name:dv": "އަންކާރާ އެވެ",
        "name:el": "Άγκυρα",
        "name:eml": "Ankara",
        "name:en": "Ankara",
        "name:eo": "Ankaro",
        "name:es": "Ankara",
        "name:eu": "Ankara",
        "name:ext": "Anquara",
        "name:fa": "آنکارا",
        "name:fo": "Ankara",
        "name:fr": "Ankara",
        "name:frp": "Ankara",
        "name:frr": "Ankara",
        "name:fur": "Ankara",
        "name:fy": "Ankara",
        "name:ga": "Ankara",
        "name:gag": "Ankara",
        "name:gct": "Ankara",
        "name:gd": "Ankara",
        "name:gl": "Ancara",
        "name:glk": "آنکارا",
        "name:gn": "Ankára",
        "name:got": "𐌰𐌽𐌺𐌹𐍂𐌰",
        "name:grc": "Ἄγκυρα",
        "name:gsw": "Ankara",
        "name:haw": "Ankara",
        "name:he": "אנקרה",
        "name:hi": "अंकारा",
        "name:hit": "𒀭𒆪𒉿𒀸",
        "name:hr": "Ankara",
        "name:hsb": "Ankara",
        "name:hu": "Ankara",
        "name:hy": "Անկարա",
        "name:hyw": "Անգարա",
        "name:ie": "Ancara",
        "name:is": "Ankara",
        "name:it": "Ankara",
        "name:ja": "アンカラ",
        "name:ka": "ანკარა",
        "name:kaa": "Ankara",
        "name:kbd": "Анкара",
        "name:ki": "Ankara",
        "name:kiu": "Anqara",
        "name:kk": "Анкара",
        "name:kl": "Ankara",
        "name:km": "អង់ការ៉ា",
        "name:kn": "ಅಂಕಾರಾ",
        "name:ko": "앙카라",
        "name:koi": "Анкара",
        "name:ks": "انکارا",
        "name:ks-Arab": "انکارا",
        "name:ksh": "Ankara",
        "name:ku": "Enqere",
        "name:kw": "Ankara",
        "name:ky": "Анкара",
        "name:la": "Ancyra",
        "name:lad": "Ankara",
        "name:lad-Hebr": "אנקרה",
        "name:lb": "Ankara",
        "name:lbe": "Анкъара",
        "name:lez": "Анкара",
        "name:li": "Ankara",
        "name:lij": "Ankara",
        "name:lld": "Ankara",
        "name:lmo": "Ankara",
        "name:lo": "ອັງກາລາ",
        "name:mdf": "Анкара",
        "name:mhr": "Анкара",
        "name:mi": "Anakara",
        "name:mk": "Анкара",
        "name:ml": "അങ്കാറ",
        "name:mn": "Анкара",
        "name:mn-Mong": "ᠠᠨᠻᠠᠷᠠ",
        "name:mnc": "ᠠᠨ᠋᠊ᡴ᠊ᠠᡵᠠ",
        "name:mr": "अंकारा",
        "name:mrj": "Анкара",
        "name:mt": "Ankara",
        "name:mwl": "Ankara",
        "name:my": "အန်ကာရာမြို့",
        "name:mzn": "آنکارا",
        "name:nah": "Ancara",
        "name:nap": "Ankara",
        "name:nds-nl": "Ankara",
        "name:ne": "अङ्कारा",
        "name:nl": "Ankara",
        "name:nn": "Ankara",
        "name:no": "Ankara",
        "name:nrm": "Ankara",
        "name:nv": "Tséłbáí Dah Yiskʼid",
        "name:oc": "Ankara",
        "name:or": "ଅଙ୍କାର",
        "name:os": "Анкара",
        "name:ota": "آنقره",
        "name:pa": "ਅੰਕਾਰਾ",
        "name:pcd": "Ankara",
        "name:pdc": "Ankara",
        "name:peo": "𐎠𐎴𐎤𐎺𐏁",
        "name:pfl": "Ankara",
        "name:pgl": "ᚐᚅᚉᚔᚏᚐ",
        "name:pih": "Ankara",
        "name:pl": "Ankara",
        "name:pms": "Ankara",
        "name:pnb": "انکرہ",
        "name:pnt": "Άγκυρα",
        "name:prs": "انقره",
        "name:ps": "انقره",
        "name:pt": "Ancara",
        "name:rm": "Ankara",
        "name:rmy": "Ankara",
        "name:ro": "Ankara",
        "name:roa-rup": "Ancara",
        "name:roa-tara": "Ankara",
        "name:ru": "Анкара",
        "name:rue": "Анкара",
        "name:rup": "Ancara",
        "name:ruq": "Ancara",
        "name:sah": "Анкара",
        "name:sc": "Ankara",
        "name:scn": "Ankara",
        "name:sco": "Ankara",
        "name:sd": "انقره",
        "name:se": "Ankara",
        "name:sh": "Ankara",
        "name:sk": "Ankara",
        "name:sl": "Ankara",
        "name:sm": "Ankara",
        "name:smn": "Ankara",
        "name:smp": "ࠀࠟࠍࠒࠟࠓࠟࠄ",
        "name:so": "Ankara",
        "name:sq": "Ankaraja",
        "name:sqr": "أنكورية",
        "name:sr": "Анкара",
        "name:stq": "Ankara",
        "name:sv": "Ankara",
        "name:swg": "Ankara",
        "name:szl": "Ankara",
        "name:ta": "அங்காரா",
        "name:te": "అంకారా",
        "name:tet": "Ankara",
        "name:tg": "Анкара",
        "name:th": "อังการา",
        "name:ti": "ኣንካራ",
        "name:tk": "Ankara",
        "name:tl": "Ankara",
        "name:tly": "Ankara",
        "name:tpi": "Ankara",
        "name:tr": "Ankara",
        "name:tr:suffix": "Büyükşehir Belediyesi",
        "name:tsd": "Άγκυρα",
        "name:tt": "Әнкара",
        "name:ty": "Ankara",
        "name:udm": "Анкара",
        "name:ug": "ئەنقەرە",
        "name:ug-Latn": "Enqere",
        "name:uk": "Анкара",
        "name:ur": "انقرہ",
        "name:uz": "Anqara",
        "name:vec": "Angora",
        "name:vep": "Ankar",
        "name:vi": "Ankara",
        "name:vlce": "Ankara",
        "name:vls": "Ankara",
        "name:wa": "Ankara",
        "name:wae": "Ankara",
        "name:wo": "Ankara",
        "name:wuu": "安卡拉",
        "name:xal": "Анкара",
        "name:xal-Mong": "ᠠ‍ᠨ᠋‍ᡍ᠋‍ᠠ‍ᠷ‍ᠠ",
        "name:xlc": "𐊀𐊏𐊌𐊒𐊕𐊀",
        "name:xmf": "ანკარა",
        "name:yi": "אנקארא",
        "name:yue": "安卡拉",
        "name:zea": "Ankara",
        "name:zh": "安卡拉",
        "name:zza": "Anqara",
        "old_name:be": "Ангора",
        "old_name:es": "Angora",
        "place": "city",
        "population": "5864049",
        "population:date": "2025",
        "salb:id": "TUR007",
        "salb:name": "Ankara",
        "source": "Wikipedia (tr)",
        "source:name:br": "same as name",
        "source:name:oc": "Lo Congrès",
        "wikidata": "Q3640",
        "wikimedia_commons": "Category:Ankara",
        "wikipedia": "tr:Ankara"
      },
      "geometry": {
        "type": "Point",
        "coordinates": [
          32.8540497,
          39.9207759
        ]
      },
      "id": "node/25869410"
    },
    {
      "type": "Feature",
      "properties": {
        "@id": "node/25929985",
        "admin_level": "2",
        "alt_name:fit": "Tokholmi",
        "alt_name:gl": "Stockholm",
        "alt_name:he": "שטוקהולם",
        "capital": "yes",
        "name": "Stockholm",
        "name:ab": "Стокҳольм",
        "name:am": "ስቶኮልም",
        "name:an": "Estocolmo",
        "name:ang": "Stoccholm",
        "name:ar": "ستوكهولم",
        "name:arc": "ܣܛܘܩܗܘܠܡ",
        "name:arz": "ستوكهولم",
        "name:ast": "Estocolmu",
        "name:av": "Стокголм",
        "name:az": "Stokholm",
        "name:ba": "Стокгольм",
        "name:bat-smg": "Stuokhuolms",
        "name:be": "Стакгольм",
        "name:be-tarask": "Стакгольм",
        "name:bg": "Стокхолм",
        "name:bh": "स्टॉकहोम",
        "name:bm": "Stokolm",
        "name:bn": "স্টকহোম",
        "name:bo": "སི་ཏོག་ཧོ་ལིམ།",
        "name:br": "Stockholm",
        "name:ca": "Estocolm",
        "name:ce": "Стокгольм",
        "name:ckb": "ستۆکھۆڵم",
        "name:co": "Stoccolma",
        "name:cs": "Stockholm",
        "name:csb": "Sztokhòlm",
        "name:cu": "Стоколмъ",
        "name:cv": "Стокгольм",
        "name:da": "Stockholm",
        "name:de": "Stockholm",
        "name:diq": "Stokholm",
        "name:el": "Στοκχόλμη",
        "name:en": "Stockholm",
        "name:eo": "Stokholmo",
        "name:es": "Estocolmo",
        "name:et": "Stockholm",
        "name:eu": "Stockholm",
        "name:ext": "Estocolmu",
        "name:fa": "استکهلم",
        "name:fi": "Tukholma",
        "name:fit": "Stokholmi",
        "name:fj": "Sitokomi",
        "name:fo": "Stokkhólmur",
        "name:fr": "Stockholm",
        "name:fy": "Stokholm",
        "name:ga": "Stócólm",
        "name:gl": "Estocolmo",
        "name:gn": "Estocolmo",
        "name:gsw": "Stockholm",
        "name:he": "סטוקהולם",
        "name:hi": "स्टॉकहोम",
        "name:hr": "Stockholm",
        "name:ht": "Stokolm",
        "name:hu": "Stockholm",
        "name:hy": "Ստոքհոլմ",
        "name:is": "Stokkhólmur",
        "name:it": "Stoccolma",
        "name:iu": "ᔅᑑᒃᓱᓪᒻ",
        "name:ja": "ストックホルム",
        "name:ka": "სტოკჰოლმი",
        "name:kab": "Stukulm",
        "name:kk": "Стокгольм",
        "name:kn": "ಸ್ಟಾಕ್‍ಹೋಮ್",
        "name:ko": "스톡홀름",
        "name:koi": "Стёколна",
        "name:ku": "Stokholm",
        "name:kv": "Стокгольм",
        "name:la": "Holmia",
        "name:lad": "Estokolma",
        "name:lij": "Stoccolma",
        "name:lmo": "Stuculma",
        "name:lt": "Stokholmas",
        "name:lv": "Stokholma",
        "name:lzh": "斯德哥爾摩",
        "name:mdf": "Стокольма",
        "name:mhr": "Стокгольм",
        "name:mi": "Hitokahoma",
        "name:mk": "Стокхолм",
        "name:ml": "സ്റ്റോക്ക്‌ഹോം",
        "name:mn": "Стокхольм",
        "name:mr": "स्टॉकहोम",
        "name:mrj": "Стокгольм",
        "name:mt": "Stokkolma",
        "name:my": "စတော့ဟုမ်းမြို့",
        "name:myv": "Стокгольм ош",
        "name:mzn": "استکهلم",
        "name:nah": "Estocolmo",
        "name:nds": "Stockholm",
        "name:ne": "स्टकहोम",
        "name:nl": "Stockholm",
        "name:no": "Stockholm",
        "name:nv": "Tótabineʼadziihí",
        "name:oc": "Estocòlme",
        "name:os": "Стокгольм",
        "name:pa": "ਸਟਾਕਹੋਮ",
        "name:pl": "Sztokholm",
        "name:pms": "Stocòlma",
        "name:pnb": "سٹاکہوم",
        "name:ps": "سټاکهولم",
        "name:pt": "Estocolmo",
        "name:qu": "Istukulmu",
        "name:ro": "Stockholm",
        "name:ru": "Стокгольм",
        "name:sah": "Стокhольм",
        "name:sc": "Stoccolma",
        "name:sd": "اسٽاڪ هوم",
        "name:se": "Stockholbma",
        "name:sju": "Tjåsskasulla",
        "name:sk": "Štokholm",
        "name:sma": "Stuehkie",
        "name:smj": "Stockhoalmma",
        "name:smn": "Tukholma",
        "name:sq": "Stokholmi",
        "name:sr": "Стокхолм",
        "name:sv": "Stockholm",
        "name:szl": "Sztokholm",
        "name:ta": "ஸ்டாக்ஹோம்",
        "name:te": "స్టాక్‌హోమ్",
        "name:tg": "Стокҳолм",
        "name:th": "สตอกโฮล์ม",
        "name:tk": "Stokgolm",
        "name:tl": "Estokolmo",
        "name:to": "Sitokiholimi",
        "name:tr": "Stokholm",
        "name:tt": "Стокһолм",
        "name:ty": "Stockolm",
        "name:udm": "Стокгольм",
        "name:ug": "Stokgolm",
        "name:uk": "Стокгольм",
        "name:ur": "سٹاکہوم",
        "name:uz": "Stokgolm",
        "name:vec": "Stocólma",
        "name:vro": "Stokholm",
        "name:wa": "Stocom",
        "name:wo": "Stokolm",
        "name:yi": "שטאקהאלם",
        "name:yue": "斯德哥爾摩",
        "name:zh": "斯德哥爾摩",
        "name:zh-Hans": "斯德哥尔摩",
        "name:zh-Hant": "斯德哥爾摩",
        "name:zu": "IStokholmu",
        "place": "city",
        "population": "984748",
        "population:date": "2022",
        "ref:SE:pts:postort": "STOCKHOLM",
        "ref:SE:scb": "0336",
        "short_name": "Sthlm",
        "source:name:br": "ofis publik ar brezhoneg",
        "source:population": "https://citypopulation.de/en/sweden/admin/01__stockholm/",
        "wikidata": "Q1754",
        "wikipedia": "sv:Stockholm"
      },
      "geometry": {
        "type": "Point",
        "coordinates": [
          18.0710935,
          59.3251172
        ]
      },
      "id": "node/25929985"
    },
    {
      "type": "Feature",
      "properties": {
        "@id": "node/26150422",
        "admin_level": "2",
        "alt_name:af": "Kiëf",
        "alt_name:an": "Kiev",
        "alt_name:ca": "Kíev",
        "alt_name:de": "Kyjiw",
        "alt_name:en": "Kyiv",
        "alt_name:eo": "Kievo",
        "alt_name:es": "Kyiv",
        "alt_name:et": "Kõjiv",
        "alt_name:fr": "Kiev",
        "alt_name:hr": "Kijiv",
        "alt_name:it": "Kiev",
        "alt_name:ja": "キーウ",
        "alt_name:ko": "키예프",
        "alt_name:pt": "Quieve",
        "alt_name:sh": "Kijev",
        "alt_name:sv": "Kiev",
        "alt_name:tr": "Kiev",
        "alt_name:vi": "Kiev",
        "alt_name:vo": "Kiev",
        "capital": "yes",
        "ele": "179",
        "int_name": "Kyiv",
        "katotth": "UA80000000000093317",
        "koatuu": "8000000000",
        "name": "Київ",
        "name:aan": "Kyiv",
        "name:ab": "Кыив",
        "name:af": "Kyiv",
        "name:als": "Kiew",
        "name:am": "ኪየቭ",
        "name:an": "Kiev",
        "name:ang": "Cænugeard",
        "name:ar": "كييف",
        "name:arz": "كييف",
        "name:ast": "Kiev",
        "name:av": "Киев",
        "name:az": "Kiyev",
        "name:ba": "Киев",
        "name:bar": "Kiew",
        "name:bat-smg": "Kijevs",
        "name:be": "Кіеў",
        "name:be-tarask": "Кіеў",
        "name:ber": "ⴽⵢⵉⴼ",
        "name:bg": "Киев",
        "name:bh": "कीव",
        "name:bi": "Kyiv",
        "name:bn": "কিয়েভ",
        "name:bo": "ཀིབ།",
        "name:bpy": "কিয়েভ",
        "name:br": "Kyyiv",
        "name:bs": "Kijev",
        "name:bxr": "Киев",
        "name:ca": "Kíiv",
        "name:cbk-zam": "Kyiv",
        "name:ce": "Киев",
        "name:ckb": "کیێڤ",
        "name:co": "Kyiv",
        "name:crh": "Kıyiv",
        "name:cs": "Kyjev",
        "name:csb": "Kyiv",
        "name:cu": "Кꙑѥвъ",
        "name:cv": "Кийӳ",
        "name:cy": "Kyiv",
        "name:da": "Kyiv",
        "name:de": "Kiew",
        "name:dsb": "Kijew",
        "name:el": "Κίεβο",
        "name:en": "Kyiv",
        "name:eo": "Kijivo",
        "name:es": "Kiev",
        "name:et": "Kiiev",
        "name:eu": "Kiev",
        "name:ext": "Kyiv",
        "name:fa": "کی‌یف",
        "name:ff": "Kyiv",
        "name:fi": "Kiova",
        "name:fo": "Kyiv",
        "name:fr": "Kyiv",
        "name:frr": "Kyiv",
        "name:fy": "Kyiv",
        "name:ga": "Cív",
        "name:gag": "Kıyiv",
        "name:gd": "Kyiv",
        "name:gl": "Kiev",
        "name:gn": "Kiev",
        "name:gv": "Kyiv",
        "name:ha": "Kiev",
        "name:haw": "Kyiv",
        "name:he": "קייב",
        "name:hi": "कीव",
        "name:hif": "Kiev",
        "name:hr": "Kijev",
        "name:hsb": "Kijew",
        "name:ht": "Kyèv",
        "name:hu": "Kijev",
        "name:hy": "Կիև",
        "name:ia": "Kyiv",
        "name:id": "Kyiv",
        "name:ie": "Kyiv",
        "name:ilo": "Kyiv",
        "name:io": "Kyiv",
        "name:is": "Kænugarður",
        "name:it": "Kiev",
        "name:ja": "キーウ",
        "name:jbo": "kiev",
        "name:jv": "Kyiv",
        "name:ka": "კიევი",
        "name:kaa": "Kiev",
        "name:kab": "Kyiv",
        "name:kg": "Kyiv",
        "name:kk": "Киев",
        "name:kl": "Kyiv",
        "name:km": "កៀវ",
        "name:kn": "ಕೀವ್",
        "name:ko": "키이우",
        "name:koi": "Киев",
        "name:ks": "کیٖو",
        "name:ku": "Kîev",
        "name:kv": "Киев",
        "name:ky": "Киев",
        "name:la": "Kiovia",
        "name:lad": "Kyiv",
        "name:lb": "Kiew",
        "name:li": "Kiev",
        "name:lij": "Kiev",
        "name:lmo": "Kiev",
        "name:ln": "Kyjiw",
        "name:lo": "ຄີຟ",
        "name:lt": "Kijevas",
        "name:lv": "Kijiva",
        "name:mdf": "Киев",
        "name:mg": "Kyiv",
        "name:mhr": "Киев",
        "name:mi": "Kieu",
        "name:mk": "Кијив",
        "name:ml": "കിയേവ്",
        "name:mn": "Киев",
        "name:mr": "क्यीव",
        "name:mrj": "Киев",
        "name:ms": "Kiev",
        "name:mt": "Kjiv",
        "name:my": "ကီးယက်မြို့",
        "name:myv": "Киев ош",
        "name:nah": "Kiev",
        "name:nan": "Kyyiv",
        "name:nb": "Kyiv",
        "name:nds": "Kiew",
        "name:ne": "किभ",
        "name:nl": "Kyiv",
        "name:nn": "Kiev",
        "name:no": "Kyiv",
        "name:nov": "Kiyev",
        "name:nv": "Tsinaaʼeełíkʼeh",
        "name:ny": "Kyiv",
        "name:oc": "Kyiiv",
        "name:os": "Киев",
        "name:pa": "ਕੀਵ",
        "name:pap": "Kiev",
        "name:pl": "Kijów",
        "name:pms": "Kijv",
        "name:pnb": "کیف",
        "name:prefix": "місто",
        "name:ps": "کییف",
        "name:pt": "Kiev",
        "name:qu": "Kiyiw",
        "name:rm": "Kiev",
        "name:rmy": "Kiev",
        "name:ro": "Kiev",
        "name:roa-rup": "Kiev",
        "name:roa-tara": "Kiev",
        "name:ru": "Киев",
        "name:rue": "Київ",
        "name:rw": "Kyiv",
        "name:sah": "Киев",
        "name:sc": "Kiev",
        "name:scn": "Kiev",
        "name:sco": "Kiev",
        "name:sd": "ڪيف",
        "name:se": "Kiova",
        "name:sh": "Kyiv",
        "name:sk": "Kyjev",
        "name:sl": "Kijev",
        "name:sn": "Kyiv",
        "name:sq": "Kievi",
        "name:sr": "Кијев",
        "name:st": "Kyїv",
        "name:sv": "Kyjiv",
        "name:sw": "Kiev",
        "name:szl": "Kijōw",
        "name:ta": "கீவ்",
        "name:te": "క్యివ్",
        "name:tg": "Киев",
        "name:th": "เคียฟ",
        "name:tk": "Kiýew",
        "name:tl": "Kiev",
        "name:to": "Kiivi",
        "name:tr": "Kıyiv",
        "name:tt": "Киев",
        "name:tw": "Kiev",
        "name:tzl": "Kíiv",
        "name:udm": "Киев",
        "name:ug": "كىيېۋ",
        "name:uk": "Київ",
        "name:ur": "کیف",
        "name:uz": "Kiyev",
        "name:vec": "Kiev",
        "name:vep": "Kijev",
        "name:vi": "Kyiv",
        "name:vo": "Küyiv",
        "name:vro": "Kiiova",
        "name:wa": "Kiyif",
        "name:wal": "Kiyeev",
        "name:war": "Kiev",
        "name:wo": "Kiyew",
        "name:xh": "Kyiv",
        "name:xmf": "კიევი",
        "name:yi": "קיעוו",
        "name:yo": "Kiev",
        "name:yue": "基輔",
        "name:za": "Gihfuj",
        "name:zh": "基辅",
        "name:zh-Hans": "基辅",
        "name:zh-Hant": "基輔",
        "name:zu": "IKiyevi",
        "note": "rank 10",
        "official_name:de": "Kyjiw",
        "official_name:en": "Kyiv",
        "official_name:fr": "Kyïv",
        "old_name:it": "Chiovia",
        "old_name:lv": "Kijeva",
        "old_name:nl": "Kiev",
        "place": "city",
        "population": "2952301",
        "population:date": "2022-01-01",
        "source:name:br": "ofis publik ar brezhoneg",
        "source:population": "https://uk.wikipedia.org/wiki/Київ",
        "start_date": "482",
        "wikidata": "Q1899",
        "wikipedia": "uk:Київ"
      },
      "geometry": {
        "type": "Point",
        "coordinates": [
          30.5241361,
          50.4500336
        ]
      },
      "id": "node/26150422"
    },
    {
      "type": "Feature",
      "properties": {
        "@id": "node/26162465",
        "addr:country": "BY",
        "addr:postcode": "220000",
        "admin_level": "2",
        "alt_name:be": "Менск",
        "alt_name:gl": "Мінск",
        "alt_name:vi": "Minsk;Minxcơva",
        "capital": "yes",
        "capital_ISO3166-1": "yes",
        "ele": "220",
        "int_name": "Minsk",
        "is_in:country": "Belarus",
        "is_in:country_code": "BY",
        "name": "Мінск",
        "name:ab": "Минск",
        "name:af": "Minsk",
        "name:am": "ሚንስክ",
        "name:an": "Minsk",
        "name:ar": "مينسك",
        "name:ast": "Minsk",
        "name:av": "Минск",
        "name:az": "Minsk",
        "name:ba": "Минск",
        "name:bat-smg": "Minsks",
        "name:be": "Мінск",
        "name:be-tarask": "Менск",
        "name:be-tarask:word_stress": "Менск",
        "name:be:word_stress": "Мінск",
        "name:bg": "Минск",
        "name:bh": "मिंस्क",
        "name:bi": "Minsk",
        "name:bn": "মিন্‌স্ক",
        "name:bo": "མིན་སིཀ།",
        "name:br": "Minsk",
        "name:bs": "Minsk",
        "name:ca": "Minsk",
        "name:ce": "Минск",
        "name:ckb": "مینسک",
        "name:cs": "Minsk",
        "name:csb": "Mińsk",
        "name:cu": "Мѣнскъ",
        "name:cv": "Минск",
        "name:cy": "Minsk",
        "name:da": "Minsk",
        "name:de": "Minsk",
        "name:ee": "Minsk",
        "name:el": "Μινσκ",
        "name:en": "Minsk",
        "name:eo": "Minsko",
        "name:es": "Minsk",
        "name:et": "Minsk",
        "name:eu": "Minsk",
        "name:fa": "مینسک",
        "name:ff": "Minsk",
        "name:fi": "Minsk",
        "name:fo": "Minsk",
        "name:fr": "Minsk",
        "name:fy": "Minsk",
        "name:ga": "Mionsc",
        "name:gd": "Minsk",
        "name:gl": "Minsk",
        "name:gv": "Minsk",
        "name:ha": "Miniska",
        "name:he": "מינסק",
        "name:hi": "मिन्‍स्‍क",
        "name:hr": "Minsk",
        "name:ht": "Minsk",
        "name:hu": "Minszk",
        "name:hy": "Մինսկ",
        "name:ia": "Minsk",
        "name:id": "Minsk",
        "name:ie": "Minsk",
        "name:io": "Minsk",
        "name:is": "Minsk",
        "name:it": "Minsk",
        "name:ja": "ミンスク",
        "name:jbo": "misk",
        "name:jv": "Minsk",
        "name:ka": "მინსკი",
        "name:kab": "Minsk",
        "name:kk": "Минск",
        "name:kn": "ಮಿನ್ಸ್ಕ್",
        "name:ko": "민스크",
        "name:ku": "Mînsk",
        "name:kv": "Минск",
        "name:kw": "Minsk",
        "name:ky": "Минск",
        "name:la": "Minscum",
        "name:lb": "Minsk",
        "name:li": "Minsk",
        "name:ln": "Minsk",
        "name:lo": "ມິນສກ",
        "name:lt": "Minskas",
        "name:lv": "Minska",
        "name:mg": "Minsk",
        "name:mhr": "Минск",
        "name:mi": "Minsk",
        "name:mk": "Минск",
        "name:ml": "മിൻസ്ക്",
        "name:mn": "Минск",
        "name:mr": "मिन्‍स्‍क",
        "name:ms": "Minsk",
        "name:mt": "Minsk",
        "name:myv": "Минск ош",
        "name:nb": "Minsk",
        "name:nds": "Minsk",
        "name:ne": "मिन्स्क",
        "name:nl": "Minsk",
        "name:nn": "Minsk",
        "name:no": "Minsk",
        "name:nv": "Dooʼawoshii Yílį́",
        "name:oc": "Minsk",
        "name:os": "Минск",
        "name:pa": "ਮਿੰਸਕ",
        "name:pl": "Mińsk",
        "name:pnb": "منسک",
        "name:prefix": "горад",
        "name:prefix:be": "горад",
        "name:prefix:ru": "город",
        "name:ps": "مینسک",
        "name:pt": "Minsk",
        "name:qu": "Minsk",
        "name:rm": "Minsk",
        "name:ro": "Minsk",
        "name:ru": "Минск",
        "name:rue": "Мінск",
        "name:rw": "Minsk",
        "name:sah": "Минскай",
        "name:sc": "Minsk",
        "name:sd": "منسڪ",
        "name:se": "Minsk",
        "name:sk": "Minsk",
        "name:sl": "Minsk",
        "name:sn": "Minsk",
        "name:sq": "Minsku",
        "name:sr": "Минск",
        "name:sr-Latn": "Minsk",
        "name:st": "Minsk",
        "name:sv": "Minsk",
        "name:sw": "Minsk",
        "name:szl": "Mińsk",
        "name:ta": "மின்ஸ்க்",
        "name:tg": "Минск",
        "name:th": "มินสก์",
        "name:tk": "Minsk",
        "name:tl": "Minsk",
        "name:tr": "Minsk",
        "name:tt": "Минск",
        "name:tw": "Minsk",
        "name:ty": "Minsk",
        "name:udm": "Минск",
        "name:ug": "مىنىسكى",
        "name:uk": "Мінськ",
        "name:ur": "منسک",
        "name:uz": "Minsk",
        "name:vi": "Minxcơ",
        "name:vo": "Minsk",
        "name:wal": "Miniskke",
        "name:wo": "Minsk",
        "name:wuu": "明斯克",
        "name:yi": "מינסק",
        "name:yo": "Minsk",
        "name:zh": "明斯克",
        "nat_name": "Мінск",
        "old_name": "Менск",
        "old_name:be": "Менск",
        "place": "city",
        "population": "1995471",
        "population:date": "2023-01-01",
        "source:name:br": "ofis publik ar brezhoneg",
        "source:name:oc": "Lo Congrès",
        "source:population": "https://be.wikipedia.org/wiki/Мінск",
        "website": "https://minsk.gov.by/",
        "wikidata": "Q2280",
        "wikipedia": "be:Мінск"
      },
      "geometry": {
        "type": "Point",
        "coordinates": [
          27.5618225,
          53.9024716
        ]
      },
      "id": "node/26162465"
    },
    {
      "type": "Feature",
      "properties": {
        "@id": "node/26707967",
        "admin_level": "2",
        "capital": "yes",
        "designation": "valstspilsēta",
        "int_name": "Rīga",
        "name": "Rīga",
        "name:af": "Riga",
        "name:am": "ሪጋ",
        "name:an": "Riga",
        "name:ar": "ريغا",
        "name:arz": "ريجا",
        "name:ast": "Riga",
        "name:ay": "Riga",
        "name:az": "Riqa",
        "name:azb": "ریقا",
        "name:ba": "Рига",
        "name:bat-smg": "Rīga",
        "name:be": "Рыга",
        "name:be-tarask": "Рыга",
        "name:bg": "Рига",
        "name:bi": "Riga",
        "name:bn": "রিগা",
        "name:bo": "རི་ག",
        "name:br": "Riga",
        "name:bs": "Riga",
        "name:ca": "Riga",
        "name:ce": "Рига",
        "name:ckb": "ڕیگا",
        "name:cs": "Riga",
        "name:cu": "Рига",
        "name:cv": "Ӗрика",
        "name:cy": "Riga",
        "name:da": "Riga",
        "name:de": "Riga",
        "name:ee": "Riga",
        "name:el": "Ρίγα",
        "name:en": "Riga",
        "name:eo": "Rigo",
        "name:es": "Riga",
        "name:et": "Riia",
        "name:eu": "Riga",
        "name:fa": "ریگا",
        "name:fi": "Riika",
        "name:fo": "Riga",
        "name:fr": "Riga",
        "name:fy": "Riga",
        "name:ga": "Ríge",
        "name:gd": "Riga",
        "name:gl": "Riga",
        "name:grc": "Ῥῖγα",
        "name:gv": "Rīga",
        "name:ha": "Riga",
        "name:he": "ריגה",
        "name:hi": "रीगा",
        "name:hr": "Riga",
        "name:ht": "Riga",
        "name:hu": "Riga",
        "name:hy": "Ռիգա",
        "name:ia": "Riga",
        "name:id": "Riga",
        "name:ie": "Riga",
        "name:io": "Riga",
        "name:is": "Ríga",
        "name:it": "Riga",
        "name:ja": "リガ",
        "name:jv": "Riga",
        "name:ka": "რიგა",
        "name:kab": "Riga",
        "name:kk": "Рига",
        "name:kl": "Riga",
        "name:ko": "리가",
        "name:koi": "Рига",
        "name:ku": "Rîga",
        "name:kv": "Рига",
        "name:kw": "Rīga",
        "name:ky": "Рига",
        "name:la": "Riga",
        "name:lb": "Rīga",
        "name:lez": "Рига",
        "name:lg": "Riga",
        "name:li": "Riga",
        "name:liv": "Rīgõ",
        "name:ln": "Riga",
        "name:lt": "Ryga",
        "name:ltg": "Reiga",
        "name:lv": "Rīga",
        "name:mdf": "Рига",
        "name:mg": "Riga",
        "name:mhr": "Рига",
        "name:mi": "Riga",
        "name:mk": "Рига",
        "name:ml": "റീഗ",
        "name:mn": "Рига",
        "name:mr": "रिगा",
        "name:mrj": "Рига",
        "name:ms": "Riga",
        "name:mt": "Riga",
        "name:my": "ရီဂါမြို့",
        "name:na": "Riga",
        "name:nah": "Rīga",
        "name:nb": "Riga",
        "name:nds": "Riga",
        "name:nl": "Riga",
        "name:nn": "Riga",
        "name:no": "Riga",
        "name:nv": "Wiiga",
        "name:oc": "Riga",
        "name:os": "Ригæ",
        "name:pa": "ਰੀਗਾ",
        "name:pih": "Riigaa",
        "name:pl": "Ryga",
        "name:pnb": "ریگا",
        "name:ps": "ریګا",
        "name:pt": "Riga",
        "name:qu": "Riga",
        "name:rm": "Riga",
        "name:ro": "Riga",
        "name:ru": "Рига",
        "name:rue": "Ріґа",
        "name:rw": "Riga",
        "name:sah": "Рига",
        "name:sc": "Riga",
        "name:sd": "ريگا",
        "name:se": "Riga",
        "name:sk": "Riga",
        "name:sl": "Riga",
        "name:sn": "Riga",
        "name:sq": "Riga",
        "name:sr": "Рига",
        "name:st": "Riga",
        "name:sv": "Riga",
        "name:sw": "Riga",
        "name:szl": "Ryga",
        "name:ta": "ரீகா",
        "name:tg": "Рига",
        "name:th": "รีกา",
        "name:tk": "Riga",
        "name:tl": "Riga",
        "name:tr": "Riga",
        "name:tt": "Рига",
        "name:tw": "Riga",
        "name:udm": "Рига",
        "name:ug": "رىگا",
        "name:uk": "Рига",
        "name:ur": "ریگا",
        "name:uz": "Riga",
        "name:vep": "Rig",
        "name:vi": "Riga",
        "name:vo": "Rīga",
        "name:vro": "Riia",
        "name:wo": "Riga",
        "name:yi": "ריגע",
        "name:yo": "Riga",
        "name:zh": "里加",
        "name:zh-Hans": "里加",
        "name:zh-Hant": "裏加",
        "name:zu": "IRiga",
        "place": "city",
        "population": "588911",
        "population:date": "2026",
        "ref:LV:VDB": "29779",
        "source:population": "CSP",
        "wikidata": "Q1773",
        "wikipedia": "lv:Rīga"
      },
      "geometry": {
        "type": "Point",
        "coordinates": [
          24.1051846,
          56.9493977
        ]
      },
      "id": "node/26707967"
    },
    {
      "type": "Feature",
      "properties": {
        "@id": "node/27193093",
        "admin_level": "2",
        "alt_name": "Vilna",
        "alt_name:be": "Вільнюс",
        "alt_name:de": "Wilna",
        "capital": "yes",
        "capital_ISO3166-1": "yes",
        "ele": "148",
        "int_name": "Vilnius",
        "name": "Vilnius",
        "name:ab": "Вилниус",
        "name:am": "ቪልኒውስ",
        "name:an": "Vilna",
        "name:ar": "فيلنيوس",
        "name:arz": "فيلنيوس",
        "name:ast": "Vilnius",
        "name:av": "Вильнюс",
        "name:ay": "Wilñus",
        "name:az": "Vilnüs",
        "name:ba": "Вильнюс",
        "name:bat-smg": "Vėlnios",
        "name:be": "Вільня",
        "name:be-tarask": "Вільня",
        "name:bg": "Вилнюс",
        "name:bn": "ভিলনিউস",
        "name:bo": "ལྦེ་ནི་སུ་ནི།",
        "name:br": "Vilnius",
        "name:ca": "Vílnius",
        "name:ce": "Вильнюс",
        "name:ckb": "ڤیلنیوس",
        "name:crh": "Vilnüs",
        "name:cs": "Vilnius",
        "name:csb": "Wilna",
        "name:cu": "Вилн҄ь",
        "name:cv": "Вилнӳс",
        "name:diq": "Vilniyus",
        "name:el": "Βίλνιους",
        "name:en": "Vilnius",
        "name:eo": "Vilno",
        "name:es": "Vilna",
        "name:eu": "Vilnius",
        "name:fa": "ویلنیوس",
        "name:fi": "Vilna",
        "name:fr": "Vilnius",
        "name:fy": "Vilnjûs",
        "name:ga": "Vilnias",
        "name:gag": "Vilnüs",
        "name:he": "וילנה",
        "name:hi": "विल्नुस",
        "name:hr": "Vilnius",
        "name:ht": "Vilnis",
        "name:hu": "Vilnius",
        "name:hy": "Վիլնյուս",
        "name:is": "Vilníus",
        "name:it": "Vilnius",
        "name:iu": "ᕕᓪᓂᐅᔅ",
        "name:iu-Latn": "vilnius",
        "name:ja": "ヴィリニュス",
        "name:ka": "ვილნიუსი",
        "name:kk": "Вильнюс",
        "name:ko": "빌뉴스",
        "name:ku": "Vîlnûs",
        "name:kv": "Вильнюс",
        "name:ky": "Вильнюс",
        "name:la": "Vilna",
        "name:lad": "Vilna",
        "name:ln": "Wilna",
        "name:lrc": "ویلینوس",
        "name:lt": "Vilnius",
        "name:ltg": "Viļne",
        "name:lv": "Viļņa",
        "name:mdf": "Вильнюс",
        "name:mhr": "Вильнюс",
        "name:mk": "Вилнус",
        "name:ml": "വിൽനുസ്",
        "name:mn": "Вильнюс",
        "name:mo": "Вильнюс",
        "name:mr": "व्हिल्नियस",
        "name:mrj": "Вильнюс",
        "name:myv": "Вильнюс",
        "name:nds": "Wilne",
        "name:nl": "Vilnius",
        "name:no": "Vilnius",
        "name:nv": "Tó Doolkʼoolí",
        "name:oc": "Vílnius",
        "name:os": "Вильнюс",
        "name:pa": "ਵਿਲਨਸ",
        "name:pl": "Wilno",
        "name:pnb": "ولنیس",
        "name:ps": "ویلنیوس",
        "name:ro": "Vilnius",
        "name:ru": "Вильнюс",
        "name:sa": "विल्नियस्",
        "name:sah": "Вильнюс",
        "name:sc": "Vìlnius",
        "name:sd": "ولنيئس",
        "name:sk": "Vilnius",
        "name:sl": "Vilna",
        "name:sq": "Vilniusi",
        "name:sr": "Вилњус",
        "name:sv": "Vilnius",
        "name:szl": "Wilno",
        "name:ta": "வில்னியஸ்",
        "name:tg": "Вилнюс",
        "name:th": "วิลนีอุส",
        "name:tl": "Vilna",
        "name:tr": "Vilnius",
        "name:udm": "Вильнюс",
        "name:uk": "Вільнюс",
        "name:ur": "ولنیس",
        "name:uz": "Vilnyus",
        "name:vec": "Vilna",
        "name:vep": "Vil'nüs",
        "name:wo": "Wilniyus",
        "name:yi": "ווילנע",
        "name:yo": "Filnius",
        "name:yue": "維爾紐斯",
        "name:zh": "维尔纽斯",
        "name:zh-Hans": "维尔纽斯",
        "name:zh-Hant": "維爾紐斯",
        "name:zu": "IVilnyusi",
        "old_name:de": "Wilna",
        "old_name:en": "Vilna",
        "old_name:hr": "Vilna",
        "old_name:it": "Vilna",
        "old_name:sk": "Vilno",
        "place": "city",
        "population": "581475",
        "population:date": "2023",
        "website": "https://vilnius.lt/",
        "wikidata": "Q216",
        "wikipedia": "lt:Vilnius"
      },
      "geometry": {
        "type": "Point",
        "coordinates": [
          25.2829111,
          54.6870458
        ]
      },
      "id": "node/27193093"
    },
    {
      "type": "Feature",
      "properties": {
        "@id": "node/27564968",
        "admin_level": "2",
        "alt_name": "Tunis",
        "alt_name:ar": "تونس العاصمة",
        "alt_name:es": "Túnez La Capital",
        "capital": "yes",
        "ele": "4",
        "name": "تونس",
        "name:ace": "Tunisia",
        "name:af": "Tunisië",
        "name:als": "Tunesien",
        "name:am": "ቱኒስ",
        "name:an": "Túniz",
        "name:ang": "Tunisia",
        "name:ar": "تونس",
        "name:arc": "ܬܘܢܣ",
        "name:arz": "تونس",
        "name:ast": "Túnez",
        "name:az": "Tunis",
        "name:ba": "Тунис",
        "name:bat-smg": "Tonėsos",
        "name:bcl": "Tunisya",
        "name:be": "Туніс",
        "name:be-tarask": "Туніс",
        "name:ber": "ⵜⵓⵏⴻⵙ",
        "name:bg": "Тунис",
        "name:bjn": "Tunisia",
        "name:bm": "Tunizi",
        "name:bn": "তিউনিসিয়া",
        "name:bo": "ཊུ་ནིསི།",
        "name:bpy": "তিউনিসিয়া",
        "name:br": "Tuniz",
        "name:bs": "Tunis",
        "name:bxr": "Тунис",
        "name:ca": "Tunísia",
        "name:ce": "Тунис",
        "name:ceb": "Tunisia",
        "name:chr": "ᏚᏂᏏ",
        "name:ckb": "شاری تونس",
        "name:crh": "Tunis",
        "name:cs": "Tunis",
        "name:cv": "Тунис",
        "name:cy": "Tunisia",
        "name:da": "Tunis",
        "name:de": "Tunis",
        "name:diq": "Tunıs",
        "name:dv": "ތޫނިސް",
        "name:ee": "Tunisia",
        "name:el": "Τύνιδα",
        "name:en": "Tunis",
        "name:eo": "Tunizo",
        "name:es": "Túnez",
        "name:et": "Tunis",
        "name:eu": "Tunis",
        "name:ext": "Túnis",
        "name:fa": "تونس",
        "name:fi": "Tunis",
        "name:fo": "Tunesia",
        "name:fr": "Tunis",
        "name:frp": "Tunisie",
        "name:fy": "Tuneezje",
        "name:ga": "Túinis",
        "name:gag": "Tunis",
        "name:gd": "Tuinisia",
        "name:gl": "Tunes",
        "name:grc": "Τύνις",
        "name:gu": "ટ્યુનિશિયા",
        "name:gv": "Yn Tooneesh",
        "name:ha": "Tunis",
        "name:haw": "Tunisia",
        "name:he": "תוניס",
        "name:hi": "ट्यूनिस",
        "name:hif": "Tunisia",
        "name:hr": "Tunis",
        "name:hsb": "Tuneziska",
        "name:ht": "Tinis",
        "name:hu": "Tunisz",
        "name:hy": "Թունիս",
        "name:ia": "Tunis",
        "name:id": "Tunisia",
        "name:ie": "Tunisia",
        "name:ilo": "Tunisia",
        "name:io": "Tunizia",
        "name:is": "Túnis",
        "name:it": "Tunisi",
        "name:ja": "チュニス",
        "name:jv": "Tunisia",
        "name:ka": "ტუნისი",
        "name:kab": "Tunes tamaneɣt",
        "name:kg": "Tunisia",
        "name:kk": "Тунис",
        "name:kn": "ಟುನೀಶಿಯ",
        "name:ko": "튀니스",
        "name:ku": "Tûnis",
        "name:kw": "Tunisi",
        "name:ky": "Тунис шаары",
        "name:la": "Tunes",
        "name:lad": "Tunesia",
        "name:lb": "Tunesien",
        "name:li": "Tunesië",
        "name:lij": "Tunixia",
        "name:lmo": "Tünis",
        "name:ln": "Tunisia",
        "name:lt": "Tunisas",
        "name:lv": "Tunisa",
        "name:mdf": "Тунис",
        "name:mg": "Tonizia",
        "name:mk": "Тунис",
        "name:ml": "ടൂണിസ്സ്",
        "name:mn": "Тунис",
        "name:mr": "ट्युनिस",
        "name:mrj": "Тунис",
        "name:ms": "Tunisia",
        "name:mt": "Tuneżija",
        "name:my": "တူနီးရှားနိုင်ငံ",
        "name:mzn": "تونس",
        "name:nah": "Tunez",
        "name:nan": "Tunisia",
        "name:nb": "Tunis",
        "name:nds": "Tunesien",
        "name:ne": "ट्युनिस",
        "name:new": "ट्युनिसिया",
        "name:nl": "Tunis",
        "name:nn": "Tunisia",
        "name:no": "Tunisia",
        "name:nov": "Tunisia",
        "name:nso": "Tunisia",
        "name:oc": "Tunisia",
        "name:or": "ଟ୍ୟୁନିସିଆ",
        "name:os": "Тунис",
        "name:pa": "ਤੁਨੀਸੀਆ",
        "name:pam": "Tunisia",
        "name:pap": "Tunesia",
        "name:pl": "Tunis",
        "name:pms": "Tùnis",
        "name:pnb": "ٹیونس نگر",
        "name:pnt": "Τυνησίαν",
        "name:ps": "تونس",
        "name:pt": "Tunes",
        "name:qu": "Tunisya",
        "name:rm": "Tunesia",
        "name:ro": "Tunisia",
        "name:ru": "Тунис",
        "name:rw": "Tunisiya",
        "name:sa": "टुनिशिया",
        "name:sah": "Тунис",
        "name:sc": "Tunisia",
        "name:scn": "Tùnisi",
        "name:sco": "Tunisie",
        "name:sd": "تيونس شهر",
        "name:se": "Tunisia",
        "name:sg": "Tunizïi",
        "name:sh": "Tunis",
        "name:sk": "Tunis",
        "name:sl": "Tunizija",
        "name:sn": "Tunisia",
        "name:so": "Tunisiya",
        "name:sq": "Tunizia",
        "name:sr": "Тунис",
        "name:ss": "IThunisiya",
        "name:stq": "Tunesien",
        "name:su": "Tunisia",
        "name:sv": "Tunis",
        "name:sw": "Tunisia",
        "name:syc": "ܬܘܢܣ",
        "name:szl": "Tůnezyjo",
        "name:ta": "தூனிஸ்",
        "name:te": "ట్యునీషియా",
        "name:tg": "Тунис",
        "name:th": "ตูนิส",
        "name:ti": "ቱኒዢያ",
        "name:tk": "Tunis",
        "name:tl": "Tunisya",
        "name:tr": "Tunus",
        "name:ts": "Tunisia",
        "name:tt": "Тунис",
        "name:tw": "Tunis",
        "name:udm": "Тунис",
        "name:ug": "تۇنىس شەھىرى",
        "name:uk": "Туніс",
        "name:ur": "تونس",
        "name:uz": "Tunis",
        "name:vec": "Túnixi",
        "name:vi": "Tunis",
        "name:vo": "Tunis",
        "name:vro": "Tuneesiä",
        "name:wa": "Tunizeye",
        "name:wal": "Tuuniis",
        "name:war": "Tunisia",
        "name:wo": "Tiniisi",
        "name:wuu": "突尼斯市",
        "name:xal": "Тунисин Орн",
        "name:yi": "טוניסיע",
        "name:yo": "Tùnísíà",
        "name:yue": "突尼西亞",
        "name:zh": "突尼斯",
        "name:zu": "ITunisia",
        "official_name": "Tunis",
        "official_name:ar": "مدينة تونس",
        "official_name:es": "Ciudad de Túnez",
        "official_name:ur": "تونس شہر",
        "place": "city",
        "population": "728453",
        "source:population": "wikipedia",
        "wikidata": "Q3572",
        "wikimedia_commons": "Category:Tunis",
        "wikipedia": "en:Tunis"
      },
      "geometry": {
        "type": "Point",
        "coordinates": [
          10.1857757,
          36.8002068
        ]
      },
      "id": "node/27564968"
    },
    {
      "type": "Feature",
      "properties": {
        "@id": "node/29787492",
        "admin_level": "2",
        "capital": "yes",
        "capital_ISO3166-1": "yes",
        "is_in:country": "Estonia",
        "is_in:country_code": "EE",
        "name": "Tallinn",
        "name:ab": "Таллин",
        "name:am": "ታሊን",
        "name:ar": "تالين",
        "name:arz": "تالين",
        "name:ast": "Tallín",
        "name:ay": "Tallin",
        "name:az": "Tallin",
        "name:ba": "Таллинн",
        "name:bat-smg": "Talins",
        "name:be": "Талін",
        "name:be-tarask": "Талін",
        "name:bg": "Талин",
        "name:bm": "Talin",
        "name:bn": "তাল্লিন",
        "name:bo": "ཏཱལ་་ལིན།",
        "name:br": "Tallinn",
        "name:ca": "Tallinn",
        "name:ce": "Таллин",
        "name:ckb": "تاڵین",
        "name:cu": "Талинъ",
        "name:cv": "Таллин",
        "name:de": "Tallinn",
        "name:diq": "Talin",
        "name:el": "Ταλίν",
        "name:en": "Tallinn",
        "name:eo": "Talino",
        "name:es": "Tallin",
        "name:et": "Tallinn",
        "name:fa": "تالین",
        "name:fi": "Tallinna",
        "name:fr": "Tallinn",
        "name:fy": "Tallin",
        "name:ga": "Taillinn",
        "name:gl": "Talín - Tallinn",
        "name:gn": "Talin",
        "name:he": "טאלין",
        "name:hi": "ताल्लिन",
        "name:hr": "Talin",
        "name:ht": "Talin",
        "name:hu": "Tallin",
        "name:hy": "Տալլին",
        "name:is": "Tallinn",
        "name:it": "Tallinn",
        "name:ja": "タリン",
        "name:ka": "ტალინი",
        "name:kk": "Таллин",
        "name:ko": "탈린",
        "name:koi": "Таллинн",
        "name:kv": "Таллинн",
        "name:ky": "Таллин",
        "name:la": "Castrum Danorum",
        "name:lad": "Tallin",
        "name:lo": "ຕາລິນ",
        "name:lt": "Talinas",
        "name:ltg": "Talins",
        "name:lv": "Tallina",
        "name:mdf": "Таллинн",
        "name:mhr": "Таллинн",
        "name:mk": "Талин",
        "name:ml": "ടാലിൻ",
        "name:mn": "Таллин",
        "name:mr": "तालिन",
        "name:mrj": "Таллинн",
        "name:myv": "Таллин ош",
        "name:mzn": "تالین",
        "name:nah": "Tallin",
        "name:nds": "Revel",
        "name:nl": "Tallinn",
        "name:no": "Tallinn",
        "name:oc": "Tallinn",
        "name:os": "Таллин",
        "name:pa": "ਤਾਲਿਨ",
        "name:pl": "Tallinn",
        "name:pms": "Tallin",
        "name:pnb": "ٹالن",
        "name:ps": "تالین",
        "name:ro": "Tallinn",
        "name:ru": "Таллин",
        "name:sah": "Таллинн",
        "name:scn": "Tallin",
        "name:sd": "تالن",
        "name:sh": "Talin",
        "name:sk": "Tallinn",
        "name:sl": "Talin",
        "name:sq": "Talini",
        "name:sr": "Талин",
        "name:sv": "Tallinn",
        "name:ta": "தாலின்",
        "name:tg": "Таллин",
        "name:th": "ทาลลินน์",
        "name:tk": "Tallin",
        "name:tl": "Tallin",
        "name:to": "Talini",
        "name:tpi": "Talin",
        "name:tt": "Таллинн",
        "name:udm": "Таллин",
        "name:ug": "تاللىن",
        "name:uk": "Таллінн",
        "name:ur": "ٹالن",
        "name:uz": "Tallin",
        "name:vro": "Talliin",
        "name:wo": "Talin",
        "name:yi": "טאלין",
        "name:yue": "塔林",
        "name:zh": "塔林",
        "name:zh-Hans": "塔林",
        "old_name:de": "Reval",
        "old_name:hr": "Revel",
        "old_name:la": "Revalia",
        "old_name:sv": "Reval",
        "place": "city",
        "population": "462120",
        "population:date": "2023-11",
        "source:name:br": "ofis publik ar brezhoneg",
        "source:name:oc": "Lo Congrès",
        "source:population": "Rahvastikuregister",
        "start_date:old_name:la": "before 1532",
        "wikidata": "Q1770",
        "wikipedia": "et:Tallinn"
      },
      "geometry": {
        "type": "Point",
        "coordinates": [
          24.7572693,
          59.437242
        ]
      },
      "id": "node/29787492"
    },
    {
      "type": "Feature",
      "properties": {
        "@id": "node/52943358",
        "admin_level": "2",
        "alt_name:la": "Luxemburgum",
        "capital": "yes",
        "capital_ISO3166-1": "yes",
        "name": "Luxembourg",
        "name:ace": "Luksèmburg",
        "name:af": "Luxemburg",
        "name:als": "Luxemburg",
        "name:am": "ሉክሰምበርግ",
        "name:an": "Luxemburgo",
        "name:ang": "Letseburg",
        "name:ar": "لوكسمبورغ",
        "name:arc": "ܠܘܟܣܡܒܘܪܓ",
        "name:arz": "لوكسيمبورج",
        "name:ast": "Luxemburgu",
        "name:av": "Люксембург",
        "name:az": "Lüksemburq",
        "name:ba": "Люксембург",
        "name:bar": "Luxmburg",
        "name:bat-smg": "Lioksembōrgs",
        "name:bcl": "Luhemburgo",
        "name:be": "Люксембург",
        "name:be-tarask": "Люксэмбург",
        "name:bg": "Люксембург",
        "name:bi": "Luxembourg",
        "name:bn": "লুক্সেমবুর্গ",
        "name:bo": "ལུ་སེམ་བའུརག",
        "name:bpy": "লুক্সেমবুর্গ",
        "name:br": "Luksembourg",
        "name:bs": "Luxembourg",
        "name:bxr": "Люксембург",
        "name:ca": "Luxemburg",
        "name:cdo": "Lù-sĕng-bō̤",
        "name:ce": "Люксембург",
        "name:ceb": "Luksemburgo",
        "name:ckb": "لوکسەمبورگ",
        "name:co": "Lussemburgu",
        "name:crh": "Lüksemburg",
        "name:cs": "Lucemburk",
        "name:csb": "Luksembùrg",
        "name:cu": "Люѯємбоургъ",
        "name:cv": "Люксембург",
        "name:cy": "Lwcsembwrg",
        "name:da": "Luxembourg",
        "name:de": "Luxemburg",
        "name:diq": "Luksemburg",
        "name:dsb": "Luxemburgska",
        "name:ee": "Luxembourg",
        "name:el": "Λουξεμβούργο",
        "name:eml": "Lussembûrgh",
        "name:en": "Luxembourg",
        "name:eo": "Luksemburgo",
        "name:es": "Luxemburgo",
        "name:et": "Luxembourg",
        "name:eu": "Luxenburgo",
        "name:ext": "Lussembulgu",
        "name:fa": "لوکزامبورگ",
        "name:fi": "Luxemburg",
        "name:fo": "Luksemburg",
        "name:fr": "Luxembourg",
        "name:frp": "Luxembôrg",
        "name:frr": "Luxemborj",
        "name:fur": "Lussemburc",
        "name:fy": "Lúksemboarch",
        "name:ga": "Lucsamburg",
        "name:gag": "Lüksemburg",
        "name:gd": "Lucsamburg",
        "name:gl": "Luxemburgo",
        "name:gn": "Luxemburgo",
        "name:gu": "લક્ઝેમ્બર્ગ",
        "name:gv": "Lucsemburg",
        "name:ha": "Luxembourg",
        "name:hak": "Lù-sêm-pó",
        "name:haw": "Lukemapuka",
        "name:he": "לוקסמבורג",
        "name:hi": "लक्ज़मबर्ग",
        "name:hif": "Luxembourg",
        "name:hr": "Luksemburg",
        "name:hsb": "Luxemburgska",
        "name:ht": "Liksanbou",
        "name:hu": "Luxembourg",
        "name:hy": "Լյուքսեմբուրգ",
        "name:ia": "Luxemburg",
        "name:id": "Luksemburg",
        "name:ie": "Luxemburgia",
        "name:ilo": "Luxembourg",
        "name:io": "Luxemburgia",
        "name:is": "Lúxemborg",
        "name:it": "Lussemburgo",
        "name:ja": "ルクセンブルク",
        "name:jbo": "lEtsyburg",
        "name:jv": "Luksemburg",
        "name:ka": "ლუქსემბურგი",
        "name:kaa": "Lyuksemburg",
        "name:kab": "Luxembourg",
        "name:kbd": "Луксембург",
        "name:kg": "Luxembourg",
        "name:kk": "Люксембург",
        "name:kl": "Luxembourg",
        "name:kn": "ಲುಕ್ಸೆಂಬೂರ್ಗ್",
        "name:ko": "룩셈부르크",
        "name:koi": "Лецебург",
        "name:krc": "Люксембург",
        "name:ksh": "Luxemburg",
        "name:ku": "Lûksembûrg",
        "name:kv": "Люксембург",
        "name:kw": "Lushaborg",
        "name:ky": "Люксембург",
        "name:la": "Luxemburgum",
        "name:lad": "Luksemburgo",
        "name:lb": "Lëtzebuerg",
        "name:lez": "Люксембург",
        "name:li": "Luxembörg",
        "name:lij": "Luxemburgo",
        "name:lmo": "Lüssemburgh",
        "name:ln": "Luksamburg",
        "name:lt": "Liuksemburgas",
        "name:ltg": "Luksemburga",
        "name:lv": "Luksemburga",
        "name:lzh": "盧森堡",
        "name:mdf": "Люксембур",
        "name:mg": "Loksemborga",
        "name:mhr": "Люксембург",
        "name:mi": "Rakapuō",
        "name:mk": "Луксембург",
        "name:ml": "ലക്സംബർഗ്",
        "name:mn": "Люксембург",
        "name:mr": "लक्झेंबर्ग",
        "name:ms": "Luxembourg",
        "name:mt": "Lussemburgu",
        "name:my": "လူဇင်ဘတ်နိုင်ငံ",
        "name:mzn": "لوکزامبورگ",
        "name:na": "Ruketemburg",
        "name:nah": "Luxemburgo",
        "name:nan": "Luxembourg",
        "name:nb": "Luxembourg",
        "name:nds": "Luxemborg",
        "name:nds-nl": "Luxemburg",
        "name:ne": "लक्जेम्बर्ग",
        "name:new": "लक्जेम्बर्ग",
        "name:nl": "Luxemburg",
        "name:nn": "Luxembourg",
        "name:no": "Luxembourg",
        "name:nov": "Luxembourg",
        "name:nrm": "Luxembourg",
        "name:nv": "Látsębooʼ",
        "name:oc": "Luxemborg",
        "name:or": "ଲକ୍ସମବର୍ଗ",
        "name:os": "Люксембург",
        "name:pa": "ਲਕਸਮਬਰਗ",
        "name:pam": "Luxemburgo",
        "name:pap": "Luxembourg",
        "name:pcd": "Lussimbourk",
        "name:pdc": "Luxemburg",
        "name:pfl": "Lugsebursch",
        "name:pih": "Luksemborg",
        "name:pl": "Luksemburg",
        "name:pms": "Lussemborgh",
        "name:pnb": "لکسمبرگ",
        "name:pnt": "Λουξεμβούργο",
        "name:ps": "لوګزامبورګ",
        "name:pt": "Luxemburgo",
        "name:qu": "Luksimbur",
        "name:rm": "Luxemburg",
        "name:rmy": "Luksemburgo",
        "name:ro": "Luxemburg",
        "name:roa-tara": "Lussemburghe",
        "name:ru": "Люксембург",
        "name:rue": "Луксембурьско",
        "name:rw": "Lugizamburu",
        "name:sa": "लक्सम्बर्ग",
        "name:sah": "Лүксембург",
        "name:sc": "Lussemburgu",
        "name:scn": "Lussimburgu",
        "name:sco": "Luxembourg",
        "name:se": "Luxemburg",
        "name:sh": "Luksemburg",
        "name:simple": "Luxembourg",
        "name:sk": "Luxemburg",
        "name:sl": "Luksemburg",
        "name:sn": "Luxembourg",
        "name:so": "Luksemburg",
        "name:sq": "Luksemburgu",
        "name:sr": "Луксембург",
        "name:srn": "Luksemburgkondre",
        "name:ss": "Lusembogu",
        "name:stq": "Luxembuurich",
        "name:su": "Luksemburg",
        "name:sv": "Luxemburg",
        "name:sw": "Luxemburg",
        "name:szl": "Luksymburg",
        "name:ta": "லக்சம்பர்க்",
        "name:tet": "Luxemburgu",
        "name:tg": "Люксембург",
        "name:th": "ลักเซมเบิร์ก",
        "name:tk": "Lýuksemburg",
        "name:tl": "Luxembourg",
        "name:tr": "Lüksemburg",
        "name:tt": "Люксембург",
        "name:udm": "Люксембург",
        "name:ug": "ليۇكسېمبۇرگ شەھىرى",
        "name:uk": "Люксембург",
        "name:ur": "لکسمبرگ",
        "name:uz": "Luksemburg",
        "name:vec": "Lusenburgo",
        "name:vep": "Lüksemburg",
        "name:vi": "Luxembourg",
        "name:vls": "Luxemburg",
        "name:vo": "Luxämburgän",
        "name:vro": "Luxembourg",
        "name:wa": "Lussimbork",
        "name:war": "Luxemburgo",
        "name:wo": "Luksambuur",
        "name:wuu": "卢森堡",
        "name:xal": "Лүксин Балһсна Нутг",
        "name:xmf": "ლუქსემბურგი",
        "name:yi": "לוקסעמבורג",
        "name:yo": "Luxembourg",
        "name:yue": "盧森堡",
        "name:zea": "Luxemburg",
        "name:zh": "卢森堡 / 盧森堡",
        "name:zh-Hans": "卢森堡",
        "name:zh-Hant": "盧森堡",
        "place": "city",
        "population": "122273",
        "population:date": "2020-01-03",
        "source:population": "https://data.public.lu/fr/datasets/population-par-localite-population-per-locality",
        "wikidata": "Q1842",
        "wikimedia_commons": "Category:Luxembourg City",
        "wikipedia": "lb:Lëtzebuerg (Stad)"
      },
      "geometry": {
        "type": "Point",
        "coordinates": [
          6.129799,
          49.6112768
        ]
      },
      "id": "node/52943358"
    },
    {
      "type": "Feature",
      "properties": {
        "@id": "node/60571493",
        "admin_level": "2",
        "capital": "yes",
        "ele": "131",
        "int_name": "Beograd",
        "name": "Београд",
        "name:ab": "Белград",
        "name:ace": "Belgrade",
        "name:af": "Belgrado",
        "name:am": "በልግራድ",
        "name:an": "Belgrado",
        "name:ar": "بلغراد",
        "name:ast": "Belgráu",
        "name:av": "Белград",
        "name:az": "Belqrad",
        "name:ba": "Белград",
        "name:bat-smg": "Belgrads",
        "name:be": "Бялград",
        "name:be-tarask": "Бялград",
        "name:bg": "Белград",
        "name:bn": "বেলগ্রেড",
        "name:bo": "བེལ་གེ་རེ་ཌི།",
        "name:br": "Beograd",
        "name:bs": "Beograd",
        "name:ca": "Belgrad",
        "name:ce": "Белград",
        "name:ckb": "بێلگراد",
        "name:cnr": "Beograd",
        "name:cnr-Cyrl": "Београд",
        "name:co": "Belgradu",
        "name:cs": "Bělehrad",
        "name:cu": "Бѣлъ Градъ",
        "name:cv": "Белград",
        "name:cy": "Beograd",
        "name:da": "Beograd",
        "name:de": "Belgrad",
        "name:dsb": "Běłogrod",
        "name:el": "Βελιγράδι",
        "name:en": "Belgrade",
        "name:eo": "Beogrado",
        "name:es": "Belgrado",
        "name:et": "Belgrad",
        "name:eu": "Belgrad",
        "name:ext": "Belgradu",
        "name:fa": "بلگراد",
        "name:fi": "Belgrad",
        "name:fo": "Beograd",
        "name:fr": "Belgrade",
        "name:frp": "Bèlgrade",
        "name:fy": "Belgrado",
        "name:ga": "Béalgrád",
        "name:gd": "Belgrade",
        "name:gl": "Belgrado",
        "name:gn": "Belyrat",
        "name:gv": "Belgraaid",
        "name:ha": "Belgrade",
        "name:he": "בלגרד",
        "name:hi": "बॅलग्रेड",
        "name:hif": "Belgrade",
        "name:hr": "Beograd",
        "name:hsb": "Běłohród",
        "name:ht": "Bèlgrad",
        "name:hu": "Belgrád",
        "name:hy": "Բելգրադ",
        "name:ia": "Belgrad",
        "name:id": "Beograd",
        "name:ie": "Beograd",
        "name:io": "Belgrade",
        "name:is": "Belgrad",
        "name:it": "Belgrado",
        "name:ja": "ベオグラード",
        "name:jbo": "be'ograd",
        "name:jv": "Beograd",
        "name:ka": "ბელგრადი",
        "name:kab": "Belgrad",
        "name:kk": "Белград",
        "name:kn": "ಬೆಲ್ಗ್ರಾದ್",
        "name:ko": "베오그라드",
        "name:ku": "Belgrad",
        "name:kv": "Белград",
        "name:kw": "Beograd",
        "name:ky": "Белград",
        "name:la": "Belogradum",
        "name:lad": "Belogrado",
        "name:lb": "Belgrad",
        "name:li": "Belgrado",
        "name:lij": "Belgraddo",
        "name:ln": "Belgrad",
        "name:lo": "ແບນເກຣດ",
        "name:lt": "Belgradas",
        "name:lv": "Belgrada",
        "name:mg": "Belgrade",
        "name:mi": "Belgrade",
        "name:mk": "Белград",
        "name:ml": "ബെൽഗ്രേഡ്",
        "name:mn": "Белград",
        "name:mr": "बेलग्रेड",
        "name:ms": "Belgrade",
        "name:mt": "Belgrad",
        "name:nan": "Belgrade",
        "name:nb": "Beograd",
        "name:nl": "Belgrado",
        "name:nn": "Beograd",
        "name:no": "Beograd",
        "name:nov": "Beograd",
        "name:nv": "Bineʼ Naʼadziʼiiłgaaí",
        "name:oc": "Belgrad",
        "name:os": "Белград",
        "name:pa": "ਬੈਲਗ੍ਰਾਦ",
        "name:pap": "Belgrado",
        "name:pl": "Belgrad",
        "name:pnb": "بلغراد",
        "name:ps": "بلګراډ",
        "name:pt": "Belgrado",
        "name:qu": "Beograd",
        "name:rm": "Belgrad",
        "name:ro": "Belgrad",
        "name:roa-rup": "Biligrad",
        "name:ru": "Белград",
        "name:sah": "Белград",
        "name:sc": "Belgrado",
        "name:scn": "Belgradu",
        "name:sco": "Belgrade",
        "name:se": "Belgrad",
        "name:sh": "Beograd",
        "name:sk": "Belehrad",
        "name:sl": "Beograd",
        "name:sm": "Belgrade",
        "name:sn": "Belgrade",
        "name:so": "Belgaraad",
        "name:sq": "Beogradi",
        "name:sr": "Београд",
        "name:sr-Latn": "Beograd",
        "name:st": "Beograd",
        "name:sv": "Belgrad",
        "name:sw": "Belgrad",
        "name:ta": "பெல்கிறேட்",
        "name:te": "బెల్‌గ్రేడ్",
        "name:tg": "Белград",
        "name:th": "เบลเกรด",
        "name:tk": "Belgrad",
        "name:tl": "Belgrade",
        "name:tr": "Belgrad",
        "name:tt": "Белград",
        "name:tw": "Belgrade",
        "name:ty": "Beograd",
        "name:udm": "Белград",
        "name:ug": "بېلگراد",
        "name:uk": "Белґрад",
        "name:ur": "بلغراد",
        "name:uz": "Belgrad",
        "name:vec": "Belgrado",
        "name:vi": "Beograd",
        "name:vo": "Beograd",
        "name:wal": "Belgiraade",
        "name:war": "Belgrade",
        "name:wo": "Belgrad",
        "name:wuu": "贝尔格莱德",
        "name:yi": "בעלגראד",
        "name:yo": "Belgrade",
        "name:yue": "貝爾格萊德",
        "name:zh": "贝尔格莱德/貝爾格勒/貝爾格萊德",
        "name:zh-Hans": "贝尔格莱德",
        "name:zh-Hant": "貝爾格勒/貝爾格萊德",
        "name:zh-Hant-CN": "貝爾格萊德",
        "name:zh-Hant-HK": "貝爾格萊德",
        "name:zh-Hant-TW": "貝爾格勒",
        "old_name:de": "Griechisch Weißenburg",
        "old_name:el": "Σιγγιδουνον",
        "old_name:hr": "Biograd na Dunavu",
        "old_name:hu": "Nándorfehérvár",
        "old_name:la": "Singidunum",
        "place": "city",
        "population": "1197714",
        "population:date": "2022-09-30",
        "postal_code": "11000",
        "ref:LOCODE": "RSBEG",
        "source:population": "RZS 2022",
        "wikidata": "Q3711",
        "wikipedia": "sr:Београд"
      },
      "geometry": {
        "type": "Point",
        "coordinates": [
          20.4568974,
          44.8178131
        ]
      },
      "id": "node/60571493"
    },
    {
      "type": "Feature",
      "properties": {
        "@id": "node/72959652",
        "admin_level": "2",
        "alt_name:br": "Rom",
        "alt_name:vi": "La Mã",
        "capital": "yes",
        "capital_ISO3166-1": "yes",
        "ele": "21",
        "gfoss_id": "5002",
        "is_capital": "country",
        "name": "Roma",
        "name:ab": "Рим",
        "name:ace": "Roma",
        "name:af": "Rome",
        "name:am": "ሮማ",
        "name:an": "Roma",
        "name:ang": "Rōm",
        "name:ar": "روما",
        "name:arc": "ܪܗܘܡܐ",
        "name:arz": "روما",
        "name:ast": "Roma",
        "name:av": "Рум",
        "name:ay": "Roma",
        "name:az": "Roma",
        "name:ba": "Рим",
        "name:bat-smg": "Ruoma",
        "name:bcl": "Roma",
        "name:be": "Рым",
        "name:be-tarask": "Рым",
        "name:bg": "Рим",
        "name:bh": "रोम",
        "name:bi": "Rome",
        "name:bm": "Rome",
        "name:bn": "রোম",
        "name:bo": "རོ་མ།",
        "name:br": "Roma",
        "name:bs": "Rim",
        "name:ca": "Roma",
        "name:cbk-zam": "Roma",
        "name:ce": "Рум",
        "name:ceb": "Roma",
        "name:chy": "Roma",
        "name:cim": "Ruam",
        "name:ckb": "ڕۆم",
        "name:co": "Roma",
        "name:cr": "ᖌᒪ",
        "name:crh": "Roma",
        "name:cs": "Řím",
        "name:csb": "Rzim",
        "name:cu": "Римъ",
        "name:cv": "Рим",
        "name:cy": "Rhufain",
        "name:da": "Rom",
        "name:de": "Rom",
        "name:diq": "Roma",
        "name:ee": "Rome",
        "name:el": "Ρώμη",
        "name:eml": "Råmma",
        "name:en": "Rome",
        "name:eo": "Romo",
        "name:es": "Roma",
        "name:et": "Rooma",
        "name:eu": "Erroma",
        "name:ext": "Roma",
        "name:fa": "رم",
        "name:ff": "Rom",
        "name:fi": "Rooma",
        "name:fj": "Rome",
        "name:fo": "Róm",
        "name:fr": "Rome",
        "name:frp": "Roma",
        "name:fur": "Rome",
        "name:fy": "Rome",
        "name:ga": "An Róimh",
        "name:gag": "Roma",
        "name:gan": "羅馬",
        "name:gd": "An Ròimh",
        "name:gl": "Roma",
        "name:gn": "Róma",
        "name:gv": "Yn Raue",
        "name:ha": "Rum",
        "name:he": "רומא",
        "name:hi": "रोम",
        "name:hif": "Rome",
        "name:hr": "Rim",
        "name:ht": "Ròm",
        "name:hu": "Róma",
        "name:hy": "Հռոմ",
        "name:ia": "Roma",
        "name:id": "Roma",
        "name:ie": "Roma",
        "name:ilo": "Roma",
        "name:io": "Roma",
        "name:is": "Róm",
        "name:it": "Roma",
        "name:iu": "ᕉᒥ",
        "name:ja": "ローマ",
        "name:jbo": "romas",
        "name:jv": "Roma",
        "name:ka": "რომი",
        "name:kaa": "Rome",
        "name:kk": "Рим",
        "name:kl": "Roma",
        "name:km": "ទីក្រុងរ៉ូម",
        "name:kn": "ರೋಮ",
        "name:ko": "로마",
        "name:krc": "Рим",
        "name:ks": "روم",
        "name:ku": "Roma",
        "name:kv": "Рим",
        "name:kw": "Rom",
        "name:ky": "Рим",
        "name:la": "Roma",
        "name:lad": "Roma",
        "name:lb": "Roum",
        "name:lez": "Рим",
        "name:lg": "Rome",
        "name:li": "Roeme",
        "name:lij": "Romma",
        "name:lmo": "Roma",
        "name:ln": "Roma",
        "name:lo": "ໂຣມ",
        "name:lt": "Roma",
        "name:lv": "Roma",
        "name:lzh": "羅馬",
        "name:mdf": "Рим",
        "name:mg": "Roma",
        "name:mhr": "Рим",
        "name:mi": "Rōma",
        "name:mk": "Рим",
        "name:ml": "റോമ",
        "name:mn": "Ром",
        "name:mr": "रोम",
        "name:ms": "Rom",
        "name:mt": "Ruma",
        "name:mwl": "Roma",
        "name:my": "ရောမမြို့",
        "name:na": "Roma",
        "name:nah": "Roma",
        "name:nan": "Lô-má",
        "name:nap": "Romma",
        "name:nds": "Rom",
        "name:nds-nl": "Rome",
        "name:ne": "रोम",
        "name:nl": "Rome",
        "name:nn": "Roma",
        "name:no": "Roma",
        "name:nov": "Roma",
        "name:nrm": "Rome",
        "name:ny": "Rome",
        "name:oc": "Roma",
        "name:or": "ରୋମ",
        "name:os": "Ром",
        "name:pa": "ਰੋਮ",
        "name:pap": "Roma",
        "name:pcd": "Rome",
        "name:pl": "Rzym",
        "name:pms": "Roma",
        "name:pnb": "روم",
        "name:pnt": "Ρώμη",
        "name:ps": "روم",
        "name:pt": "Roma",
        "name:qu": "Roma",
        "name:rm": "Roma",
        "name:rn": "Roma",
        "name:ro": "Roma",
        "name:roa-rup": "Roma",
        "name:roa-tara": "Rome",
        "name:ru": "Рим",
        "name:rue": "Рим",
        "name:rw": "Roma",
        "name:sa": "रोमा",
        "name:sah": "Ром",
        "name:sc": "Roma",
        "name:scn": "Roma",
        "name:sco": "Roum",
        "name:sd": "روم",
        "name:se": "Roma",
        "name:sg": "Rome",
        "name:sh": "Rim",
        "name:si": "රෝමය",
        "name:sk": "Rím",
        "name:sl": "Rim",
        "name:sn": "Rome",
        "name:so": "Roma",
        "name:sq": "Roma",
        "name:sr": "Рим",
        "name:stq": "Room",
        "name:su": "Roma",
        "name:sv": "Rom",
        "name:sw": "Roma",
        "name:szl": "Rzim",
        "name:ta": "உரோமை நகரம்",
        "name:te": "రోమ్",
        "name:tg": "Рим",
        "name:th": "โรม",
        "name:tk": "Rim",
        "name:tl": "Roma",
        "name:tr": "Roma",
        "name:tt": "Рим",
        "name:ty": "Roma",
        "name:udm": "Рим",
        "name:ug": "Rim",
        "name:uk": "Рим",
        "name:ur": "روم",
        "name:uz": "Rim",
        "name:ve": "Rome",
        "name:vec": "Roma",
        "name:vep": "Rim",
        "name:vi": "Rô-ma",
        "name:vls": "Rome",
        "name:vo": "Roma",
        "name:vro": "Rooma",
        "name:wa": "Rome",
        "name:wal": "Roomaa",
        "name:war": "Roma",
        "name:wo": "Rom",
        "name:wuu": "罗马",
        "name:xh": "ERoma",
        "name:xmf": "რომი",
        "name:yi": "רוים",
        "name:yo": "Rómù",
        "name:yue": "羅馬",
        "name:zh": "羅馬/罗马",
        "name:zh-Hans": "罗马",
        "name:zh-Hant": "羅馬",
        "name:zh-Latn-pinyin": "Luómǎ",
        "place": "city",
        "population": "2744540",
        "postal_code": "00100",
        "rank": "0",
        "source:population": "31.04.2026, https://demo.istat.it/app/?i=D7B",
        "website": "https://www.comune.roma.it/",
        "wikidata": "Q220",
        "wikimedia_commons": "Category:Rome",
        "wikipedia": "it:Roma"
      },
      "geometry": {
        "type": "Point",
        "coordinates": [
          12.4829321,
          41.8933203
        ]
      },
      "id": "node/72959652"
    },
    {
      "type": "Feature",
      "properties": {
        "@id": "node/85788293",
        "ISO3166-2": "HU-BU",
        "admin_level": "2",
        "capital": "yes",
        "capital_ISO3166-1": "yes",
        "ele": "102",
        "ksh_ref": "13578",
        "name": "Budapest",
        "name:ace": "Budapèst",
        "name:af": "Boedapest",
        "name:am": "ቡዳፔስት",
        "name:ar": "بودابست",
        "name:arz": "بودابست",
        "name:ast": "Budapest",
        "name:av": "Будапешт",
        "name:az": "Budapeşt",
        "name:azb": "بوداپست",
        "name:ba": "Будапешт",
        "name:bat-smg": "Budapešts",
        "name:be": "Будапешт",
        "name:be-tarask": "Будапэшт",
        "name:bg": "Будапеща",
        "name:bn": "বুদাপেস্ট",
        "name:bo": "བུ་ད་ཕེ་སིད།",
        "name:br": "Budapest",
        "name:bs": "Budimpešta",
        "name:ca": "Budapest",
        "name:ce": "Будапешт",
        "name:ckb": "بوداپێست",
        "name:crh": "Budapeşt",
        "name:cs": "Budapešť",
        "name:csb": "Bùdapeszt",
        "name:cu": "Боудапєщь",
        "name:cv": "Будапешт",
        "name:de": "Budapest",
        "name:diq": "Budapeşt",
        "name:el": "Βουδαπέστη",
        "name:en": "Budapest",
        "name:eo": "Budapeŝto",
        "name:es": "Budapest",
        "name:fa": "بوداپست",
        "name:fr": "Budapest",
        "name:frp": "Budapèst",
        "name:fy": "Boedapest",
        "name:ga": "Búdaipeist",
        "name:gag": "Budapeşt",
        "name:grc": "Βουδαπέστη",
        "name:gu": "બુડાપેસ્ટ",
        "name:he": "בודפשט",
        "name:hi": "बुडापेस्ट",
        "name:hr": "Budimpešta",
        "name:ht": "Boudapès",
        "name:hu": "Budapest",
        "name:hy": "Բուդապեշտ",
        "name:hyw": "Պուտափեսթ",
        "name:is": "Búdapest",
        "name:it": "Budapest",
        "name:ja": "ブダペスト",
        "name:ka": "ბუდაპეშტი",
        "name:kk": "Будапешт",
        "name:kn": "ಬುಡಾಪೆಸ್ಟ್",
        "name:ko": "부다페스트",
        "name:koi": "Будапешт",
        "name:krc": "Будапешт",
        "name:ku": "Budapeşt",
        "name:kv": "Будапешт",
        "name:ky": "Будапешт",
        "name:la": "Budapestinum",
        "name:li": "Boedapes",
        "name:lt": "Budapeštas",
        "name:lv": "Budapešta",
        "name:mdf": "Будапешт",
        "name:mhr": "Будапешт",
        "name:mk": "Будимпешта",
        "name:ml": "ബുഡാപെസ്റ്റ്",
        "name:mn": "Будапешт",
        "name:mr": "बुडापेस्ट",
        "name:mrj": "Будапешт",
        "name:my": "ဗူးဒပက်မြို့",
        "name:myv": "Будапешт ош",
        "name:ne": "बुडापेस्ट",
        "name:nl": "Boedapest",
        "name:no": "Budapest",
        "name:nov": "Budapesht",
        "name:nv": "Naaki Bineʼ Naʼadziʼii",
        "name:oc": "Budapèst",
        "name:or": "ବୁଦାପେଷ୍ଟ",
        "name:os": "Будапешт",
        "name:pa": "ਬੁਦਾਪੈਸਤ",
        "name:pdc": "Budapescht",
        "name:pl": "Budapeszt",
        "name:pms": "Bùdapest",
        "name:pnb": "بوداپست",
        "name:pnt": "Βουδαπέστη",
        "name:ps": "بوډاپسټ",
        "name:pt": "Budapeste",
        "name:ro": "Budapesta",
        "name:ru": "Будапешт",
        "name:sa": "बुद्धप्रस्थ",
        "name:sah": "Будапешт",
        "name:sd": "بوڊاپيسٽ",
        "name:sh": "Budimpešta",
        "name:sk": "Budapešť",
        "name:sl": "Budimpešta",
        "name:sn": "Bhudhapesti",
        "name:sq": "Budapesti",
        "name:sr": "Будимпешта",
        "name:sv": "Budapest",
        "name:szl": "Budapeszt",
        "name:ta": "புடாபெஸ்ட்",
        "name:te": "బుడాపెస్ట్",
        "name:tg": "Будапешт",
        "name:th": "บูดาเปสต์",
        "name:tr": "Budapeşte",
        "name:tt": "Будапешт",
        "name:tw": "Budapεst",
        "name:udm": "Будапешт",
        "name:ug": "Budapésht",
        "name:uk": "Будапешт",
        "name:ur": "بوداپست",
        "name:uz": "Budapesht",
        "name:vep": "Budapešt",
        "name:wa": "Budapesse",
        "name:wal": "Budaapestte",
        "name:yi": "בודאפעשט",
        "name:yue": "布達佩斯",
        "name:zea": "Boedapest",
        "name:zh": "布達佩斯",
        "name:zh-Hans": "布达佩斯",
        "name:zh-Hant": "布達佩斯",
        "place": "city",
        "place:hu": "főváros",
        "population": "1686222",
        "population:date": "2024-01-01",
        "postal_code": "1000",
        "source:name:br": "ofis publik ar brezhoneg",
        "source:population": "KSH (www.ksh.hu)",
        "source:population:date": "2024-01-01",
        "wikidata": "Q1781",
        "wikimedia_commons": "Category:Budapest",
        "wikipedia": "hu:Budapest"
      },
      "geometry": {
        "type": "Point",
        "coordinates": [
          19.0402383,
          47.4978789
        ]
      },
      "id": "node/85788293"
    },
    {
      "type": "Feature",
      "properties": {
        "@id": "node/96209423",
        "ISO3166-2": "RO-B",
        "admin_level": "2",
        "alt_name:gl": "Bucureşti",
        "capital": "yes",
        "ele": "55.8",
        "name": "București",
        "name:ace": "Bucharèst",
        "name:af": "Boekarest",
        "name:am": "ቡካረስት",
        "name:an": "Bucarest",
        "name:ar": "بوخارست",
        "name:arz": "بوخارست",
        "name:ast": "Bucarest",
        "name:ay": "Bukuresti",
        "name:az": "Buxarest",
        "name:ba": "Бухарест",
        "name:bat-smg": "Bukarėštos",
        "name:be": "Бухарэст",
        "name:be-tarask": "Бухарэст",
        "name:bg": "Букурещ",
        "name:bn": "বুখারেস্ট",
        "name:bo": "པུ་ཁ་རེ་སིད།",
        "name:br": "Bukarest",
        "name:bs": "Bukurešt",
        "name:ca": "Bucarest",
        "name:ce": "Бухарест",
        "name:ckb": "بوخارێست",
        "name:co": "Bucarest",
        "name:crh": "Bükreș",
        "name:cs": "Bukurešť",
        "name:csb": "Bùkareszt",
        "name:cu": "Боукоурєщь",
        "name:cv": "Бухарест",
        "name:cy": "Bucureşti",
        "name:da": "Bukarest",
        "name:de": "Bukarest",
        "name:diq": "Bukreș",
        "name:ee": "Bucharest",
        "name:el": "Βουκουρέστι",
        "name:en": "Bucharest",
        "name:eo": "Bukareŝto",
        "name:es": "Bucarest",
        "name:et": "Bukarest",
        "name:eu": "Bukarest",
        "name:ext": "Bucarest",
        "name:fa": "بخارست",
        "name:ff": "Bucharest",
        "name:fi": "Bukarest",
        "name:fo": "Bukarest",
        "name:fr": "Bucarest",
        "name:frp": "Bucarèst",
        "name:fy": "Bûkarest",
        "name:ga": "Búcairist",
        "name:gd": "Bucharest",
        "name:gl": "Bucarest",
        "name:gn": "Mbukaréte",
        "name:gv": "Bucharest",
        "name:ha": "Bukarest",
        "name:he": "בוקרשט",
        "name:hi": "बुखारेस्ट",
        "name:hif": "Bucharest",
        "name:hr": "Bukurešt",
        "name:ht": "Boukarès",
        "name:hu": "Bukarest",
        "name:hy": "Բուխարեստ",
        "name:ia": "Bucarest",
        "name:id": "Bukares",
        "name:ie": "Bucarest",
        "name:io": "Bucarest",
        "name:is": "Búkarest",
        "name:it": "Bucarest",
        "name:ja": "ブカレスト",
        "name:jv": "Bukarès",
        "name:ka": "ბუქარესტი",
        "name:kab": "Bukarest",
        "name:kk": "Бухарест",
        "name:kn": "ಬುಕುರೆಶ್ತಿ",
        "name:ko": "부쿠레슈티",
        "name:ku": "Bûkareşt",
        "name:kv": "Бухарест",
        "name:ky": "Бухарест",
        "name:la": "Bucaresta",
        "name:lad": "Bukureshti",
        "name:lb": "Bukarest",
        "name:li": "Boekares",
        "name:lij": "Bucarest",
        "name:lmo": "Bucarest",
        "name:ln": "Bukaresti",
        "name:lt": "Bukareštas",
        "name:lv": "Bukareste",
        "name:mg": "Bucharest",
        "name:mi": "Bucharest",
        "name:mk": "Букурешт",
        "name:ml": "ബുക്കാറെസ്റ്റ്",
        "name:mn": "Бухарест",
        "name:mr": "बुखारेस्ट",
        "name:ms": "Bucharest",
        "name:mt": "Bukarest",
        "name:my": "ဗူးခရက်မြို့",
        "name:na": "Bucuresti",
        "name:nan": "Bucharest",
        "name:nap": "Bucarest",
        "name:ne": "बुखारेस्ट",
        "name:nl": "Boekarest",
        "name:nn": "Bucureşti",
        "name:no": "București",
        "name:nov": "Bukareshti",
        "name:nv": "Chéchʼiltó",
        "name:oc": "Bucarèst",
        "name:os": "Бухарест",
        "name:pa": "ਬੁਖ਼ਾਰੈਸਟ",
        "name:pl": "Bukareszt",
        "name:pms": "Bùcarest",
        "name:pnb": "بخارسٹ",
        "name:ps": "بخارست",
        "name:pt": "Bucareste",
        "name:qu": "Bukuresti",
        "name:rm": "Bucarest",
        "name:rmy": "Bukureshti",
        "name:ro": "București",
        "name:roa-rup": "Bucureshci",
        "name:roa-tara": "Bucarest",
        "name:ru": "Бухарест",
        "name:sah": "Бухарест",
        "name:sc": "Bucarest",
        "name:scn": "Bucarest",
        "name:sco": "Bucharest",
        "name:sd": "بخاريسٽ",
        "name:sh": "Bukurešt",
        "name:simple": "Bucharest",
        "name:sk": "Bukurešť",
        "name:sl": "Bukarešta",
        "name:so": "Buqarest",
        "name:sq": "Bukureshti",
        "name:sr": "Букурешт",
        "name:st": "Bucharest",
        "name:sv": "Bukarest",
        "name:sw": "Bukarest",
        "name:szl": "Bukareszt",
        "name:ta": "புக்கரெஸ்ட்",
        "name:tet": "Bukareste",
        "name:tg": "Бухарест",
        "name:th": "บูคาเรสต์",
        "name:tk": "Buharest",
        "name:tl": "Bucharest",
        "name:tpi": "Busares",
        "name:tr": "Bükreş",
        "name:tt": "Бухарест",
        "name:tw": "Bukarest",
        "name:udm": "Бухарест",
        "name:ug": "بۇخارېست",
        "name:uk": "Бухарест",
        "name:ur": "بخارسٹ",
        "name:uz": "Buxarest",
        "name:vec": "Bùcarest",
        "name:vep": "Buharest",
        "name:vi": "Bucharest",
        "name:vo": "Bucureşti",
        "name:wa": "Bucaresse",
        "name:wal": "Bukaarestte",
        "name:war": "Bucharest",
        "name:wo": "Bukarest",
        "name:yi": "בוקארעשט",
        "name:yo": "Bucharest",
        "name:zh": "布加勒斯特",
        "name:zh-Hans": "布加勒斯特",
        "name:zh-Hant": "布加勒斯特",
        "place": "city",
        "population": "1883425",
        "siruta:code": "179132",
        "source:name:br": "ofis publik ar brezhoneg",
        "website": "https://www.bucuresti.ro/",
        "wikidata": "Q19660",
        "wikipedia": "ro:București"
      },
      "geometry": {
        "type": "Point",
        "coordinates": [
          26.102684,
          44.4361414
        ]
      },
      "id": "node/96209423"
    },
    {
      "type": "Feature",
      "properties": {
        "@id": "node/123860883",
        "admin_level": "2",
        "alt_name:pa": "ਪਾਡਗੋਰੀਸਾ",
        "alt_name:tr": "Burguriçe",
        "capital": "yes",
        "ele": "48",
        "gnadmin": "ME",
        "gnfeature": "P",
        "gnfeaturec": "PPL",
        "name": "Podgorica",
        "name:am": "ፖድጎሪጻ",
        "name:ar": "بودغوريتسا",
        "name:ast": "Podgorica",
        "name:av": "Подгорица",
        "name:az": "Podqoritsa",
        "name:ba": "Подгорица",
        "name:ban": "Podgorisa",
        "name:be": "Падгорыца",
        "name:be-tarask": "Падгорыца",
        "name:bg": "Подгорица",
        "name:bn": "পোদগোরিচা",
        "name:ca": "Podgorica",
        "name:ce": "Подгорица",
        "name:ckb": "پۆدگۆریتسا",
        "name:cnr": "Podgorica",
        "name:cnr-Cyrl": "Подгорица",
        "name:cnr-Latn": "Podgorica",
        "name:crh": "Podgoritsa",
        "name:cu": "Подъгорица",
        "name:cv": "Подгорица",
        "name:de": "Podgorica",
        "name:diq": "Podgorika",
        "name:el": "Ποντγκόριτσα",
        "name:en": "Podgorica",
        "name:eo": "Podgorico",
        "name:es": "Podgorica",
        "name:fa": "پودگوریتسا",
        "name:fr": "Podgorica",
        "name:fy": "Podgorytsa",
        "name:ga": "Podgairítse",
        "name:gl": "Podgorica",
        "name:gn": "Poygoríka",
        "name:ha": "Podgoritsa",
        "name:he": "פודגוריצה",
        "name:hi": "पोडगोरिका",
        "name:hr": "Podgorica",
        "name:hu": "Podgorica",
        "name:hy": "Պոդգորիցա",
        "name:is": "Podgorica",
        "name:it": "Podgorizza",
        "name:ja": "ポドゴリツァ",
        "name:ka": "პოდგორიცა",
        "name:kaa": "Podgoritsa",
        "name:kk": "Подгорица",
        "name:kn": "ಪೊಡ್ಗೋರೀಟ್ಸ",
        "name:ko": "포드고리차",
        "name:ku": "Podgorica",
        "name:ky": "Подгорица",
        "name:la": "Birziminium",
        "name:mk": "Подгорица",
        "name:ml": "പോഡ്‌ഗോറിറ്റ്‌സ",
        "name:mr": "पॉडगोरिका",
        "name:myv": "Подгорица",
        "name:nl": "Podgorica",
        "name:no": "Podgorica",
        "name:nov": "Podgoritsa",
        "name:nv": "Dah Yiskʼid Biyaaí",
        "name:os": "Подгорицæ",
        "name:pa": "ਪਾਡਗੋਰਿਤਸਾ",
        "name:pl": "Podgorica",
        "name:pnb": "پودگوریتسا",
        "name:ps": "پودګوریتسا",
        "name:pt": "Podgoritza",
        "name:ro": "Podgorița",
        "name:ru": "Подгорица",
        "name:sah": "Подгорица",
        "name:scn": "Podgòrica",
        "name:sd": "پوڊگورتسا",
        "name:sh": "Podgorica",
        "name:sk": "Podgorica",
        "name:sl": "Podgorica",
        "name:sq": "Podgoricë",
        "name:sr": "Подгорица",
        "name:sr-Latn": "Podgorica",
        "name:sv": "Podgorica",
        "name:ta": "பத்கரீத்சா",
        "name:tg": "Подгоритса",
        "name:th": "พอดกอรีตซา",
        "name:tk": "Podgoritsa",
        "name:tr": "Böğürtlen",
        "name:tt": "Подгорица",
        "name:udm": "Подгорица",
        "name:uk": "Подгориця",
        "name:ur": "پودگوریتسا",
        "name:uz": "Podgoritsa",
        "name:vi": "Podgorica",
        "name:wo": "Podgorika",
        "name:wuu": "波德戈里察",
        "name:xmf": "პოდგორიცა",
        "name:yue": "波德戈里察",
        "name:zh": "波德戈里察",
        "name:zh-Hans": "波德戈里察",
        "name:zh-Hant": "波德里查",
        "old_name": "Titograd;Ribnica",
        "old_name:am": "ቲቶግራድ;ሪብኒጻ;ቢዚርሚኒዩም",
        "old_name:ar": "تيتوغراد",
        "old_name:ast": "Titográu",
        "old_name:az": "Titoqrad",
        "old_name:be": "Цітаград;Рыбніца",
        "old_name:bg": "Титоград",
        "old_name:bs": "Titograd",
        "old_name:cnr": "Titograd;Ribnica",
        "old_name:cu": "Тїтоградъ",
        "old_name:de": "Titograd;Podgoritza",
        "old_name:es": "Titogrado",
        "old_name:fa": "تیتوگراد",
        "old_name:fr": "Titograde;Podgoritsa",
        "old_name:he": "טיטוגרד",
        "old_name:hr": "Titograd",
        "old_name:hy": "Բիրզիմինում;Ռիբնիցա;Բոգուրտլեն;Տիտոգրադ",
        "old_name:it": "Titogrado",
        "old_name:ja": "チトーグラード",
        "old_name:ko": "티토그라드;리브니차",
        "old_name:lt": "Titogradu",
        "old_name:lv": "Titograda",
        "old_name:mk": "Титоград;Рибница",
        "old_name:pnb": "ٹیٹوگراڈ",
        "old_name:ps": "تیتوګراد",
        "old_name:ro": "Ribnița",
        "old_name:sh": "Titograd",
        "old_name:sr": "Титоград;Рибница",
        "old_name:sr-Latn": "Titograd;Ribnica",
        "old_name:th": "ติตอกราด;ริบนิตซา",
        "old_name:tr": "Böğürtlen;Burguriçe",
        "old_name:uk": "Титоград",
        "old_name:ur": "ٹیٹوگراڈ",
        "old_name:vi": "Titograd",
        "old_name:zh": "铁托格勒 / 狄托格勒",
        "old_name:zh-Hans": "铁托格勒",
        "old_name:zh-Hant": "狄托格勒",
        "place": "city",
        "population": "150799",
        "population:date": "2011",
        "website": "https://podgorica.me/",
        "wikidata": "Q23564",
        "wikipedia": "en:Podgorica"
      },
      "geometry": {
        "type": "Point",
        "coordinates": [
          19.2621081,
          42.4415238
        ]
      },
      "id": "node/123860883"
    },
    {
      "type": "Feature",
      "properties": {
        "@id": "node/129991407",
        "ISO3166-2": "MD-CU",
        "admin_level": "2",
        "alt_name:de": "Kischinjow",
        "alt_name:en": "Kishinev",
        "alt_name:it": "Chisinau",
        "capital": "yes",
        "capital_ISO3166-1": "yes",
        "contact:website": "https://www.chisinau.md",
        "ele": "85",
        "image": "https://upload.wikimedia.org/wikipedia/commons/9/98/Flag_of_Chișinău.svg",
        "name": "Chișinău",
        "name:af": "Chișinău",
        "name:als": "Kischinau",
        "name:am": "ኪሺንው",
        "name:ar": "كيشيناو",
        "name:ast": "Quixináu",
        "name:az": "Kişinyov",
        "name:ba": "Кишинёв",
        "name:bat-smg": "Kišėniuovs",
        "name:be": "Кішынёў",
        "name:be-tarask": "Кішынёў",
        "name:bg": "Кишинев",
        "name:bn": "কিশিনাউ",
        "name:bo": "ཅི་སི་ནའུ།",
        "name:br": "Chișinău",
        "name:bs": "Kišinjev",
        "name:ca": "Chisinau",
        "name:cbk-zam": "Chisinau",
        "name:ce": "Кишинёв",
        "name:ckb": "کیشیناو",
        "name:co": "Chișinău",
        "name:crh": "Kișineu",
        "name:cs": "Kišiněv",
        "name:cu": "Кишинєвъ",
        "name:cv": "Кишинёв",
        "name:cy": "Chișinău",
        "name:de": "Kischinau",
        "name:diq": "Kișinew",
        "name:el": "Κισινάου",
        "name:en": "Chișinău",
        "name:eo": "Kiŝinevo",
        "name:es": "Chisinau",
        "name:eu": "Chisinau",
        "name:fa": "کیشیناو",
        "name:fo": "Chișinău",
        "name:fr": "Chisinau",
        "name:ga": "Císineá",
        "name:gag": "Kișinöv",
        "name:gd": "Chișinău",
        "name:gl": "Chișinău",
        "name:gn": "Chisináu",
        "name:ha": "Chisinau",
        "name:he": "קישינב",
        "name:hi": "चिशिनाउ",
        "name:hif": "Chișinău",
        "name:hr": "Kišinjev",
        "name:hsb": "Kišinjow",
        "name:ht": "Chisinaou",
        "name:hu": "Kisinyov",
        "name:hy": "Քիշնև",
        "name:id": "Kishinev",
        "name:io": "Chisinau",
        "name:is": "Kisínev",
        "name:it": "Chișinău",
        "name:ja": "キシナウ",
        "name:jv": "Chișinău",
        "name:ka": "კიშინიოვი",
        "name:kk": "Кишинев",
        "name:kn": "ಕಿಶಿನೆವ್",
        "name:ko": "키시너우",
        "name:kv": "Кишинёв",
        "name:ky": "Кишинёв",
        "name:la": "Chisla Nova",
        "name:lb": "Chișinău",
        "name:lij": "Chișinău",
        "name:lmo": "Chișinău",
        "name:lt": "Kišiniovas",
        "name:lv": "Kišiņeva",
        "name:md": "Кишинэу",
        "name:mi": "Chișinău",
        "name:mk": "Кишињев",
        "name:ml": "കിഷിനൌ",
        "name:mn": "Кишинёв",
        "name:mo": "Chișinău",
        "name:mr": "चिशिनाउ",
        "name:nan": "Chișinău",
        "name:nl": "Chisinau",
        "name:nn": "Chișinău",
        "name:no": "Chișinău",
        "name:nov": "Kishinau",
        "name:oc": "Chișinău",
        "name:os": "Кишинёв",
        "name:pa": "ਕਿਸ਼ਨਾਓ",
        "name:pl": "Kiszyniów",
        "name:pms": "Chișinău",
        "name:pnb": "کشینیف",
        "name:prefix": "Municipiul",
        "name:ps": "کیشیناو",
        "name:pt": "Chişinău",
        "name:qu": "Chişinău",
        "name:ro": "Chișinău",
        "name:ru": "Кишинёв",
        "name:sa": "चिशिनौ",
        "name:sah": "Кишинев",
        "name:scn": "Chișinău",
        "name:sco": "Chișinău",
        "name:sh": "Kišinjev",
        "name:simple": "Chișinău",
        "name:sk": "Kišiňov",
        "name:sl": "Kišinjev",
        "name:sq": "Kishinau",
        "name:sr": "Кишињев",
        "name:sv": "Chisinau",
        "name:sw": "Kishineu",
        "name:ta": "சிஷினோ",
        "name:tg": "Кишинёв",
        "name:th": "คีชีเนา",
        "name:tk": "Kişineu",
        "name:tl": "Chișinău",
        "name:tr": "Kişinev",
        "name:tt": "Кишенәү",
        "name:udm": "Кишинёв",
        "name:ug": "كىشىنېۋ",
        "name:uk": "Кишинів",
        "name:ur": "کیشیناو",
        "name:uz": "Kishinyov",
        "name:vec": "Chișinău",
        "name:vep": "Kišinöv",
        "name:vi": "Chișinău",
        "name:vo": "Chişinău",
        "name:wo": "Kisinawu",
        "name:yi": "קעשענעוו",
        "name:yo": "Chișinău",
        "name:zh": "基希讷乌",
        "official_name": "Municipiul Chișinău",
        "place": "city",
        "place:ro": "municipiu",
        "population": "756900",
        "ref:cuatm:1:codstatistic": "0101000",
        "ref:cuatm:1:codunic": "0100",
        "ref:cuatm:2:codstatistic": "0100000",
        "ref:cuatm:2:codunic": "0100",
        "ref:cuatm:codstatistic": "0101000",
        "ref:cuatm:codunic": "0100",
        "ref:cuatm:statut": "5",
        "ref:nuts:1": "MD1",
        "ref:nuts:2": "MD11",
        "ref:nuts:3": "MD115",
        "sqkm": "123",
        "start_date": "1359",
        "wikidata": "Q21197",
        "wikimedia_commons": "Category:Chișinău",
        "wikipedia": "ro:Chișinău"
      },
      "geometry": {
        "type": "Point",
        "coordinates": [
          28.8322923,
          47.0245117
        ]
      },
      "id": "node/129991407"
    },
    {
      "type": "Feature",
      "properties": {
        "@id": "node/130040361",
        "ISO3166-1:alpha2": "AM",
        "admin_level": "2",
        "alt_name:vi": "Erevan",
        "capital": "yes",
        "capital_ISO3166-1": "yes",
        "ele": "987",
        "flag": "https://upload.wikimedia.org/wikipedia/commons/4/43/Flag_of_Yerevan.svg",
        "image": "https://upload.wikimedia.org/wikipedia/commons/5/58/Mount_Ararat_and_the_Yerevan_skyline_(March_2024).png",
        "int_name": "Yerevan",
        "is_in:country": "Armenia",
        "is_in:country_code": "AM",
        "loc_name:ru": "Розовый город",
        "name": "Երևան",
        "name:ab": "Ереван",
        "name:af": "Jerewan",
        "name:am": "ዬሬቫን",
        "name:an": "Erevan",
        "name:ar": "يروان",
        "name:av": "Ереван",
        "name:az": "İrəvan",
        "name:ba": "Ереван",
        "name:be": "Ерэван",
        "name:be-tarask": "Ерэван",
        "name:bg": "Ереван",
        "name:bn": "ইয়েরেভান",
        "name:bo": "ཡེ་རེ་ཝན།",
        "name:br": "Yerevan",
        "name:bs": "Erevan",
        "name:ca": "Erevan",
        "name:ce": "Ереван",
        "name:ckb": "یەریڤان",
        "name:cs": "Jerevan",
        "name:cv": "Ереван",
        "name:cy": "Yerevan",
        "name:da": "Jerevan",
        "name:de": "Eriwan",
        "name:diq": "Yerêvan",
        "name:el": "Γιερεβάν",
        "name:en": "Yerevan",
        "name:eo": "Erevano",
        "name:es": "Ereván",
        "name:et": "Jerevan",
        "name:eu": "Erevan",
        "name:fa": "ایروان",
        "name:ff": "Yerevan",
        "name:fi": "Jerevan",
        "name:fo": "Jerevan",
        "name:fr": "Erevan",
        "name:frp": "Yèrèvan",
        "name:fy": "Jerevan",
        "name:ga": "Eireaván",
        "name:gag": "Erivan",
        "name:gd": "Yerevan",
        "name:gl": "Iereván - Երևան",
        "name:gv": "Yerevan",
        "name:ha": "Yerevan",
        "name:he": "ירוואן",
        "name:hi": "येरवान",
        "name:hr": "Erevan",
        "name:hsb": "Jerjewan",
        "name:ht": "Erevàn",
        "name:hu": "Jereván",
        "name:hy": "Երևան",
        "name:ia": "Yerevan",
        "name:id": "Yerevan",
        "name:ie": "Jerevan",
        "name:ilo": "Yerevan",
        "name:io": "Yerevan",
        "name:is": "Jerevan",
        "name:it": "Yerevan",
        "name:ja": "エレバン",
        "name:jv": "Yerevan",
        "name:ka": "ერევანი",
        "name:kab": "Erevan",
        "name:kk": "Ереван",
        "name:km": "យេរេវ៉ាន",
        "name:kn": "ಯೆರೆವಾನ್",
        "name:ko": "예레반",
        "name:ku": "Yêrêvan",
        "name:kv": "Ереван",
        "name:ky": "Ереван",
        "name:la": "Erevanum",
        "name:lad": "Djerevan",
        "name:lb": "Eriwan",
        "name:lez": "Ереван",
        "name:li": "Jerevan",
        "name:lij": "Erevan",
        "name:lmo": "Erevan",
        "name:lt": "Jerevanas",
        "name:lv": "Erevāna",
        "name:mdf": "Ереван",
        "name:mg": "Yerevan",
        "name:mhr": "Ереван",
        "name:mi": "Yerevan",
        "name:mk": "Ереван",
        "name:ml": "യെറിവാൻ",
        "name:mn": "Ереван",
        "name:mr": "येरेव्हान",
        "name:ms": "Yerevan",
        "name:mt": "Yerevan",
        "name:myv": "Ереван",
        "name:mzn": "ایروان",
        "name:nah": "Erevan",
        "name:nb": "Jerevan",
        "name:ne": "येरवान प्रान्त",
        "name:nl": "Jerevan",
        "name:nn": "Jerevan",
        "name:no": "Jerevan",
        "name:nov": "Yerevan",
        "name:nv": "Hókʼą́ą́sʼání",
        "name:ny": "Yerevan",
        "name:oc": "Erevan",
        "name:os": "Ереван",
        "name:pa": "ਯੇਰਵਾਨ",
        "name:pl": "Erywań",
        "name:pms": "Erevan",
        "name:pnb": "یریوان",
        "name:pt": "Erevan",
        "name:qu": "Yiriwan",
        "name:ro": "Erevan",
        "name:ru": "Ереван",
        "name:rw": "Yerevan",
        "name:sa": "येरेवान",
        "name:sah": "Ереван",
        "name:sc": "Erevan",
        "name:scn": "Erevan",
        "name:sco": "Yerevan",
        "name:sd": "يريوان",
        "name:sh": "Erevan",
        "name:simple": "Yerevan",
        "name:sk": "Jerevan",
        "name:sl": "Erevan",
        "name:sn": "Yerevan",
        "name:sq": "Jerevani",
        "name:sr": "Јереван",
        "name:su": "Yérévan",
        "name:sv": "Jerevan",
        "name:sw": "Yerevan",
        "name:ta": "யெரெவான்",
        "name:te": "యెరెవాన్",
        "name:tg": "Ереван",
        "name:th": "เยเรวาน",
        "name:tk": "Ýerewan",
        "name:tl": "Yerevan",
        "name:tr": "Erivan",
        "name:tt": "Ереван",
        "name:tw": "Eεrεwan",
        "name:udm": "Ереван",
        "name:ug": "يېرېۋان",
        "name:uk": "Єреван",
        "name:ur": "یریوان",
        "name:uz": "Yerevan",
        "name:vec": "Èrevan",
        "name:vep": "Jerevan",
        "name:vi": "Yerevan",
        "name:vo": "Yerevan",
        "name:vro": "Jerevan",
        "name:wal": "Yerevaane",
        "name:war": "Yerevan",
        "name:xmf": "ერევანი",
        "name:yi": "יערעוואן",
        "name:yo": "Yerevan",
        "name:zea": "Jerevan",
        "name:zh": "埃里溫",
        "old_name:ru": "Эребуни;Эривань",
        "place": "city",
        "population": "1106300",
        "population:date": "2024",
        "sqkm": "223.28",
        "start_date": "782 BC",
        "website": "https://www.yerevan.am/hy/",
        "wikidata": "Q1953",
        "wikimedia_commons": "Category:Yerevan",
        "wikipedia": "hy:Երևան"
      },
      "geometry": {
        "type": "Point",
        "coordinates": [
          44.5126233,
          40.1777112
        ]
      },
      "id": "node/130040361"
    },
    {
      "type": "Feature",
      "properties": {
        "@id": "node/170792214",
        "admin_level": "2",
        "alt_name:ar": "سكوبيه;سكوبجي",
        "alt_name:fa": "اسکوپیا",
        "alt_name:vi": "Xcốp-pi-ê",
        "capital": "yes",
        "capital_ISO3166-1": "yes",
        "ele": "245",
        "int_name": "Skopje",
        "name": "Скопје",
        "name:ab": "Скопие",
        "name:af": "Skopje",
        "name:am": "ስኮፕዬ",
        "name:an": "Scopia",
        "name:ar": "إسكوبية",
        "name:ast": "Skopie",
        "name:az": "Skopye",
        "name:azb": "ایسکوپیه",
        "name:ba": "Скопье",
        "name:be": "Скоп'е",
        "name:be-tarask": "Скоп'е",
        "name:bg": "Скопие",
        "name:bh": "स्कोप्ये",
        "name:bn": "স্কপিয়ে",
        "name:bo": "སི་ཀོཔ་ཇི།",
        "name:br": "Skopje",
        "name:bs": "Skoplje",
        "name:ca": "Skopje",
        "name:ce": "Скопье",
        "name:crh": "Üsküp",
        "name:cs": "Skopje",
        "name:cu": "Съкопиѥ",
        "name:cv": "Скопйе",
        "name:cy": "Skopje",
        "name:da": "Skopje",
        "name:de": "Skopje",
        "name:el": "Σκόπια",
        "name:en": "Skopje",
        "name:eo": "Skopjo",
        "name:es": "Skopie",
        "name:et": "Skopje",
        "name:eu": "Skopje",
        "name:fa": "اسکوپیه",
        "name:fi": "Skopje",
        "name:fo": "Skopje",
        "name:fr": "Skopje",
        "name:fy": "Skopje",
        "name:ga": "Scóipé",
        "name:gd": "Skopje",
        "name:gl": "Skopje",
        "name:grc": "Σκοῦποι",
        "name:gv": "Skopje",
        "name:ha": "Skopje",
        "name:he": "סקופיה",
        "name:hi": "स्कोपिये",
        "name:hr": "Skoplje",
        "name:ht": "Skopje",
        "name:hu": "Szkopje",
        "name:hy": "Սկոպյե",
        "name:ia": "Skopje",
        "name:id": "Skopje",
        "name:ie": "Skopje",
        "name:io": "Skopje",
        "name:is": "Skopje",
        "name:it": "Skopje",
        "name:ja": "スコピエ",
        "name:jv": "Skopje",
        "name:ka": "სკოპიე",
        "name:kab": "Skopje",
        "name:kg": "Skopje",
        "name:kk": "Скопье",
        "name:ko": "스코페",
        "name:ku": "Skopye",
        "name:kv": "Скопье",
        "name:kw": "Skopje",
        "name:la": "Scupi",
        "name:lad": "Skopia",
        "name:lb": "Skopje",
        "name:ln": "Skopye",
        "name:lt": "Skopjė",
        "name:lv": "Skopje",
        "name:mg": "Skopje",
        "name:mi": "Skopje",
        "name:mk": "Скопје",
        "name:ml": "സ്കൊപ്യെ",
        "name:mn": "Скопье",
        "name:mr": "स्कोप्ये",
        "name:ms": "Skopje",
        "name:mt": "Skopje",
        "name:mzn": "اسکوپیه",
        "name:nb": "Skopje",
        "name:nl": "Skopje",
        "name:nn": "Skopje",
        "name:no": "Skopje",
        "name:oc": "Skopje",
        "name:os": "Скопье",
        "name:pa": "ਸਕੋਪੀਏ",
        "name:pl": "Skopje",
        "name:pnb": "سکوپ جے",
        "name:ps": "اسکوپیه",
        "name:pt": "Escópia",
        "name:qu": "Skopje",
        "name:rmy": "Skopiye",
        "name:ro": "Skopje",
        "name:roa-rup": "Scopia",
        "name:ru": "Скопье",
        "name:sc": "Skopje",
        "name:sd": "اسڪوپجي",
        "name:se": "Skopje",
        "name:sh": "Skoplje",
        "name:sk": "Skopje",
        "name:sl": "Skopje",
        "name:sn": "Skopje",
        "name:sq": "Shkup",
        "name:sr": "Скопље",
        "name:sv": "Skopje",
        "name:sw": "Skopje",
        "name:ta": "ஸ்கோப்ஜே",
        "name:tg": "Скопе",
        "name:th": "สโกเปีย",
        "name:tl": "Skopje",
        "name:tr": "Üsküp",
        "name:tt": "Өскеп",
        "name:udm": "Скопье",
        "name:ug": "سكوپليې",
        "name:uk": "Скоп'є",
        "name:ur": "اسکوپیہ",
        "name:uz": "Skopye",
        "name:vi": "Skopje",
        "name:vo": "Skopje",
        "name:wo": "Skopje",
        "name:yi": "סקאפיע",
        "name:yo": "Skopje",
        "name:zh": "斯科普里",
        "name:zh-Hans": "斯科普里",
        "name:zh-Hant": "史高比耶",
        "place": "city",
        "population": "422540",
        "population:date": "2021",
        "source:name:br": "ofis publik ar brezhoneg",
        "source:name:oc": "Lo Congrès",
        "source:population": "https://www.stat.gov.mk/Aktivnosti.aspx?rbra=331",
        "website": "https://skopje.gov.mk/",
        "wikidata": "Q384",
        "wikimedia_commons": "Category:Skopje",
        "wikipedia": "mk:Скопје"
      },
      "geometry": {
        "type": "Point",
        "coordinates": [
          21.4318935,
          41.9962164
        ]
      },
      "id": "node/170792214"
    },
    {
      "type": "Feature",
      "properties": {
        "@id": "node/240109189",
        "admin_level": "2",
        "blind:description:de": "Auf www.berlinfuerblinde.de gibt es einen kostenlosen Audioguide und weitere Informationen.",
        "capital": "yes",
        "capital_ISO3166-1": "yes",
        "ele": "35",
        "email": "info@berlin.de",
        "name": "Berlin",
        "name:ab": "Берлин",
        "name:af": "Berlyn",
        "name:als": "Berlin",
        "name:am": "በርሊን",
        "name:an": "Berlín",
        "name:ang": "Berlin",
        "name:ar": "برلين",
        "name:arc": "ܒܪܠܝܢ",
        "name:arz": "بيرلين",
        "name:ast": "Berlín",
        "name:av": "Берлин",
        "name:az": "Berlin",
        "name:ba": "Берлин",
        "name:bar": "Berlin",
        "name:bat-smg": "Berlīns",
        "name:be": "Берлін",
        "name:be-tarask": "Бэрлін",
        "name:ber": "ⴱⵉⵔⵍⵉⵏ",
        "name:bg": "Берлин",
        "name:bh": "बर्लिन",
        "name:bi": "Berlin",
        "name:bn": "বার্লিন",
        "name:bo": "པེ་ལིང་",
        "name:br": "Berlin",
        "name:bs": "Berlin",
        "name:bxr": "Берлин",
        "name:ca": "Berlín",
        "name:cbk-zam": "Berlín",
        "name:ce": "Берлин",
        "name:ckb": "بەرلین",
        "name:co": "Berlinu",
        "name:crh": "Berlin",
        "name:cs": "Berlín",
        "name:csb": "Berlëno",
        "name:cu": "Берлинъ",
        "name:cv": "Берлин",
        "name:cy": "Berlin",
        "name:da": "Berlin",
        "name:de": "Berlin",
        "name:diq": "Berlin",
        "name:dsb": "Barliń",
        "name:el": "Βερολίνο",
        "name:en": "Berlin",
        "name:eo": "Berlino",
        "name:es": "Berlín",
        "name:et": "Berliin",
        "name:eu": "Berlin",
        "name:ext": "Berlín",
        "name:fa": "برلین",
        "name:fi": "Berliini",
        "name:fj": "Belini",
        "name:fo": "Berlin",
        "name:fr": "Berlin",
        "name:frp": "Bèrlin",
        "name:fur": "Berlin",
        "name:fy": "Berlyn",
        "name:ga": "Beirlín",
        "name:gan": "柏林",
        "name:gd": "Berlin",
        "name:gl": "Berlín",
        "name:gn": "Berlin",
        "name:gu": "બર્લિન",
        "name:gv": "Berleen",
        "name:haw": "Pelelina",
        "name:he": "ברלין",
        "name:hi": "बर्लिन",
        "name:hr": "Berlin",
        "name:hsb": "Berlin",
        "name:ht": "Bèlen",
        "name:hu": "Berlin",
        "name:hy": "Բեռլին",
        "name:ia": "Berlin",
        "name:id": "Berlin",
        "name:ie": "Berlin",
        "name:ilo": "Berlin",
        "name:io": "Berlin",
        "name:is": "Berlín",
        "name:it": "Berlino",
        "name:iu": "ᐱᕐᓖᓐ",
        "name:ja": "ベルリン",
        "name:jbo": "berlin",
        "name:jv": "Berlin",
        "name:ka": "ბერლინი",
        "name:kab": "Berlin",
        "name:kbd": "Берлин",
        "name:kk": "Берлин",
        "name:km": "ប៊ែរឡាំង",
        "name:kn": "ಬೆರ್ಲಿನ್",
        "name:ko": "베를린",
        "name:koi": "Берлин",
        "name:ks": "بٔرلِن",
        "name:ksh": "Bälliin",
        "name:ku": "Berlîn",
        "name:kv": "Берлин",
        "name:kw": "Berlin",
        "name:ky": "Берлин",
        "name:la": "Berolinum",
        "name:lb": "Berlin",
        "name:lez": "Берлин",
        "name:lg": "Berlin",
        "name:li": "Berlien",
        "name:lij": "Berlin",
        "name:lmo": "Berlin",
        "name:ln": "Berlin",
        "name:lo": "ເບີລິນ",
        "name:lt": "Berlynas",
        "name:ltg": "Berlins",
        "name:lv": "Berlīne",
        "name:lzh": "柏林",
        "name:mg": "Berlin",
        "name:mhr": "Берлин",
        "name:mi": "Pearīni",
        "name:mk": "Берлин",
        "name:ml": "ബെര്‍ലിന്",
        "name:mn": "Берлин",
        "name:mr": "बर्लिन",
        "name:mrj": "Берлин",
        "name:ms": "Berlin",
        "name:mt": "Berlin",
        "name:my": "ဘာလင်မြို့",
        "name:myv": "Берлин",
        "name:mzn": "برلین",
        "name:na": "Berlin",
        "name:nah": "Berlin",
        "name:nan": "Berlin",
        "name:nap": "Berlino",
        "name:nds": "Berlin",
        "name:nds-nl": "Berlien",
        "name:ne": "बर्लिन",
        "name:nl": "Berlijn",
        "name:nn": "Berlin",
        "name:no": "Berlin",
        "name:nov": "Berlin",
        "name:nrm": "Bèrlîn",
        "name:nv": "Tséítłʼiní Anííkaadii",
        "name:oc": "Berlin",
        "name:om": "Barliin",
        "name:os": "Берлин",
        "name:pa": "ਬਰਲਿਨ",
        "name:pam": "Berlin",
        "name:pdc": "Berlin",
        "name:pfl": "Balin",
        "name:pl": "Berlin",
        "name:pms": "Berlin",
        "name:pnb": "برلن",
        "name:pnt": "Βερολίνον",
        "name:prefix": "Land und Kreisfreie Stadt",
        "name:ps": "برلين",
        "name:pt": "Berlim",
        "name:qu": "Berlin",
        "name:rm": "Berlin",
        "name:rmy": "Berlin",
        "name:ro": "Berlin",
        "name:roa-rup": "Berlin",
        "name:roa-tara": "Berline",
        "name:ru": "Берлин",
        "name:rue": "Берлін",
        "name:sa": "बर्लिन",
        "name:sah": "Берлин",
        "name:sc": "Berlinu",
        "name:scn": "Birlinu",
        "name:sco": "Berlin",
        "name:sd": "برلن",
        "name:se": "Berlin",
        "name:sh": "Berlin",
        "name:short": "BE",
        "name:si": "බර්ලිනය",
        "name:sk": "Berlín",
        "name:sl": "Berlin",
        "name:sm": "Perelini",
        "name:so": "Berlin",
        "name:sq": "Berlini",
        "name:sr": "Берлин",
        "name:stq": "Berlin",
        "name:su": "Berliini",
        "name:sv": "Berlin",
        "name:sw": "Berlin",
        "name:szl": "Berlin",
        "name:ta": "பெர்லின்",
        "name:te": "బెర్లిన్",
        "name:tet": "Berlín",
        "name:tg": "Берлин",
        "name:th": "เบอร์ลิน",
        "name:ti": "በርሊን",
        "name:tl": "Berlin",
        "name:to": "Pēlini",
        "name:tok": "ma tomo Pelin",
        "name:tpi": "Berlin",
        "name:tr": "Berlin",
        "name:tt": "Берлин",
        "name:tw": "Bɛɛlin",
        "name:ty": "Berlin",
        "name:tzl": "Berlin",
        "name:udm": "Берлин",
        "name:ug": "Bérlin",
        "name:uk": "Берлін",
        "name:ur": "برلن",
        "name:uz": "Berlin",
        "name:vec": "Berlin",
        "name:vi": "Béc-lin",
        "name:vls": "Berlyn",
        "name:vro": "Berliin",
        "name:wal": "Berline",
        "name:wo": "Berlin",
        "name:xh": "I-Berlin",
        "name:xmf": "ბერლინი",
        "name:yi": "בערלין",
        "name:yo": "Berlin",
        "name:yue": "柏林",
        "name:zea": "Berlijn",
        "name:zh": "柏林",
        "name:zh-Hans": "柏林",
        "name:zh-Hant": "柏林",
        "name:zu": "Berlin",
        "official_status": "Land",
        "official_status:de": "Land",
        "official_status:en": "State",
        "official_status:ru": "земля",
        "old_name:vi": "Bá Linh",
        "place": "city",
        "population": "3769962",
        "ref:LOCODE": "DEBER",
        "website": "https://www.berlin.de/",
        "wikidata": "Q64",
        "wikipedia": "de:Berlin"
      },
      "geometry": {
        "type": "Point",
        "coordinates": [
          13.3951309,
          52.5173885
        ]
      },
      "id": "node/240109189"
    },
    {
      "type": "Feature",
      "properties": {
        "@id": "node/265958490",
        "admin_level": "2",
        "alt_name:ar": "أشبونة",
        "alt_name:ku": "Lîzbon",
        "capital": "yes",
        "ele": "2",
        "int_name": "Lisbon",
        "name": "Lisboa",
        "name:af": "Lissabon",
        "name:am": "ሊዝቦን",
        "name:an": "Lisbona",
        "name:ar": "لشبونة",
        "name:av": "Лиссабон",
        "name:az": "Lissabon",
        "name:ba": "Лиссабон",
        "name:be": "Лісабон",
        "name:bg": "Лисабон",
        "name:bn": "লিসবন",
        "name:bo": "ལི་སི་བཱོན།",
        "name:br": "Lisbon",
        "name:bs": "Lisabon",
        "name:ca": "Lisboa",
        "name:ce": "Лиссабон",
        "name:ckb": "لیسبۆن",
        "name:co": "Lisbona",
        "name:cs": "Lisabon",
        "name:cu": "Лисабонъ",
        "name:cv": "Лиссабон",
        "name:cy": "Lisbon",
        "name:da": "Lissabon",
        "name:de": "Lissabon",
        "name:ee": "Lisbon",
        "name:el": "Λισαβόνα",
        "name:en": "Lisbon",
        "name:eo": "Lisbono",
        "name:es": "Lisboa",
        "name:et": "Lissabon",
        "name:fa": "لیسبون",
        "name:ff": "Lisbon",
        "name:fi": "Lissabon",
        "name:fr": "Lisbonne",
        "name:fy": "Lissabon",
        "name:ga": "Liospóin",
        "name:gd": "Lisbon",
        "name:gl": "Lisboa",
        "name:gn": "Lisimbã",
        "name:gv": "Lisbon",
        "name:ha": "Lisbon",
        "name:he": "ליסבון",
        "name:hi": "लिस्बन",
        "name:hr": "Lisabon",
        "name:ht": "Lisbòn",
        "name:hu": "Lisszabon",
        "name:hy": "Լիսաբոն",
        "name:ia": "Lisbona",
        "name:is": "Lissabon",
        "name:it": "Lisbona",
        "name:ja": "リスボン",
        "name:jv": "Lisabon",
        "name:ka": "ლისაბონი",
        "name:kab": "Lisbun",
        "name:kk": "Лиссабон",
        "name:kn": "ಲಿಸ್ಬನ್",
        "name:ko": "리스본",
        "name:ku": "Lîsabon",
        "name:kv": "Лиссабон",
        "name:ky": "Лиссабон",
        "name:la": "Olisipo",
        "name:lb": "Lissabon",
        "name:li": "Lissabon",
        "name:lo": "ລີຊະບົນ",
        "name:lt": "Lisabona",
        "name:lv": "Lisabona",
        "name:mi": "Rihipane",
        "name:mk": "Лисабон",
        "name:ml": "ലിസ്ബൺ",
        "name:mn": "Лиссабон",
        "name:mr": "लिसबोन",
        "name:ms": "Lisbon",
        "name:mt": "Liżbona",
        "name:my": "လစ်စဘွန်းမြို့",
        "name:nl": "Lissabon",
        "name:oc": "Lisbona",
        "name:or": "ଲିସବନ",
        "name:os": "Лиссабон",
        "name:pa": "ਲਿਸਬਨ",
        "name:pl": "Lizbona",
        "name:pt": "Lisboa",
        "name:rm": "Lissabon",
        "name:ro": "Lisabona",
        "name:ru": "Лиссабон",
        "name:sa": "लिस्बन",
        "name:sc": "Lisbona",
        "name:sd": "لزبن",
        "name:sk": "Lisabon",
        "name:sl": "Lizbona",
        "name:sn": "Lisbon",
        "name:so": "Lissabon",
        "name:sq": "Lisbona",
        "name:sr": "Лисабон",
        "name:st": "Lisbon",
        "name:sv": "Lissabon",
        "name:sw": "Lisbon",
        "name:ta": "லிஸ்பன்",
        "name:te": "లిస్బన్",
        "name:tg": "Лиссабон",
        "name:th": "ลิสบอน",
        "name:tk": "Lissabon",
        "name:tr": "Lizbon",
        "name:tt": "Лиссабон",
        "name:tw": "Lisbon",
        "name:ug": "لىسبون",
        "name:uk": "Лісабон",
        "name:ur": "لزبن",
        "name:uz": "Lissabon",
        "name:wo": "Lisbon",
        "name:yi": "ליסבאן",
        "name:yo": "Lisbon",
        "name:zh": "里斯本",
        "name:zh-Hans": "里斯本",
        "name:zh-Hant": "里斯本",
        "old_name:-400": "Olissipo Felicitas Julia",
        "old_name:tr": "Üşbûne",
        "place": "city",
        "population": "552700",
        "population:date": "2011",
        "source:name:br": "proper translation",
        "source:name:oc": "Lo Congrès",
        "wikidata": "Q597",
        "wikimedia_commons": "Category:Lisbon",
        "wikipedia": "en:Lisbon"
      },
      "geometry": {
        "type": "Point",
        "coordinates": [
          -9.1365919,
          38.7077507
        ]
      },
      "id": "node/265958490"
    },
    {
      "type": "Feature",
      "properties": {
        "@id": "node/267933614",
        "alt_name:fur": "Gibiltiere",
        "capital": "yes",
        "int_name": "Gibraltar",
        "is_in": "Gibraltar (UK)",
        "is_in:country": "Gibraltar",
        "name": "Gibraltar",
        "name:am": "ጅብራልታር",
        "name:an": "Chibraltar",
        "name:ang": "Calpis",
        "name:ar": "جبل طارق",
        "name:arz": "جيبرالتار",
        "name:ast": "Xibraltar",
        "name:az": "Cəbəllüttariq",
        "name:ba": "Гибралтар",
        "name:be": "Гібралтар",
        "name:bg": "Гибралтар",
        "name:bn": "জিব্রাল্টার",
        "name:br": "Jibraltar",
        "name:ca": "Gibraltar",
        "name:cs": "Gibraltár",
        "name:cv": "Гибралтар",
        "name:de": "Gibraltar",
        "name:dv": "ޖަބަލްޠާރިޤު",
        "name:el": "Γιβραλτάρ",
        "name:en": "Gibraltar",
        "name:eo": "Ĝibraltaro",
        "name:es": "Gibraltar",
        "name:fa": "جبل‌الطارق",
        "name:fr": "Gibraltar",
        "name:fur": "Gjibraltar",
        "name:ga": "Giobráltar",
        "name:gd": "Giobraltair",
        "name:gl": "Xibraltar",
        "name:gu": "જિબ્રાલ્ટર",
        "name:gv": "Gibraaltar",
        "name:he": "גיברלטר",
        "name:hi": "जिब्राल्टर",
        "name:hu": "Gibraltár",
        "name:hy": "Ջիբրալթար",
        "name:is": "Gíbraltar",
        "name:it": "Gibilterra",
        "name:ja": "ジブラルタル",
        "name:ka": "გიბრალტარი",
        "name:kk": "Гибралтар",
        "name:kn": "ಜಿಬ್ರಾಲ್ಟರ್",
        "name:ko": "지브롤터",
        "name:ku": "Cîbraltar",
        "name:kw": "Jibraltar",
        "name:ky": "Гибралтар",
        "name:la": "Gibraltaria",
        "name:lo": "ກິບຣາທາ",
        "name:lt": "Gibraltaras",
        "name:lv": "Gibraltārs",
        "name:mg": "Gibraltara",
        "name:mi": "Kāmaka",
        "name:mk": "Гибралтар",
        "name:ml": "ജിബ്രാൾട്ടർ",
        "name:mn": "Гибралтар",
        "name:mr": "जिब्राल्टर",
        "name:mt": "Ġibiltà",
        "name:my": "ဂျီဘရော်လ်တာ",
        "name:ne": "जिब्राल्टार",
        "name:nl": "Gibraltar",
        "name:oc": "Gibartar",
        "name:or": "ଜିବ୍ରାଲ୍ଟର",
        "name:os": "Гибралтар",
        "name:pa": "ਜਿਬਰਾਲਟਰ",
        "name:ps": "جبل الطارق",
        "name:ro": "Gibraltar",
        "name:ru": "Гибралтар",
        "name:rw": "Giburalitari",
        "name:sd": "جبل الطارق",
        "name:si": "ජිබ්‍රෝල්ටාව",
        "name:sk": "Gibraltár",
        "name:so": "Jibraltaar",
        "name:sq": "Gjibraltari",
        "name:sr": "Гибралтар",
        "name:ta": "ஜிப்ரால்ட்டர்",
        "name:te": "జిబ్రాల్టర్",
        "name:tg": "Ҷабалутториқ",
        "name:th": "ยิบรอลตาร์",
        "name:tr": "Cebelitarık",
        "name:tt": "Гибралтар",
        "name:uk": "Ґібралтар",
        "name:ur": "جبل‌الطارق",
        "name:wa": "Djibraltar",
        "name:wo": "Jibraltaar",
        "name:xh": "Gilbhraltha",
        "name:yi": "גיבראלטאר",
        "name:zh": "直布罗陀 / 直布羅陀",
        "name:zh-Hans": "直布罗陀",
        "name:zh-Hant": "直布羅陀",
        "place": "city",
        "population": "32577",
        "ref:LOCODE": "GIGIB",
        "source:name:br": "ofis publik ar brezhoneg",
        "wikidata": "Q1410",
        "wikipedia": "en:Gibraltar"
      },
      "geometry": {
        "type": "Point",
        "coordinates": [
          -5.3541295,
          36.140807
        ]
      },
      "id": "node/267933614"
    },
    {
      "type": "Feature",
      "properties": {
        "@id": "node/268396336",
        "admin_level": "2",
        "alt_name:el": "Άμστερνταμ",
        "alt_name:gl": "Ámsterdan",
        "capital": "yes",
        "capital_ISO3166-1": "yes",
        "is_capital": "country",
        "loc_name": "Mokum",
        "name": "Amsterdam",
        "name:am": "አምስተርዳም",
        "name:ar": "أمستردام",
        "name:arc": "ܐܡܣܛܪܕܐܡ",
        "name:arz": "امستردام",
        "name:as": "আমষ্টাৰডাম",
        "name:ast": "Ámsterdam",
        "name:av": "Амстердам",
        "name:azb": "آمستردام",
        "name:ba": "Амстердам",
        "name:bat-smg": "Amsterdams",
        "name:be": "Амстэрдам",
        "name:be-tarask": "Амстэрдам",
        "name:bg": "Амстердам",
        "name:bh": "एम्सटर्डम",
        "name:bn": "আমস্টারডাম",
        "name:bo": "ཨེམ་སི་ཊར་ཌམ།",
        "name:br": "Amsterdam",
        "name:ca": "Amsterdam",
        "name:ce": "Амстердам",
        "name:ckb": "ئەمستەردام",
        "name:cu": "Амстєрдамъ",
        "name:cv": "Амҫтердам",
        "name:de": "Amsterdam",
        "name:el": "Αμστελόδαμο",
        "name:en": "Amsterdam",
        "name:eo": "Amsterdamo",
        "name:es": "Ámsterdam",
        "name:ext": "Ámsterdam",
        "name:fa": "آمستردام",
        "name:fr": "Amsterdam",
        "name:ga": "Amstardam",
        "name:gl": "Ámsterdam",
        "name:grc": "Ἀμστελόδαμον",
        "name:he": "אמסטרדם",
        "name:hi": "ऐम्स्टर्डैम",
        "name:hsb": "Amsterdam",
        "name:ht": "Amstèdam",
        "name:hu": "Amszterdam",
        "name:hy": "Ամստերդամ",
        "name:is": "Amsterdam",
        "name:it": "Amsterdam",
        "name:ja": "アムステルダム",
        "name:ka": "ამსტერდამი",
        "name:kk": "Амстердам",
        "name:kn": "ಆಂಸ್ಟರ್ಡ್ಯಾಮ್",
        "name:ko": "암스테르담",
        "name:koi": "Амстердам",
        "name:krc": "Амстердам",
        "name:ku": "Amsterdam",
        "name:kv": "Амстердам",
        "name:ky": "Амстердам",
        "name:la": "Amstelodamum",
        "name:lo": "ອຳສະເຕີດຳ",
        "name:lt": "Amsterdamas",
        "name:lv": "Amsterdama",
        "name:lzh": "阿姆斯特丹",
        "name:mdf": "Амстердам",
        "name:mi": "Amaterama",
        "name:mk": "Амстердам",
        "name:ml": "ആംസ്റ്റർഡാം",
        "name:mn": "Амстердам",
        "name:mr": "अ‍ॅम्स्टरडॅम",
        "name:mrj": "Амстердам",
        "name:my": "အမ်စတာဒမ်မြို့",
        "name:nds": "Amsterdam",
        "name:ne": "आम्स्टर्डम",
        "name:new": "एम्स्टर्ड्याम",
        "name:nl": "Amsterdam",
        "name:nl-x-straat": "Damsko",
        "name:nl-x-straat:etymology": "Leenwoord uit het Surinaams.",
        "name:no": "Amsterdam",
        "name:nv": "Tóígeed Łání",
        "name:oc": "Amsterdam",
        "name:or": "ଆମଷ୍ଟରଡ଼୍ୟାମ",
        "name:os": "Амстердам",
        "name:pa": "ਅਮਸਤੱਰਦਮ",
        "name:pl": "Amsterdam",
        "name:pms": "Àmsterdam",
        "name:pnb": "ایمسٹرڈیم",
        "name:ps": "امسټرډام",
        "name:pt": "Amsterdão",
        "name:pt-BR": "Amsterdã",
        "name:ro": "Amsterdam",
        "name:ru": "Амстердам",
        "name:rue": "Амстердам",
        "name:sah": "Амстердам",
        "name:sd": "ايمسٽرڊيم",
        "name:si": "ඈම්ස්ටර්ඩෑම්",
        "name:sk": "Amsterdam",
        "name:sl": "Amsterdam",
        "name:so": "Amistardam",
        "name:sq": "Amsterdami",
        "name:sr": "Амстердам",
        "name:srn": "Damsko",
        "name:sv": "Amsterdam",
        "name:syc": "ܐܡܣܛܪܕܐܡ",
        "name:ta": "ஆம்ஸ்டர்டம்",
        "name:te": "ఆమ్‌స్టర్‌డ్యామ్",
        "name:tg": "Амстердам",
        "name:th": "อัมสเตอร์ดัม",
        "name:ti": "ኣምስተርዳም",
        "name:to": "ʻAmisetami",
        "name:tok": "ma tomo Ansetan",
        "name:tr": "Amsterdam",
        "name:tt": "Амстердам",
        "name:udm": "Амстердам",
        "name:ug": "ئامستېردام",
        "name:uk": "Амстердам",
        "name:ur": "ایمسٹرڈیم",
        "name:wa": "Misterdam",
        "name:yi": "אמסטערדאם",
        "name:yue": "阿姆斯特丹",
        "name:zh": "阿姆斯特丹",
        "name:zu": "I-Amsterdami",
        "place": "city",
        "population": "881933",
        "population:date": "2022-01-01",
        "population:note": "Municipality population number minus Weesp (city).",
        "source:name:br": "ofis publik ar brezhoneg",
        "source:name:oc": "Lo Congrès",
        "source:population": "https://www.ois.amsterdam.nl;CBS",
        "website": "https://www.amsterdam.nl/",
        "wikidata": "Q727",
        "wikimedia_commons": "Category:Amsterdam",
        "wikipedia": "nl:Amsterdam"
      },
      "geometry": {
        "type": "Point",
        "coordinates": [
          4.8924534,
          52.3730796
        ]
      },
      "id": "node/268396336"
    },
    {
      "type": "Feature",
      "properties": {
        "@id": "node/299617915",
        "ISO3166-1:alpha2": "DZ",
        "admin_level": "2",
        "alt_name": "Al Djazâir;El Djazaïr",
        "alt_name:ckb": "جەزایر",
        "alt_name:fr": "Al Djazâir;El Djazaïr",
        "capital": "yes",
        "capital_ISO3166-1": "yes",
        "description": "Algiers is the administrative and economic capital of Algeria, it is ranked among the biggest cities in the region.",
        "ele": "10",
        "is_capital": "country",
        "loc_name": "El Bahdja;El Mahrussa;El Beida",
        "loc_name:ar": "الدزاير",
        "loc_name:fr": "El Bahdja;El Mahrussa;El Beida",
        "name": "Alger ⴷⵣⴰⵢⴻⵔ الجزائر",
        "name:ab": "Алжир",
        "name:af": "Algiers",
        "name:am": "አልጀርስ",
        "name:an": "Alcher",
        "name:ar": "الجزائر",
        "name:arc": "ܓܙܐܐܪ",
        "name:az": "Əlcəzair",
        "name:azb": "الجزیره",
        "name:ba": "Алжир",
        "name:bat-smg": "Alžīrs",
        "name:be": "Алжыр",
        "name:be-tarask": "Альжыр",
        "name:ber": "ⴷⵣⴰⵢⴻⵔ",
        "name:bg": "Алжир",
        "name:bm": "Alger",
        "name:bn": "আলজিয়ার্স",
        "name:bo": "ཨཱལ་ཇི་ཡར་སི།",
        "name:br": "Aljer",
        "name:bs": "Alžir",
        "name:ca": "Alger",
        "name:ce": "Алжазаира",
        "name:chr": "ᎠᎵᏥᎵ",
        "name:ckb": "جەزائیر",
        "name:co": "Algeri",
        "name:cs": "Alžír",
        "name:cv": "Алҫир",
        "name:cy": "Alger",
        "name:da": "Algier",
        "name:de": "Algier",
        "name:diq": "Cezayir",
        "name:el": "Αλγέρι",
        "name:en": "Algiers",
        "name:eo": "Alĝero",
        "name:es": "Argel",
        "name:et": "Alžiir",
        "name:eu": "Aljer",
        "name:fa": "الجزیره",
        "name:fi": "Alger",
        "name:fo": "Alger",
        "name:fr": "Alger",
        "name:frp": "Alg·èr",
        "name:fy": "Algiers",
        "name:ga": "Cathair na hAilgéire",
        "name:gd": "Algiers",
        "name:gl": "Alxer",
        "name:grc": "Ἀλγέριον",
        "name:ha": "Aljir",
        "name:he": "אלג'יר",
        "name:hi": "आल्जेर",
        "name:hif": "Algiers",
        "name:hr": "Alžir",
        "name:hsb": "Alžěr",
        "name:ht": "Alje",
        "name:hu": "Algír",
        "name:hy": "Ալժիր",
        "name:ia": "Alger",
        "name:id": "Aljir",
        "name:ie": "Alger",
        "name:io": "Aljer",
        "name:is": "Algeirsborg",
        "name:it": "Algeri",
        "name:ja": "アルジェ",
        "name:jv": "Aljir",
        "name:ka": "მარკეტი",
        "name:kab": "Zzayer",
        "name:kg": "Alger",
        "name:kk": "Алжир",
        "name:kn": "ಆಲ್ಜೇರ್",
        "name:ko": "알제",
        "name:ku": "Cezayir",
        "name:ky": "Алжир шаары",
        "name:la": "Algeria",
        "name:lad": "Arjel",
        "name:lb": "Alger",
        "name:lij": "Algè",
        "name:lmo": "Algeri",
        "name:ln": "Alje",
        "name:lt": "Alžyras",
        "name:lv": "Alžīra",
        "name:mdf": "Алжир",
        "name:mg": "Alger",
        "name:mk": "Алжир",
        "name:ml": "അൾജിയേഴ്സ്",
        "name:mn": "Алжир",
        "name:mr": "अल्जीयर्स",
        "name:mrj": "Алжир",
        "name:ms": "Algiers",
        "name:mt": "L-Alġier",
        "name:my": "အယ်လဂျီးယားမြို့",
        "name:nah": "Argel",
        "name:nan": "Algiers",
        "name:nb": "Alger",
        "name:ne": "अल्जियर्स",
        "name:nl": "Algiers",
        "name:nn": "Alger",
        "name:no": "Alger",
        "name:nov": "Algiers",
        "name:nv": "Táłkááʼ Dahndaaʼeeł",
        "name:oc": "Argièr",
        "name:os": "Алжир",
        "name:pa": "ਅਲ-ਜਜ਼ਾਇਰ",
        "name:pap": "Algiers",
        "name:pl": "Algier",
        "name:pms": "Algeri",
        "name:pnb": "الجیرز",
        "name:ps": "الجزيره",
        "name:pt": "Argel",
        "name:ro": "Alger",
        "name:roa-rup": "Alger",
        "name:ru": "Алжир",
        "name:sc": "Algeri",
        "name:scn": "Algeri",
        "name:sco": "Algiers",
        "name:sd": "الجزائر شھر",
        "name:sh": "Alžir",
        "name:simple": "Algiers",
        "name:sk": "Alžír",
        "name:sl": "Alžir",
        "name:sn": "Algiers",
        "name:so": "Algiers",
        "name:sq": "Algjer",
        "name:sr": "Алжир",
        "name:su": "Aljir",
        "name:sv": "Alger",
        "name:sw": "Algiers",
        "name:syc": "ܓܙܐܐܪ",
        "name:ta": "அல்ஜியர்ஸ்",
        "name:tg": "Алҷазоир",
        "name:th": "แอลเจียร์",
        "name:tl": "Algiers",
        "name:tr": "Cezayir",
        "name:tt": "Әлҗәзаир",
        "name:tw": "Alger",
        "name:udm": "Алжир",
        "name:ug": "ئالجىر",
        "name:uk": "Алжир",
        "name:ur": "الجزائر شہر",
        "name:uz": "Jazoir",
        "name:vec": "Algeri",
        "name:vep": "Alžir",
        "name:vi": "Algiers",
        "name:vo": "Cäsair",
        "name:wal": "Aljjerise",
        "name:war": "Algiers",
        "name:wo": "Alse",
        "name:yi": "אלזשירס",
        "name:yo": "Algiers",
        "name:yue": "阿爾及爾",
        "name:zh": "阿爾及爾/阿尔及尔",
        "name:zh-Hans": "阿尔及尔",
        "name:zu": "Algiers",
        "nat_name": "Alger",
        "nat_name:ar": "الجزائر",
        "nat_name:fr": "Alger",
        "official_name": "Alger",
        "official_name:ar": "الجزائر",
        "official_name:fr": "Alger",
        "old_name:ar": "إيكوسيم",
        "old_name:fr": "Icosium",
        "old_name:grc": "Ἰκόσιον",
        "old_name:la": "Icosium",
        "place": "city",
        "population": "3415811",
        "population:date": "2010",
        "ref:ONS": "1601",
        "source:population": "wikipedia",
        "wikidata": "Q3561",
        "wikimedia_commons": "Category:Algiers",
        "wikipedia": "en:Algiers"
      },
      "geometry": {
        "type": "Point",
        "coordinates": [
          3.0588445,
          36.7729333
        ]
      },
      "id": "node/299617915"
    },
    {
      "type": "Feature",
      "properties": {
        "@id": "node/428339515",
        "admin_level": "2",
        "alt_name": "m.st. Warszawa",
        "alt_name:ml": "വാർഷാവ",
        "capital": "yes",
        "ele": "100",
        "multi_postcode_place": "yes",
        "name": "Warszawa",
        "name:ab": "Варшава",
        "name:ace": "Warsawa",
        "name:af": "Warskou",
        "name:ak": "Warsaw",
        "name:am": "ዋርሶው",
        "name:an": "Varsovia",
        "name:ang": "Warsaw",
        "name:ar": "وارسو",
        "name:arc": "ܘܐܪܣܘ",
        "name:arz": "وارسو",
        "name:ast": "Varsovia",
        "name:av": "Варшава",
        "name:ay": "Varsovia",
        "name:az": "Varşava",
        "name:ba": "Варшава",
        "name:be": "Варшава",
        "name:be-tarask": "Варшава",
        "name:ber": "ⵡⴰⵔⵙⵓ",
        "name:bg": "Варшава",
        "name:bi": "Warsaw",
        "name:bn": "ওয়ার্সা",
        "name:bo": "ཝར་སོ།",
        "name:br": "Varsovia",
        "name:bs": "Varšava",
        "name:ca": "Varsòvia",
        "name:ce": "Варшава",
        "name:ckb": "وارساو",
        "name:co": "Varsavia",
        "name:crh": "Varşava",
        "name:cs": "Varšava",
        "name:csb": "Warszawa",
        "name:cu": "Варшава",
        "name:cv": "Варшав",
        "name:cy": "Warsaw",
        "name:da": "Warszawa",
        "name:dative": "Warszawie",
        "name:de": "Warschau",
        "name:diq": "Warşowa",
        "name:dsb": "Waršawa",
        "name:ee": "Warsaw",
        "name:el": "Βαρσοβία",
        "name:en": "Warsaw",
        "name:eo": "Varsovio",
        "name:es": "Varsovia",
        "name:et": "Varssavi",
        "name:eu": "Varsovia",
        "name:fa": "ورشو",
        "name:ff": "Warsaw",
        "name:fi": "Varsova",
        "name:fj": "Wosawa",
        "name:fo": "Warszawa",
        "name:fr": "Varsovie",
        "name:frp": "Varsovie",
        "name:fy": "Warsjau",
        "name:ga": "Vársá",
        "name:gag": "Varşava",
        "name:gd": "Warsaw",
        "name:gl": "Varsovia",
        "name:gn": "Varysóvia",
        "name:gv": "Warszawa",
        "name:ha": "Wosaa",
        "name:he": "ורשה",
        "name:hi": "वारसॉ",
        "name:hif": "Warsaw",
        "name:hr": "Varšava",
        "name:hsb": "Waršawa",
        "name:ht": "Vasovi",
        "name:hu": "Varsó",
        "name:hy": "Վարշավա",
        "name:ia": "Varsovia",
        "name:id": "Warsawa",
        "name:ie": "Warszawa",
        "name:ik": "Uasaavaaq",
        "name:io": "Warszawa",
        "name:is": "Varsjá",
        "name:it": "Varsavia",
        "name:ja": "ワルシャワ",
        "name:jbo": "varcavas",
        "name:jv": "Warsawa",
        "name:ka": "ვარშავა",
        "name:kab": "Waṛsu",
        "name:kk": "Варшава",
        "name:kl": "Warszawa",
        "name:kn": "ವಾರ್ಸಾ",
        "name:ko": "바르샤바",
        "name:krc": "Варшава",
        "name:ks": "وارسو",
        "name:ku": "Warşova",
        "name:kv": "Варшава",
        "name:kw": "Warszawa",
        "name:ky": "Варшава",
        "name:la": "Varsovia",
        "name:lb": "Warschau",
        "name:li": "Warschau",
        "name:lij": "Varsavvia",
        "name:lmo": "Varsavia",
        "name:ln": "Warsaw",
        "name:lt": "Varšuva",
        "name:lv": "Varšava",
        "name:mg": "Varsôvia",
        "name:mi": "Waharo",
        "name:mk": "Варшава",
        "name:ml": "വാഴ്സ",
        "name:mn": "Варшав",
        "name:mr": "वर्झावा",
        "name:mrj": "Варшава",
        "name:ms": "Warsaw",
        "name:mt": "Varsavja",
        "name:my": "ဝါဆောမြို့",
        "name:na": "Warsaw",
        "name:nah": "Varsovia",
        "name:nan": "Warszawa",
        "name:nap": "Varsavia",
        "name:nds": "Warschau",
        "name:nl": "Warschau",
        "name:nn": "Warszawa",
        "name:no": "Warszawa",
        "name:nov": "Varsava",
        "name:nv": "Tóigohí",
        "name:ny": "Warsaw",
        "name:oc": "Varsòvia",
        "name:or": "ୱାରସ",
        "name:os": "Варшавæ",
        "name:pa": "ਵਾਰਸਾ",
        "name:pap": "Varsovia",
        "name:pdc": "Woarschau",
        "name:pih": "Worsaaw",
        "name:pl": "Warszawa",
        "name:pms": "Varsavia",
        "name:pnb": "وارسا",
        "name:ps": "وارسا",
        "name:pt": "Varsóvia",
        "name:qu": "Warszawa",
        "name:rm": "Varsovia",
        "name:rn": "Varsovie",
        "name:ro": "Varșovia",
        "name:ru": "Варшава",
        "name:rup": "Varshava",
        "name:sa": "वार्सा",
        "name:sah": "Варшава",
        "name:sc": "Varsavia",
        "name:scn": "Varsavia",
        "name:sco": "Warsaw",
        "name:sd": "وارسا",
        "name:sg": "Warsaw",
        "name:sgs": "Varšova",
        "name:sh": "Varšava",
        "name:sk": "Varšava",
        "name:sl": "Varšava",
        "name:sn": "Warsaw",
        "name:sq": "Varshava",
        "name:sr": "Варшава",
        "name:st": "Warsaw",
        "name:su": "Warsawa",
        "name:sv": "Warszawa",
        "name:sw": "Warshawa",
        "name:szl": "Warszawa",
        "name:ta": "வார்சா",
        "name:te": "వార్సా",
        "name:tet": "Varsóvia",
        "name:tg": "Варшава",
        "name:th": "วอร์ซอ",
        "name:ti": "ዋርሳው",
        "name:tk": "Warşawa",
        "name:tl": "Warsaw",
        "name:to": "Uoasoa",
        "name:tpi": "Woso",
        "name:tr": "Varşova",
        "name:tt": "Варшава",
        "name:tw": "Warsaw",
        "name:ty": "Patava",
        "name:tzl": "Varschava",
        "name:udm": "Варшава",
        "name:ug": "Warshawa",
        "name:uk": "Варшава",
        "name:ur": "وارسا",
        "name:uz": "Varshava",
        "name:vec": "Varsavia",
        "name:vep": "Varšav",
        "name:vi": "Warszawa",
        "name:vo": "Warszawa",
        "name:vro": "Varssavi",
        "name:wal": "Warsso",
        "name:war": "Warsovya",
        "name:wo": "Warsaw",
        "name:xmf": "ვარშავა",
        "name:yi": "ווארשע",
        "name:yo": "Warsaw",
        "name:yue": "華沙",
        "name:zh": "華沙",
        "name:zh-Hans": "华沙",
        "name:zh-Hant": "華沙",
        "name:zu": "IWarshawa",
        "official_name": "miasto stołeczne Warszawa",
        "place": "city",
        "population": "1863845",
        "population:date": "2024-12-31",
        "source:population": "https://demografia.stat.gov.pl/BazaDemografia/CustomSelectData.aspx?s=lud&y=2024&t=00/14/65",
        "teryt:rm": "96",
        "teryt:simc": "0918123",
        "teryt:terc": "1465011",
        "website": "http://www.um.warszawa.pl/",
        "wikidata": "Q270",
        "wikipedia": "pl:Warszawa"
      },
      "geometry": {
        "type": "Point",
        "coordinates": [
          21.0067249,
          52.2319581
        ]
      },
      "id": "node/428339515"
    },
    {
      "type": "Feature",
      "properties": {
        "@id": "node/530544342",
        "admin_level": "2",
        "alt_name:de": "Preßburg",
        "capital": "yes",
        "capital_ISO3166-1": "yes",
        "city_id": "582000",
        "contact:facebook": "Bratislava.sk",
        "contact:instagram": "bratislava.sk",
        "contact:website": "https://bratislava.sk",
        "int_name": "Bratislava",
        "name": "Bratislava",
        "name:am": "ብራቲስላቫ",
        "name:ar": "براتيسلافا",
        "name:arc": "ܒܪܛܝܣܠܐܒܐ",
        "name:av": "Братислава",
        "name:azb": "براتیسلاوا",
        "name:ba": "Братислава",
        "name:bar": "Pressburg",
        "name:be": "Браціслава",
        "name:be-tarask": "Браціслава",
        "name:bg": "Братислава",
        "name:bn": "ব্রাতিস্লাভা",
        "name:bo": "བ་ར་ཏིསི་ལ་བ།",
        "name:br": "Bratislava",
        "name:ca": "Bratislava",
        "name:ce": "Братислава",
        "name:ckb": "براتسیلاڤا",
        "name:cs": "Bratislava",
        "name:cu": "Братислава",
        "name:cv": "Братислава",
        "name:de": "Bratislava",
        "name:diq": "Bratislawa",
        "name:el": "Μπρατισλάβα",
        "name:en": "Bratislava",
        "name:eo": "Bratislavo",
        "name:es": "Bratislava",
        "name:fa": "براتیسلاوا",
        "name:fr": "Bratislava",
        "name:ga": "An Bhratasláiv",
        "name:grc": "Ἰστρόπολις",
        "name:he": "ברטיסלאבה",
        "name:hi": "ब्रातिस्लावा",
        "name:hr": "Bratislava",
        "name:hu": "Pozsony",
        "name:hy": "Բրատիսլավա",
        "name:it": "Bratislava",
        "name:ja": "ブラチスラヴァ",
        "name:ka": "ბრატისლავა",
        "name:kk": "Братислава",
        "name:kn": "ಬ್ರಾಟಿಸ್ಲಾವಾ",
        "name:ko": "브라티슬라바",
        "name:koi": "Братислава",
        "name:ku": "Bratîslava",
        "name:kv": "Братислава",
        "name:ky": "Братислава",
        "name:la": "Posonium",
        "name:lt": "Bratislava",
        "name:mk": "Братислава",
        "name:ml": "ബ്രാട്ടിസ്ലാവ",
        "name:mn": "Братислав",
        "name:mr": "ब्रातिस्लाव्हा",
        "name:nds": "Pressburg",
        "name:ne": "ब्रातिस्लाभा",
        "name:nl": "Bratislava",
        "name:no": "Bratislava",
        "name:oc": "Bratislava",
        "name:os": "Братиславæ",
        "name:pa": "ਬ੍ਰਾਤਿਸਲਾਵਾ",
        "name:pl": "Bratysława",
        "name:pnb": "براتسلاوا",
        "name:ps": "براتیسلاوا",
        "name:pt": "Bratislava",
        "name:ro": "Bratislava",
        "name:ru": "Братислава",
        "name:rue": "Братїслава",
        "name:sah": "Братислава",
        "name:sd": "براٽيسلاوا",
        "name:sk": "Bratislava",
        "name:sq": "Bratisllava",
        "name:sr": "Братислава",
        "name:sv": "Bratislava",
        "name:syc": "ܒܪܛܝܣܠܐܒܐ",
        "name:ta": "பிராத்திஸ்லாவா",
        "name:tg": "Братислава",
        "name:th": "บราติสลาวา",
        "name:tr": "Bratislava",
        "name:tt": "Братислава",
        "name:tw": "Bratislawa",
        "name:udm": "Братислава",
        "name:ug": "براتىسلاۋا",
        "name:uk": "Братислава",
        "name:ur": "براٹیسلاوا",
        "name:vep": "Bratislav",
        "name:wo": "Baratislawa",
        "name:yi": "בראטיסלאווא",
        "name:yue": "布拉迪斯拉發",
        "name:zh": "布拉迪斯拉發",
        "name:zh-Hans": "布拉迪斯拉发",
        "name:zh-Hant": "布拉迪斯拉發",
        "old_name:bar": "Preßburg",
        "old_name:cs": "Prešpurk",
        "old_name:de": "Preßburg",
        "old_name:el": "Istropolis",
        "old_name:en": "Pressburg",
        "old_name:es": "Presburgo",
        "old_name:hr": "Požun",
        "old_name:hu": "Pozsony",
        "old_name:la": "Posonium",
        "old_name:nds": "Preßburg",
        "old_name:pl": "Preszburg;Pożoń",
        "old_name:sk": "Prešporok",
        "place": "city",
        "population": "432801",
        "reg_name:de": "Pressburg",
        "source:name": "http://www.statistics.sk",
        "source:name:br": "ofis publik ar brezhoneg",
        "source:name:oc": "Lo Congrès",
        "wikidata": "Q1780",
        "wikipedia": "sk:Bratislava"
      },
      "geometry": {
        "type": "Point",
        "coordinates": [
          17.1093063,
          48.1516988
        ]
      },
      "id": "node/530544342"
    },
    {
      "type": "Feature",
      "properties": {
        "@id": "node/1372477580",
        "admin_level": "2",
        "alt_name:gl": "Helsinki",
        "alt_name:grc": "Ἑλσιγκία",
        "capital": "yes",
        "capital_ISO3166-1": "yes",
        "gns:ufi": "-1364995",
        "loc_name": "Stadi;Hesa",
        "name": "Helsinki",
        "name:ab": "Ҳельсинки",
        "name:ace": "Hèlsinki",
        "name:af": "Helsinki",
        "name:am": "ሄልሲንኪ",
        "name:ar": "هلسنكي",
        "name:arc": "ܗܠܣܢܩܝ",
        "name:arz": "هيلسينكى",
        "name:ast": "Ḥelsinki",
        "name:av": "Хельсинки",
        "name:azb": "هلسینکی",
        "name:ba": "Хельсинки",
        "name:bat-smg": "Helsėnkis",
        "name:be": "Хельсінкі",
        "name:be-tarask": "Хэльсынкі",
        "name:bg": "Хелзинки",
        "name:bh": "हेलसिंकी",
        "name:bn": "হেলসিঙ্কি",
        "name:bo": "ཧེལ་སིན་ཀི།",
        "name:br": "Helsinki",
        "name:ca": "Hèlsinki",
        "name:ce": "Хельсинки",
        "name:ckb": "ھێلسینکی",
        "name:co": "Helsinchi",
        "name:cs": "Helsinky",
        "name:cu": "Хєлсинки",
        "name:cv": "Хелҫинки",
        "name:de": "Helsinki",
        "name:el": "Ελσίνκι",
        "name:en": "Helsinki",
        "name:eo": "Helsinko",
        "name:es": "Helsinki",
        "name:et": "Helsingi",
        "name:eu": "Helsinki",
        "name:fa": "هلسینکی",
        "name:fi": "Helsinki",
        "name:fr": "Helsinki",
        "name:fy": "Helsinky",
        "name:ga": "Heilsincí",
        "name:gl": "Helsinqui",
        "name:grc": "Ἑλσίγκιον",
        "name:gsw": "Helsinki",
        "name:he": "הלסינקי",
        "name:hi": "हेलसिंकी",
        "name:ht": "Èlzinki",
        "name:hu": "Helsinki",
        "name:hy": "Հելսինկի",
        "name:hyw": "Հելսինքի",
        "name:is": "Helsinki",
        "name:it": "Helsinki",
        "name:iu": "ᕼᐃᐅᓪᓯᓂᑭ",
        "name:ja": "ヘルシンキ",
        "name:ka": "ჰელსინკი",
        "name:kk": "Хельсинки",
        "name:kn": "ಹೆಲ್ಸಿಂಕಿ",
        "name:ko": "헬싱키",
        "name:koi": "Хельсинки",
        "name:ku": "Helsînkî",
        "name:kv": "Хельсинки",
        "name:la": "Helsingia",
        "name:lo": "ເຮວຊິນກິ",
        "name:lt": "Helsinkis",
        "name:lzh": "赫爾辛基",
        "name:mdf": "Хельсинки",
        "name:mhr": "Хельсинки",
        "name:mi": "Herehingiki",
        "name:mk": "Хелсинки",
        "name:ml": "ഹെൽസിങ്കി",
        "name:mn": "Хельсинки",
        "name:mr": "हेलसिंकी",
        "name:mrj": "Хельсинки",
        "name:mt": "Ħelsinki",
        "name:my": "ဟယ်လ်ဆင်ကီမြို့",
        "name:myv": "Хельсинки ош",
        "name:nah": "Helsinqui",
        "name:nb": "Helsingfors",
        "name:ne": "हेल्सिन्कि",
        "name:nl": "Helsinki",
        "name:nn": "Helsingfors",
        "name:no": "Helsingfors",
        "name:nv": "Tótsʼózí Adahiilíní",
        "name:oc": "Helsinki",
        "name:or": "ହେଲସିଙ୍କି",
        "name:os": "Хельсинки",
        "name:pa": "ਹੈਲਸਿੰਕੀ",
        "name:pi": "हेलसिंकी",
        "name:pl": "Helsinki",
        "name:pnb": "ہیلسنکی",
        "name:ps": "هلسينکي",
        "name:pt": "Helsínquia",
        "name:ro": "Helsinki",
        "name:ru": "Хельсинки",
        "name:sah": "Хельсинки",
        "name:sd": "هلسنڪي",
        "name:se": "Helsset",
        "name:sk": "Helsinki",
        "name:smn": "Helsig",
        "name:sr": "Хелсинки",
        "name:su": "Hélsinki",
        "name:sv": "Helsingfors",
        "name:syc": "ܗܠܣܢܩܝ",
        "name:ta": "எல்சிங்கி",
        "name:te": "హెల్సింకి",
        "name:tg": "Ҳелсинкӣ",
        "name:th": "เฮลซิงกิ",
        "name:tl": "Lungsod ng Helsinki",
        "name:to": "Helesingikī",
        "name:tr": "Helsinki",
        "name:tt": "Һелсинки",
        "name:udm": "Хельсинки",
        "name:ug": "Xélsinki",
        "name:uk": "Гельсінкі",
        "name:ur": "ہلسنکی",
        "name:vep": "Hel'sinki",
        "name:vro": "Helsingi",
        "name:wo": "Elsinki",
        "name:xh": "I-Helsinki",
        "name:yi": "העלסינקי",
        "name:yue": "赫爾辛基",
        "name:zh": "赫尔辛基",
        "name:zh-Hans": "赫尔辛基",
        "name:zh-Hant": "赫爾辛基",
        "note": "This spot is used to calculate distance from Helsinki for road signs, aka 0 km Helsinki",
        "place": "city",
        "population": "695526",
        "population:date": "2025-12-31",
        "ref:LOCODE": "FIHEL",
        "source": "gns",
        "source:name:br": "ofis publik ar brezhoneg",
        "source:name:oc": "Lo Congrès",
        "source:population": "Tilastokeskus",
        "url": "http://www.hel.fi",
        "wikidata": "Q1757",
        "wikimedia_commons": "Category:Helsinki",
        "wikipedia": "fi:Helsinki"
      },
      "geometry": {
        "type": "Point",
        "coordinates": [
          24.9435408,
          60.1666204
        ]
      },
      "id": "node/1372477580"
    },
    {
      "type": "Feature",
      "properties": {
        "@id": "node/1501909943",
        "admin_level": "2",
        "alt_name": "Il-Belt",
        "alt_name:ar": "فالتة;لا فاليتا",
        "capital": "yes",
        "capital_ISO3166-1": "yes",
        "name": "Valletta",
        "name:am": "ቫሌታ",
        "name:ar": "البلد فاليتا",
        "name:arz": "فاليتا",
        "name:ba": "Валлетта",
        "name:be": "Валета",
        "name:be-tarask": "Валета",
        "name:bg": "Валета",
        "name:bn": "ভাল্লেত্তা",
        "name:bo": "ཝ་ལེ་ཐ།",
        "name:br": "Valletta",
        "name:ca": "La Valletta",
        "name:ce": "Валлетта",
        "name:ckb": "واڵێتا",
        "name:co": "A Valetta",
        "name:cv": "Валлетта",
        "name:de": "Valletta",
        "name:el": "Βαλέτα",
        "name:en": "Valletta",
        "name:eo": "La-Valeto",
        "name:es": "La Valeta",
        "name:eu": "Valleta",
        "name:fa": "والتا",
        "name:fr": "La Valette",
        "name:ga": "Vaileite",
        "name:gag": "Valetta",
        "name:gcf": "Valèt",
        "name:gl": "A Valeta",
        "name:he": "ולטה",
        "name:hi": "वैलेटा",
        "name:ht": "La Valèt",
        "name:hu": "Valetta",
        "name:hy": "Վալետա",
        "name:is": "Valletta",
        "name:it": "La Valletta",
        "name:ja": "バレッタ",
        "name:ka": "ვალეტა",
        "name:kk": "Валлетта",
        "name:kn": "ವಲೆಟ್ಟ",
        "name:ko": "발레타",
        "name:la": "Valetta",
        "name:lij": "A Valletta",
        "name:lmo": "La Valeta",
        "name:ln": "Valetta",
        "name:lt": "Valeta",
        "name:lv": "Valleta",
        "name:mg": "Valetta",
        "name:mk": "Валета",
        "name:ml": "വലെറ്റ",
        "name:mn": "Валлетта",
        "name:mr": "व्हॅलेटा",
        "name:my": "ဗယ်လက်တာမြို့",
        "name:ne": "भलेट",
        "name:nl": "Valletta",
        "name:no": "Valletta",
        "name:oc": "La Valeta",
        "name:os": "Валлеттæ",
        "name:pa": "ਵਲੈਟਾ",
        "name:pl": "Valletta",
        "name:pms": "La Valëtta",
        "name:pnb": "ولیٹا",
        "name:ps": "والتا",
        "name:pt": "Valeta",
        "name:ro": "Valletta",
        "name:ru": "Валлетта",
        "name:sd": "ويليٽا",
        "name:sk": "Valletta",
        "name:sq": "Valeta",
        "name:sr": "Валета",
        "name:sr-Latn": "Valeta",
        "name:sv": "Valletta",
        "name:ta": "வல்லெட்டா",
        "name:tg": "Валлетта",
        "name:th": "วัลเลตตา",
        "name:tl": "Valeta",
        "name:tr": "Valetta",
        "name:tt": "Валлетта",
        "name:udm": "Валлетта",
        "name:uk": "Валлетта",
        "name:ur": "والیٹا",
        "name:vep": "Vallett",
        "name:wo": "Waleta",
        "name:yi": "וואלעטא",
        "name:yue": "華列他",
        "name:zh": "瓦萊塔",
        "name:zh-Hans": "瓦莱塔",
        "old_name": "Humilissima Civitas Valletta",
        "old_name:it": "Città Umilissima",
        "place": "city",
        "population": "5721",
        "source:name:br": "ofis publik ar brezhoneg",
        "website": "http://www.cityofvalletta.org/cityofvalletta/home.aspx",
        "wikidata": "Q23800",
        "wikimedia_commons": "Category:Valletta",
        "wikipedia": "es:La Valeta"
      },
      "geometry": {
        "type": "Point",
        "coordinates": [
          14.5136607,
          35.8989979
        ]
      },
      "id": "node/1501909943"
    },
    {
      "type": "Feature",
      "properties": {
        "@id": "node/1551865419",
        "admin_level": "2",
        "alt_name:la": "Agranum;Andautonia Classica;Sabbaria;Zagravia;Zagrabria;Zagabria",
        "capital": "yes",
        "capital_ISO3166-1": "yes",
        "ele": "158",
        "int_name": "Zagreb",
        "name": "Zagreb",
        "name:af": "Zagreb",
        "name:am": "ዛግሬብ",
        "name:an": "Zagreb",
        "name:ang": "Agram",
        "name:ar": "زغرب",
        "name:ast": "Zagreb",
        "name:av": "Загреб",
        "name:az": "Zaqreb",
        "name:ba": "Загреб",
        "name:ban": "Zagreb",
        "name:bar": "Zagreb",
        "name:bat-smg": "Zagrėbs",
        "name:bcl": "Zagreb",
        "name:be": "Заграб",
        "name:be-tarask": "Загрэб",
        "name:bg": "Загреб",
        "name:bn": "জাগরেব",
        "name:bo": "ཛག་རེབ།",
        "name:br": "Zagreb",
        "name:bs": "Zagreb",
        "name:ca": "Zagreb",
        "name:cdo": "Zagreb",
        "name:ce": "Загреб",
        "name:ceb": "Zagreb",
        "name:ckb": "زاگرێب",
        "name:co": "Zagabria",
        "name:crh": "Zagreb",
        "name:cs": "Záhřeb",
        "name:cu": "Ꙁагрєбъ",
        "name:cv": "Загреб",
        "name:cy": "Zagreb",
        "name:da": "Zagreb",
        "name:de": "Zagreb",
        "name:dsb": "Zagreb",
        "name:el": "Ζάγκρεμπ",
        "name:en": "Zagreb",
        "name:eo": "Zagrebo",
        "name:es": "Zagreb",
        "name:et": "Zagreb",
        "name:eu": "Zagreb",
        "name:fa": "زاگرب",
        "name:fi": "Zagreb",
        "name:fil": "Zagreb",
        "name:fj": "Zagreb",
        "name:fo": "Zagreb",
        "name:fr": "Zagreb",
        "name:frp": "Zagrèbe",
        "name:frr": "Zagreb",
        "name:fur": "Zagabrie",
        "name:fy": "Zagreb",
        "name:ga": "Ságrab",
        "name:gag": "Zagreb",
        "name:gd": "Zagreb",
        "name:gl": "Zagreb",
        "name:gsw": "Zagreb",
        "name:gv": "Zagreb",
        "name:ha": "Zagreb",
        "name:hak": "Zagreb",
        "name:he": "זגרב",
        "name:hi": "ज़ाग्रेब",
        "name:hif": "Zagreb",
        "name:hr": "Zagreb",
        "name:hsb": "Zahrjeb",
        "name:ht": "Zagreb",
        "name:hu": "Zágráb",
        "name:hy": "Զագրեբ",
        "name:id": "Zagreb",
        "name:ilo": "Zagreb",
        "name:is": "Zagreb",
        "name:it": "Zagabria",
        "name:ja": "ザグレブ",
        "name:jv": "Zagreb",
        "name:ka": "ზაგრები",
        "name:kaa": "Zagreb",
        "name:kab": "Zagreb",
        "name:kk": "Загреб",
        "name:kn": "ಝಾಗ್ರೆಬ್",
        "name:ko": "자그레브",
        "name:ku": "Zagreb",
        "name:kv": "Загреб",
        "name:kw": "Zagreb",
        "name:ky": "Загреб",
        "name:la": "Zagrabia",
        "name:lb": "Zagreb",
        "name:li": "Zaagreb",
        "name:lij": "Zagabbria",
        "name:lmo": "Zagabria",
        "name:ln": "Zagreb",
        "name:lo": "ຊາເກຣບ",
        "name:lt": "Zagrebas",
        "name:lv": "Zagreba",
        "name:mdf": "Загрэб",
        "name:mg": "Zagreb",
        "name:mhr": "Загреб",
        "name:mi": "Zagreb",
        "name:mk": "Загреб",
        "name:ml": "സാഗ്രെബ്",
        "name:mn": "Загреб",
        "name:mr": "झाग्रेब",
        "name:ms": "Zagreb",
        "name:mt": "Żagreb",
        "name:na": "Zagrev",
        "name:nah": "Zagreb",
        "name:nan": "Zagreb",
        "name:nds": "Zagreb",
        "name:ne": "जाग्रेब",
        "name:nl": "Zagreb",
        "name:no": "Zagreb",
        "name:nv": "Shashdziil Bitsį́į́ʼí",
        "name:ny": "Zagreb",
        "name:oc": "Zagrèb",
        "name:os": "Загреб",
        "name:pa": "ਜ਼ਾਗਰਬ",
        "name:pap": "Zagreb",
        "name:pdc": "Zagreb",
        "name:pih": "Sakreb",
        "name:pl": "Zagrzeb",
        "name:pms": "Zagabria",
        "name:pnb": "زغریب",
        "name:pt": "Zagreb",
        "name:pt-BR": "Zagreb",
        "name:rm": "Zagreb",
        "name:ro": "Zagreb",
        "name:ru": "Загреб",
        "name:rue": "Заґреб",
        "name:rw": "Zagreb",
        "name:sah": "Загреб",
        "name:sc": "Zagàbria",
        "name:scn": "Zagabria",
        "name:sco": "Zagreb",
        "name:sd": "زغرب",
        "name:se": "Zagreb",
        "name:sgs": "Zagrėbs",
        "name:sh": "Zagreb",
        "name:si": "සාග්‍රබ්, ක්‍රොඒෂියාව",
        "name:sk": "Záhreb",
        "name:sl": "Zagreb",
        "name:smn": "Zagreb",
        "name:sn": "Zagreb",
        "name:sq": "Zagrebi",
        "name:sr": "Загреб",
        "name:sr-Latn": "Zagreb",
        "name:st": "Zagreb",
        "name:stq": "Zagreb",
        "name:sv": "Zagreb",
        "name:sw": "Zagreb",
        "name:szl": "Zagrzeb",
        "name:ta": "சாகிரேப்",
        "name:tg": "Загреб",
        "name:th": "ซาเกร็บ",
        "name:tk": "Zagreb",
        "name:tl": "Zagreb",
        "name:tr": "Zagreb",
        "name:tt": "Загреб",
        "name:tw": "Zagreb",
        "name:udm": "Загреб",
        "name:ug": "Zagréb",
        "name:uk": "Заґреб",
        "name:ur": "زغرب",
        "name:uz": "Zagreb",
        "name:vec": "Zagavria",
        "name:vep": "Zagreb",
        "name:vi": "Zagreb",
        "name:wa": "Zagreb",
        "name:war": "Zagreb",
        "name:wo": "Sagreb",
        "name:xmf": "ზაგრები",
        "name:yi": "זאגרעב",
        "name:yo": "Zagreb",
        "name:yue": "薩格勒布",
        "name:za": "Zagreb",
        "name:zh": "薩格勒布",
        "name:zh-Hans": "萨格勒布",
        "name:zh-Hant": "薩格勒布",
        "name:zza": "Zagreb",
        "old_name:de": "Agram",
        "place": "city",
        "population": "663592",
        "population:date": "2021-08-31",
        "source:name:br": "ofis publik ar brezhoneg",
        "source:population": "DZS 2021",
        "website": "https://www.zagreb.hr",
        "wikidata": "Q1435",
        "wikipedia": "hr:Zagreb"
      },
      "geometry": {
        "type": "Point",
        "coordinates": [
          15.9772795,
          45.8130967
        ]
      },
      "id": "node/1551865419"
    },
    {
      "type": "Feature",
      "properties": {
        "@id": "node/1601837931",
        "admin_level": "2",
        "capital": "yes",
        "capital_ISO3166-1": "yes",
        "ele": "192",
        "name": "Praha",
        "name:af": "Praag",
        "name:ak": "Prague",
        "name:am": "ፕራግ",
        "name:an": "Praga",
        "name:ar": "براغ",
        "name:arc": "ܦܪܐܓ",
        "name:arz": "براج",
        "name:as": "প্ৰাগ",
        "name:ast": "Praga",
        "name:av": "Прага",
        "name:az": "Praqa",
        "name:ba": "Прага",
        "name:bat-smg": "Praha",
        "name:be": "Прага",
        "name:be-tarask": "Прага",
        "name:bg": "Прага",
        "name:bi": "Prague",
        "name:bn": "প্রাগ",
        "name:bo": "པུ་ལ་ཁེ།",
        "name:br": "Praha",
        "name:bs": "Prag",
        "name:ca": "Praga",
        "name:ce": "Прага",
        "name:ch": "Praga",
        "name:ckb": "پراگ",
        "name:co": "Praga",
        "name:cs": "Praha",
        "name:csb": "Praga",
        "name:cu": "Прага",
        "name:cv": "Прага",
        "name:cy": "Prag",
        "name:da": "Prag",
        "name:de": "Prag",
        "name:dsb": "Praha",
        "name:ee": "Prague",
        "name:el": "Πράγα",
        "name:en": "Prague",
        "name:eo": "Prago",
        "name:es": "Praga",
        "name:et": "Praha",
        "name:eu": "Praga",
        "name:ext": "Praga",
        "name:fa": "پراگ",
        "name:ff": "Prague",
        "name:fi": "Praha",
        "name:fo": "Prag",
        "name:fr": "Prague",
        "name:fur": "Praghe",
        "name:fy": "Praach",
        "name:ga": "Prág",
        "name:gag": "Praga",
        "name:gd": "Pràg",
        "name:gl": "Praga",
        "name:gn": "Praga",
        "name:gv": "Praag",
        "name:ha": "Prag",
        "name:he": "פראג",
        "name:hi": "प्राग",
        "name:hif": "Prague",
        "name:hr": "Prag",
        "name:hsb": "Praha",
        "name:ht": "Prag",
        "name:hu": "Prága",
        "name:hy": "Պրահա",
        "name:ia": "Praga",
        "name:id": "Praha",
        "name:ie": "Praha",
        "name:io": "Praha",
        "name:is": "Prag",
        "name:it": "Praga",
        "name:ja": "プラハ",
        "name:jbo": "pragas",
        "name:jv": "Praha",
        "name:ka": "პრაღა",
        "name:kab": "Prag",
        "name:kg": "Prague",
        "name:ki": "Prague",
        "name:kk": "Прага",
        "name:kl": "Praha",
        "name:km": "ទីក្រុងប្រាក",
        "name:kn": "ಪ್ರಾಗ",
        "name:ko": "프라하",
        "name:krc": "Прага",
        "name:ku": "Prag",
        "name:kv": "Прага",
        "name:kw": "Praha",
        "name:ky": "Прага",
        "name:la": "Praga",
        "name:lad": "Praga",
        "name:lb": "Prag",
        "name:li": "Praag",
        "name:lij": "Praga",
        "name:lmo": "Praga",
        "name:ln": "Prag",
        "name:lo": "ປຣາກ",
        "name:lt": "Praha",
        "name:lv": "Prāga",
        "name:mdf": "Прага",
        "name:mg": "Prague",
        "name:mhr": "Прага",
        "name:mi": "Prague",
        "name:mk": "Прага",
        "name:ml": "പ്രാഗ്",
        "name:mn": "Прага",
        "name:mr": "प्राग",
        "name:ms": "Praha",
        "name:mt": "Praga",
        "name:my": "ပရက်ဂ်မြို့",
        "name:mzn": "پراگ",
        "name:na": "Praha",
        "name:nah": "Praha",
        "name:nan": "Praha",
        "name:nap": "Praga",
        "name:nds": "Prag",
        "name:nds-nl": "Praag",
        "name:ne": "प्राग",
        "name:nl": "Praag",
        "name:nn": "Praha",
        "name:no": "Praha",
        "name:nov": "Praha",
        "name:nrm": "Prague",
        "name:nv": "Tóʼnaa Habitiin",
        "name:oc": "Praga",
        "name:os": "Прагæ",
        "name:pa": "ਪਰਾਗ",
        "name:pam": "Prague",
        "name:pcd": "Prague",
        "name:pl": "Praga",
        "name:pms": "Praga",
        "name:pnb": "پراگ",
        "name:ps": "پراګ",
        "name:pt": "Praga",
        "name:qu": "Praha",
        "name:rm": "Prag",
        "name:rmy": "Praga",
        "name:ro": "Praga",
        "name:roa-rup": "Praga",
        "name:roa-tara": "Praghe",
        "name:ru": "Прага",
        "name:sah": "Прага",
        "name:sc": "Praga",
        "name:sco": "Prague",
        "name:sd": "پراگ",
        "name:se": "Praha",
        "name:sh": "Prag",
        "name:sk": "Praha",
        "name:sl": "Praga",
        "name:sn": "Prague",
        "name:sq": "Praga",
        "name:sr": "Праг",
        "name:sr-Latn": "Prag",
        "name:stq": "Praag",
        "name:sv": "Prag",
        "name:sw": "Praha",
        "name:szl": "Praga",
        "name:ta": "பிராகா",
        "name:te": "ప్రాగ్",
        "name:tg": "Прага",
        "name:th": "ปราก",
        "name:tl": "Praga",
        "name:tr": "Prag",
        "name:tt": "Праһа",
        "name:tzl": "Praha",
        "name:udm": "Прага",
        "name:ug": "پراگا",
        "name:uk": "Прага",
        "name:ur": "پراگ",
        "name:uz": "Praga",
        "name:vec": "Praga",
        "name:vi": "Praha",
        "name:vro": "Praha",
        "name:wal": "Piraage",
        "name:war": "Praga",
        "name:wo": "Prag",
        "name:yi": "פראג",
        "name:yo": "Prague",
        "name:yue": "布拉格",
        "name:zh": "布拉格",
        "name:zu": "IPraha",
        "place": "city",
        "population": "1275406",
        "source": "csu:uir-zsj",
        "website": "https://www.praha.eu/",
        "wikidata": "Q1085",
        "wikipedia": "cs:Praha"
      },
      "geometry": {
        "type": "Point",
        "coordinates": [
          14.4212535,
          50.0874654
        ]
      },
      "id": "node/1601837931"
    },
    {
      "type": "Feature",
      "properties": {
        "@id": "node/1614277087",
        "admin_level": "2",
        "alt_name:ca": "Tiflis",
        "alt_name:ko": "뜨빌리씨",
        "alt_name:ml": "ടിഫ്ലിസ്",
        "capital": "yes",
        "int_name": "Tbilisi",
        "name": "თბილისი",
        "name:ab": "Қарҭ",
        "name:ace": "Tbilisi",
        "name:af": "Tbilisi",
        "name:am": "ትብሊሲ",
        "name:an": "Tbilisi",
        "name:ar": "تبليسي",
        "name:arc": "ܛܒܝܠܝܣܝ",
        "name:av": "Тбилиси",
        "name:ay": "Tbilisi",
        "name:az": "Tbilisi",
        "name:ba": "Тбилиси",
        "name:bat-smg": "Tbėlėsis",
        "name:bcl": "Tbilisi",
        "name:be": "Тбілісі",
        "name:be-tarask": "Тбілісі",
        "name:bg": "Тбилиси",
        "name:bi": "Tbilisi",
        "name:bn": "তিবি‌লিসি",
        "name:bo": "ཁྲེ་བྷི་ལི་སི།",
        "name:br": "Tbilisi",
        "name:bs": "Tbilisi",
        "name:ca": "Tbilissi",
        "name:ce": "Тиблиси",
        "name:ckb": "تبلیس",
        "name:cs": "Tbilisi",
        "name:cu": "Тбилиси",
        "name:cv": "Тбилиси",
        "name:cy": "Tbilisi",
        "name:da": "Tbilisi",
        "name:de": "Tiflis",
        "name:diq": "Tıflis",
        "name:dz": "ཊི་བི་ལི་སི",
        "name:ee": "Tbilisi",
        "name:el": "Τιφλίδα",
        "name:en": "Tbilisi",
        "name:eo": "Tbiliso",
        "name:es": "Tiflis",
        "name:et": "Thbilisi",
        "name:eu": "Tbilisi",
        "name:fa": "تفلیس",
        "name:fi": "Tbilisi",
        "name:fj": "Tbilisi",
        "name:fo": "Tbilisi",
        "name:fr": "Tbilissi",
        "name:frp": "Tbilisi",
        "name:fy": "Tbilisy",
        "name:ga": "Tbilisi",
        "name:gag": "Tbilisi",
        "name:gd": "Tbilisi",
        "name:gl": "Tbilisi",
        "name:gn": "Tivilísi",
        "name:gv": "Tbilisi",
        "name:he": "טביליסי",
        "name:hi": "तिब्लिसी",
        "name:hif": "Tbilisi",
        "name:hr": "Tbilisi",
        "name:hsb": "Tbilisi",
        "name:ht": "Tbilisi",
        "name:hu": "Tbiliszi",
        "name:hy": "Թբիլիսի",
        "name:ia": "Tbilisi",
        "name:id": "Tbilisi",
        "name:ie": "Tbilisi",
        "name:io": "Tbilisi",
        "name:is": "Tíblisi",
        "name:it": "Tbilisi",
        "name:ja": "トビリシ",
        "name:jv": "Tbilisi",
        "name:ka": "თბილისი",
        "name:kab": "Tbilisi",
        "name:kbd": "Тбилиси",
        "name:kk": "Тбилиси",
        "name:km": "ទីប៊ីលីស៊ី",
        "name:kn": "ಟಿಬಿಲಿಸಿ",
        "name:ko": "트빌리시",
        "name:ks": "ٹِبلیسی",
        "name:ku": "Tibîlîsî",
        "name:kv": "Тбилиси",
        "name:ky": "Тбилиси",
        "name:la": "Triphelis",
        "name:lb": "Tiflis",
        "name:lbe": "Ттуплис",
        "name:lij": "Tiblisi",
        "name:lmo": "Tbilisi",
        "name:lt": "Tbilisis",
        "name:lv": "Tbilisi",
        "name:mg": "Tbilisi",
        "name:mhr": "Тбилиси",
        "name:mi": "Tbilisi",
        "name:mk": "Тбилиси",
        "name:ml": "ടിബിലിസി",
        "name:mn": "Тбилис",
        "name:mr": "त्बिलिसी",
        "name:mrj": "Тбилиси",
        "name:ms": "Tbilisi",
        "name:mt": "Tbilisi",
        "name:myv": "Тбилиси ош",
        "name:mzn": "تفلیس",
        "name:nah": "Tbilisi",
        "name:nan": "Tbilisi",
        "name:nb": "Tbilisi",
        "name:nl": "Tbilisi",
        "name:nn": "Tbilisi",
        "name:no": "Tbilisi",
        "name:nov": "Tbilisi",
        "name:nv": "Tó Sido",
        "name:oc": "Tbilissi",
        "name:os": "Тбилис",
        "name:pa": "ਤਬੀਲਿਸੀ",
        "name:pam": "Tbilisi",
        "name:pl": "Tbilisi",
        "name:pms": "Tbilisi",
        "name:pnb": "تبلیسی",
        "name:ps": "تفلیس",
        "name:pt": "Tbilisi",
        "name:qu": "Tbilisi",
        "name:ro": "Tbilisi",
        "name:roa-tara": "Tbilisi",
        "name:ru": "Тбилиси",
        "name:rw": "Tbilisi",
        "name:sah": "Тбилиси",
        "name:sc": "Tbilisi",
        "name:scn": "Tbilisi",
        "name:sco": "Tbilisi",
        "name:sd": "تبليسي",
        "name:se": "Tbilisi",
        "name:sh": "Tbilisi",
        "name:simple": "Tbilisi",
        "name:sk": "Tbilisi",
        "name:sl": "Tbilisi",
        "name:sn": "Tbilisi",
        "name:sq": "Tbilisi",
        "name:sr": "Тбилиси",
        "name:sv": "Tbilisi",
        "name:sw": "Tbilisi",
        "name:szl": "Tbilisi",
        "name:ta": "திபிலீசி",
        "name:tg": "Тбилисӣ",
        "name:th": "ทบิลิซิ",
        "name:tk": "Tiflis",
        "name:tl": "Tbilisi",
        "name:tr": "Tiflis",
        "name:tt": "Tbilisi",
        "name:tw": "Tbilisi",
        "name:ty": "Tbilisi",
        "name:udm": "Тбилиси",
        "name:ug": "تبىلىسى",
        "name:uk": "Тбілісі",
        "name:ur": "تبلیسی",
        "name:uz": "Tbilisi",
        "name:vep": "Tbilisi",
        "name:vi": "Tbilisi",
        "name:vo": "Tbilisi",
        "name:vro": "Thbilisi",
        "name:war": "Tbilisi",
        "name:wo": "Tibilisi",
        "name:xmf": "ქართი",
        "name:yi": "טביליסי",
        "name:yo": "Tbilisi",
        "name:zh": "第比利斯",
        "old_name:pl": "Tyflis",
        "old_name:ru": "Тифлис",
        "place": "city",
        "population": "1282574",
        "population:date": "2025-01-01",
        "source:population": "საქსტატი",
        "wikidata": "Q994",
        "wikimedia_commons": "Category:Tbilisi",
        "wikipedia": "ka:თბილისი"
      },
      "geometry": {
        "type": "Point",
        "coordinates": [
          44.8014495,
          41.6934591
        ]
      },
      "id": "node/1614277087"
    },
    {
      "type": "Feature",
      "properties": {
        "@id": "node/1635651356",
        "ISO3166-1:alpha2": "BE",
        "admin_level": "2",
        "capital": "yes",
        "capital_ISO3166-1": "yes",
        "ele": "70",
        "name": "Bruxelles - Brussel",
        "name:ady": "Брюссел",
        "name:ak": "Brasɛls",
        "name:am": "ብሩክሴል",
        "name:an": "Bruselas",
        "name:ang": "Brysel",
        "name:ar": "بروكسل",
        "name:arc": "ܒܪܘܟܣܠ",
        "name:ary": "بروكسيل",
        "name:arz": "بروكسل",
        "name:ast": "Bruxeles",
        "name:av": "Брюссель",
        "name:az": "Brüssel",
        "name:azb": "بروکسل",
        "name:ba": "Брюссель",
        "name:bar": "Brissl",
        "name:bat-smg": "Briuselis",
        "name:be": "Брусель",
        "name:be-tarask": "Брусэль",
        "name:bg": "Брюксел",
        "name:bho": "ब्रसेल्स",
        "name:bn": "ব্রাসেলস",
        "name:bo": "པུའུ་ལུའུ་སེལ​།",
        "name:br": "Brusel",
        "name:bs": "Brisel",
        "name:ca": "Brussel·les",
        "name:cbk": "Bruselas",
        "name:ce": "Бруссель",
        "name:ceb": "Bruselas",
        "name:ckb": "بروکسێل",
        "name:crh": "Brüksel",
        "name:cs": "Brusel",
        "name:csb": "Bruksela",
        "name:cu": "Брюѯєль",
        "name:cv": "Брюссель",
        "name:cy": "Brwsel",
        "name:da": "Bryssel",
        "name:de": "Brüssel",
        "name:diq": "Bruksel",
        "name:el": "Βρυξέλλες",
        "name:en": "Brussels",
        "name:eo": "Bruselo",
        "name:es": "Bruselas",
        "name:et": "Brüssel",
        "name:eu": "Brusela",
        "name:ext": "Brusselas",
        "name:fa": "بروکسل",
        "name:fi": "Bryssel",
        "name:fr": "Bruxelles",
        "name:frp": "Brussèles",
        "name:ga": "An Bhruiséil",
        "name:gcf": "Brisèl",
        "name:gd": "A' Bhruiseal",
        "name:gl": "Bruxelas",
        "name:got": "𐌱𐍂𐌿𐍃𐌴𐌻",
        "name:grc": "Βρυξέλλαι",
        "name:gsw": "Brüssel",
        "name:gu": "બ્રસેલ્સ",
        "name:gug": "Vuruséla",
        "name:gv": "Yn Vrussyl",
        "name:hak": "Pu-lû-set-ngì",
        "name:he": "בריסל",
        "name:hi": "ब्रसेल्स",
        "name:hr": "Brisel",
        "name:hsb": "Brüssel",
        "name:ht": "Briksèl",
        "name:hu": "Brüsszel",
        "name:hy": "Բրյուսել",
        "name:hyw": "Պրիւքսէլ",
        "name:io": "Bruxel",
        "name:ja": "ブリュッセル",
        "name:jam": "Brosls",
        "name:ka": "ბრიუსელი",
        "name:kaa": "Bryussel",
        "name:kbd": "Брюсел",
        "name:kbp": "Prukisɛɛlɩ",
        "name:kk": "Брюссель",
        "name:kmr": "بروکسەل",
        "name:kn": "ಬ್ರಸೆಲ್ಸ್",
        "name:ko": "브뤼셀",
        "name:ko-KP": "브류쎌",
        "name:ku": "Bruksel",
        "name:ku-Arab": "Bruksel",
        "name:kv": "Брюссель",
        "name:kw": "Brusselas",
        "name:ky": "Брюссель",
        "name:la": "Bruxellae",
        "name:lad": "Bruselas",
        "name:lah": "برسلز",
        "name:lb": "Bréissel",
        "name:lld": "Bruselas",
        "name:lrc": "بورۊکسل",
        "name:lt": "Briuselis",
        "name:lv": "Brisele",
        "name:lzh": "布魯塞爾",
        "name:mdf": "Брюсэль",
        "name:mhr": "Брюссель",
        "name:mi": "Paruhi",
        "name:mk": "Брисел",
        "name:ml": "ബ്രസൽസ്",
        "name:mn": "Брюссель",
        "name:mr": "ब्रसेल्स",
        "name:mt": "Brussell",
        "name:my": "ဘရပ်ဆဲလ်မြို့",
        "name:myv": "Брюссель",
        "name:mzn": "بروکسل",
        "name:nah": "Brusel",
        "name:nds": "Brüssel",
        "name:nds-nl": "Bruzzel",
        "name:ne": "ब्रसेल्स",
        "name:nl": "Brussel",
        "name:nrf": "Brusselle",
        "name:oc": "Brussèlas",
        "name:olo": "Br’ussel’u",
        "name:os": "Брюссель",
        "name:pa": "ਬਰੱਸਲਸ",
        "name:pam": "Bruselas",
        "name:pap": "Brusela",
        "name:pcd": "Brusselle",
        "name:pl": "Bruksela",
        "name:pnb": "برسلز",
        "name:ps": "بروکسل",
        "name:pt": "Bruxelas",
        "name:rm": "Brüssel",
        "name:rmy": "Brusel",
        "name:ru": "Брюссель",
        "name:rue": "Брусел",
        "name:sah": "Брүссель",
        "name:sd": "بروسیلز",
        "name:se": "Bryssel",
        "name:sgs": "Briuselis",
        "name:si": "බෲසෙල්ස්",
        "name:sk": "Brusel",
        "name:sl": "Bruselj",
        "name:smn": "Bryssel",
        "name:so": "Boroksel",
        "name:sq": "Brukseli",
        "name:sr": "Брисел",
        "name:sr-Latn": "Brisel",
        "name:sv": "Bryssel",
        "name:syc": "ܒܪܘܟܣܠ",
        "name:szl": "Bruksela",
        "name:szy": "pulisayl",
        "name:ta": "பிரசெல்சு",
        "name:te": "బ్రసెల్స్",
        "name:tg": "Брюссел",
        "name:th": "บรัสเซลส์",
        "name:tl": "Bruselas",
        "name:tok": "ma tomo Puse",
        "name:tr": "Brüksel",
        "name:tt": "Брюссель",
        "name:tzl": "Brüxell",
        "name:udm": "Брюссель",
        "name:ug": "Bryussél",
        "name:uk": "Брюссель",
        "name:ur": "برسلز",
        "name:vec": "Borseła",
        "name:vep": "Brüssel'",
        "name:vro": "Brüssel",
        "name:wa": "Brussele",
        "name:war": "Bruselas",
        "name:wo": "Burusel",
        "name:wuu": "布鲁塞尔",
        "name:xmf": "ბრიუსელი",
        "name:yi": "בריסל",
        "name:yue": "布魯塞爾",
        "name:zh-Hans": "布鲁塞尔",
        "name:zh-Hant": "布魯塞爾",
        "name:zza": "Bruksel",
        "old_name:hr": "Bruselj",
        "place": "city",
        "population": "194291",
        "short_name": "BXL",
        "start_date": "976",
        "wikidata": "Q239",
        "wikimedia_commons": "Category:Brussels"
      },
      "geometry": {
        "type": "Point",
        "coordinates": [
          4.352493,
          50.8467372
        ]
      },
      "id": "node/1635651356"
    },
    {
      "type": "Feature",
      "properties": {
        "@id": "node/1686293227",
        "addr:country": "RU",
        "addr:region": "Москва",
        "admin_level": "2",
        "alt_name:vi": "Mạc Tư Khoa",
        "capital": "yes",
        "contact:website": "https://www.mos.ru",
        "ele": "130",
        "flag": "https://upload.wikimedia.org/wikipedia/commons/0/03/Flag_of_Moscow%2C_Russia.svg",
        "image": "https://upload.wikimedia.org/wikipedia/commons/0/01/Moscow_July_2011-16.jpg",
        "int_name": "Moscow",
        "is_capital": "country",
        "name": "Москва",
        "name:ab": "Москва",
        "name:ace": "Moskow",
        "name:af": "Moskou",
        "name:ak": "Moscow",
        "name:am": "ሞስኮ",
        "name:an": "Moscú",
        "name:ang": "Moscoƿ",
        "name:ar": "موسكو",
        "name:arc": "ܡܘܣܩܒܐ",
        "name:arz": "موسكو",
        "name:as": "মস্কো",
        "name:ast": "Moscú",
        "name:av": "Москва",
        "name:ay": "Mosku",
        "name:az": "Moskva",
        "name:ba": "Мәскәү",
        "name:bat-smg": "Maskva",
        "name:bcl": "Mosku",
        "name:be": "Масква",
        "name:be-tarask": "Масква",
        "name:ber": "ⵎⵓⵙⴽⵓ",
        "name:bg": "Москва",
        "name:bh": "मास्को",
        "name:bi": "Moskow",
        "name:bm": "Moscow",
        "name:bn": "মস্কো",
        "name:bo": "མོ་སི་ཁོ།",
        "name:br": "Moskov",
        "name:bs": "Moskva",
        "name:bxr": "Мушхаваа",
        "name:ca": "Moscou",
        "name:ce": "Москох",
        "name:ch": "Moscow",
        "name:chm": "Моско",
        "name:chu": "Москва̀",
        "name:ckb": "مۆسکۆ",
        "name:co": "Moscù",
        "name:crh": "Moskva",
        "name:cs": "Moskva",
        "name:csb": "Mòskwa",
        "name:cu": "Москъва",
        "name:cv": "Мускав",
        "name:cy": "Moscfa",
        "name:da": "Moskva",
        "name:de": "Moskau",
        "name:diq": "Moskowa",
        "name:dsb": "Moskwa",
        "name:dv": "މޮސްކޯ",
        "name:dz": "མོསི་ཀོ",
        "name:el": "Μόσχα",
        "name:eml": "Måssca",
        "name:en": "Moscow",
        "name:eo": "Moskvo",
        "name:es": "Moscú",
        "name:et": "Moskva",
        "name:eu": "Mosku",
        "name:ext": "Moscú",
        "name:fa": "مسکو",
        "name:ff": "Moscow",
        "name:fi": "Moskova",
        "name:fj": "Mosiko",
        "name:fo": "Moskva",
        "name:fr": "Moscou",
        "name:frp": "Moscou",
        "name:frr": "Moskva",
        "name:fy": "Moskou",
        "name:ga": "Moscó",
        "name:gag": "Moskva",
        "name:gan": "莫斯科",
        "name:gd": "Mosgo",
        "name:gl": "Moscova - Москва",
        "name:gn": "Mosku",
        "name:gv": "Moscow",
        "name:ha": "Moscow",
        "name:haw": "Mokekao",
        "name:he": "מוסקווה",
        "name:hi": "मास्को",
        "name:hif": "Moscow",
        "name:hr": "Moskva",
        "name:hsb": "Moskwa",
        "name:ht": "Moskou",
        "name:hu": "Moszkva",
        "name:hy": "Մոսկվա",
        "name:ia": "Moscova",
        "name:id": "Moskow",
        "name:ie": "Moskwa",
        "name:ilo": "Moscow",
        "name:io": "Moskva",
        "name:is": "Moskva",
        "name:it": "Mosca",
        "name:iu": "ᒨᔅᑯ",
        "name:ja": "モスクワ",
        "name:jbo": "moskovas",
        "name:jv": "Moskwa",
        "name:ka": "მოსკოვი",
        "name:kaa": "Moskva",
        "name:kab": "Musku",
        "name:kbd": "Мэзкуу",
        "name:kg": "Moskva",
        "name:ki": "Moscow",
        "name:kk": "Мәскеу",
        "name:kl": "Moskva",
        "name:km": "ម៉ូស្គូ",
        "name:kn": "ಮಾಸ್ಕೋ",
        "name:ko": "모스크바",
        "name:koi": "Мӧсква",
        "name:krc": "Москва",
        "name:ks": "ماسکو",
        "name:ku": "Moskow",
        "name:kv": "Мӧскуа",
        "name:kw": "Moskva",
        "name:ky": "Москва",
        "name:la": "Moscua",
        "name:lad": "Mosku",
        "name:lb": "Moskau",
        "name:lbe": "Москав",
        "name:lez": "Москва",
        "name:lg": "Moosko",
        "name:li": "Moskou",
        "name:lij": "Mosca",
        "name:lmo": "Musca",
        "name:ln": "Moskú",
        "name:lo": "ມອສໂກ",
        "name:lt": "Maskva",
        "name:lv": "Maskava",
        "name:lzh": "莫斯科",
        "name:mdf": "Моску",
        "name:mg": "Moskva",
        "name:mhr": "Моско",
        "name:mi": "Mohikau",
        "name:mk": "Москва",
        "name:ml": "മോസ്കോ",
        "name:mn": "Москва",
        "name:mr": "मॉस्को",
        "name:mrj": "Москва",
        "name:ms": "Moscow",
        "name:mt": "Moska",
        "name:mwl": "Moscobo",
        "name:my": "မော်စကိုမြို့",
        "name:myv": "Москов ош",
        "name:mzn": "موسکو",
        "name:na": "Moscow",
        "name:nah": "Moscohuia",
        "name:nan": "Bo̍k-su-kho",
        "name:nap": "Mosca",
        "name:nb": "Moskva",
        "name:nds": "Moskau",
        "name:nds-nl": "Moskou",
        "name:ne": "मस्को",
        "name:nl": "Moskou",
        "name:nn": "Moskva",
        "name:no": "Moskva",
        "name:nov": "Moskva",
        "name:nrm": "Moscou",
        "name:nv": "Halzhin Deezlíní",
        "name:ny": "Moscow",
        "name:oc": "Moscòu",
        "name:om": "Mooskoo",
        "name:or": "ମସ୍କୋ",
        "name:os": "Мæскуы",
        "name:pa": "ਮਾਸਕੋ",
        "name:pap": "Moskou",
        "name:pcd": "Moscou",
        "name:pdc": "Moscow",
        "name:pl": "Moskwa",
        "name:pms": "Mosca",
        "name:pnb": "ماسکو",
        "name:pnt": "Μόσχα",
        "name:ps": "مسکو",
        "name:pt": "Moscovo",
        "name:pt-BR": "Moscou",
        "name:qu": "Moskwa",
        "name:rm": "Moscau",
        "name:rmy": "Moscova",
        "name:rn": "Moscou",
        "name:ro": "Moscova",
        "name:roa-rup": "Moscova",
        "name:roa-tara": "Mosche",
        "name:ru": "Москва",
        "name:ru:word_stress": "Москва́",
        "name:rue": "Москва",
        "name:sa": "मास्कोनगरम्",
        "name:sah": "Москва",
        "name:sc": "Mosca",
        "name:scn": "Mosca",
        "name:sco": "Moscow",
        "name:sd": "ماسڪو",
        "name:se": "Moskva",
        "name:sg": "Moscow",
        "name:sh": "Moskva",
        "name:si": "මොස්කව්",
        "name:simple": "Moscow",
        "name:sk": "Moskva",
        "name:sl": "Moskva",
        "name:sm": "Moscow",
        "name:sn": "Moscow",
        "name:so": "Moskow",
        "name:sq": "Moska",
        "name:sr": "Москва",
        "name:sr-Latn": "Moskva",
        "name:ss": "Moscow",
        "name:st": "Moscow",
        "name:su": "Moskwa",
        "name:sv": "Moskva",
        "name:sw": "Moscow",
        "name:szl": "Moskwa",
        "name:ta": "மாஸ்கோ",
        "name:te": "మాస్కో",
        "name:tet": "Moskovu",
        "name:tg": "Маскав",
        "name:th": "มอสโก",
        "name:tk": "Moskwa",
        "name:tl": "Moscow",
        "name:to": "Mosekou",
        "name:tpi": "Mosko",
        "name:tr": "Moskova",
        "name:tt": "Мәскәү",
        "name:tw": "Moskow",
        "name:ty": "Moscou",
        "name:tzl": "Moscal",
        "name:udm": "Муско",
        "name:ug": "Moskwa",
        "name:uk": "Москва",
        "name:ur": "ماسکو",
        "name:uz": "Moskva",
        "name:vec": "Mosca",
        "name:vep": "Moskv",
        "name:vi": "Moskva",
        "name:vls": "Moskou",
        "name:vo": "Moskva",
        "name:vro": "Moskva",
        "name:wa": "Moscou",
        "name:wal": "Moskko",
        "name:war": "Moscow",
        "name:wo": "Mosku",
        "name:xal": "Москва",
        "name:xh": "Moscou",
        "name:xmf": "მოსკოვი",
        "name:yi": "מאסקווע",
        "name:yo": "Mọ́skò",
        "name:yue": "莫斯科",
        "name:za": "Moscow",
        "name:zea": "Moskou",
        "name:zh": "莫斯科",
        "name:zu": "IMoskwa",
        "note": "эта точка должна быть здесь, в историческом центре Москвы",
        "official_status": "ru:город",
        "okato:user": "none",
        "place": "city",
        "population": "13274285",
        "population:date": "2025-01-01",
        "rank": "0",
        "sqkm": "2561.5",
        "start_date": "1147",
        "wikidata": "Q649",
        "wikimedia_commons": "Category:Moscow",
        "wikipedia": "ru:Москва"
      },
      "geometry": {
        "type": "Point",
        "coordinates": [
          37.6174782,
          55.7505412
        ]
      },
      "id": "node/1686293227"
    },
    {
      "type": "Feature",
      "properties": {
        "@id": "node/1700083447",
        "ISO3166-2": "BG-23",
        "addr:postcode": "1000",
        "admin_level": "2",
        "alt_name:gl": "София",
        "capital": "yes",
        "ekatte": "68134",
        "ele": "595",
        "int_name": "Sofia",
        "is_capital": "country",
        "name": "София",
        "name:af": "Sofia",
        "name:am": "ሶፊያ",
        "name:an": "Sofiya",
        "name:ar": "صوفيا",
        "name:arz": "صوفيا",
        "name:ast": "Sofía",
        "name:av": "Супия",
        "name:az": "Sofiya",
        "name:bat-smg": "Suofėjė",
        "name:be": "Сафія",
        "name:be-tarask": "Сафія",
        "name:bg": "София",
        "name:bn": "সফিয়া",
        "name:bo": "སོ་ཧྥི་ཡ།",
        "name:br": "Sofia",
        "name:bs": "Sofija",
        "name:ca": "Sofia",
        "name:ce": "Софи",
        "name:ckb": "سۆفیا",
        "name:co": "Sofia",
        "name:crh": "Sofiya",
        "name:cs": "Sofie",
        "name:cu": "Софїꙗ",
        "name:cv": "Софи",
        "name:cy": "Sofia",
        "name:da": "Sofia",
        "name:de": "Sofia",
        "name:diq": "Sofya",
        "name:dsb": "Sofija",
        "name:el": "Σόφια",
        "name:en": "Sofia",
        "name:eo": "Sofio",
        "name:es": "Sofía",
        "name:et": "Sofia",
        "name:eu": "Sofia",
        "name:fa": "صوفیه",
        "name:ff": "Sofia",
        "name:fi": "Sofia",
        "name:fo": "Sofia",
        "name:fr": "Sofia",
        "name:fy": "Sofia",
        "name:ga": "Sóifia",
        "name:gag": "Sofiya",
        "name:gd": "Sofia",
        "name:gl": "Sofía",
        "name:gv": "Sofia",
        "name:ha": "Sofiya",
        "name:he": "סופיה",
        "name:hi": "सोफिया",
        "name:hr": "Sofija",
        "name:hsb": "Sofija",
        "name:ht": "Sofia",
        "name:hu": "Szófia",
        "name:hy": "Սոֆիա",
        "name:ia": "Sofia",
        "name:id": "Sofia",
        "name:ie": "Sofia",
        "name:io": "Sofiya",
        "name:is": "Sófía",
        "name:it": "Sofia",
        "name:ja": "ソフィア",
        "name:jv": "Sofia",
        "name:ka": "სოფია",
        "name:kaa": "Sofiya",
        "name:kab": "Sofia",
        "name:kk": "София",
        "name:kn": "ಸೋಫಿಯಾ",
        "name:ko": "소피아",
        "name:ku": "Sofya",
        "name:kv": "София",
        "name:kw": "Sofia",
        "name:ky": "София",
        "name:la": "Serdica",
        "name:lb": "Sofia",
        "name:lez": "София",
        "name:li": "Sofia",
        "name:lij": "Sòfia",
        "name:ln": "Sofia",
        "name:lt": "Sofija",
        "name:lv": "Sofija",
        "name:mg": "Sofia",
        "name:mhr": "Софий",
        "name:mi": "Sofia",
        "name:mk": "Софија",
        "name:ml": "സോഫിയ",
        "name:mn": "Софи",
        "name:mr": "सोफिया",
        "name:ms": "Sofia",
        "name:mt": "Sofija",
        "name:myv": "София",
        "name:nah": "Sofiya",
        "name:nb": "Sofia",
        "name:nl": "Sofia",
        "name:nn": "Sofia",
        "name:no": "Sofia",
        "name:oc": "Sòfia",
        "name:os": "София",
        "name:pa": "ਸੋਫ਼ੀਆ",
        "name:pl": "Sofia",
        "name:pms": "Sòfia",
        "name:pnb": "صوفیہ",
        "name:pt": "Sófia",
        "name:qu": "Sofiya",
        "name:rm": "Sofia",
        "name:rmy": "Sofiya",
        "name:ro": "Sofia",
        "name:ru": "София",
        "name:rw": "Sofiya",
        "name:sah": "София",
        "name:sc": "Sofia",
        "name:sd": "سوفيا",
        "name:se": "Sofia",
        "name:sh": "Sofija",
        "name:sk": "Sofia",
        "name:sl": "Sofija",
        "name:sm": "Sofia",
        "name:sn": "Sofia",
        "name:so": "Sofiya",
        "name:sq": "Sofja",
        "name:sr": "Софија",
        "name:sv": "Sofia",
        "name:sw": "Sofia",
        "name:ta": "சோஃவியா",
        "name:tg": "София",
        "name:th": "โซเฟีย",
        "name:tk": "Sofiýa",
        "name:tl": "Sofia",
        "name:tr": "Sofya",
        "name:tt": "Sofiä",
        "name:tw": "Sofia",
        "name:udm": "София",
        "name:ug": "سوفىيە",
        "name:uk": "Софія",
        "name:ur": "صوفیہ",
        "name:uz": "Sofiya",
        "name:vep": "Sofii",
        "name:vi": "Sofia",
        "name:vo": "Sofiya",
        "name:wal": "Soofiya",
        "name:wo": "Sofiya",
        "name:yi": "סאפיע",
        "name:yo": "Sofia",
        "name:zh": "索菲亞",
        "name:zh-Hans": "索非亚",
        "name:zh-Hant": "索非亞",
        "note": "center has postcode=1000",
        "old_name": "Сердика",
        "place": "city",
        "population": "1286383",
        "source:name:br": "ofis publik ar brezhoneg",
        "website": "https://www.sofia.bg/",
        "wikidata": "Q472",
        "wikipedia": "bg:София"
      },
      "geometry": {
        "type": "Point",
        "coordinates": [
          23.3217359,
          42.6977028
        ]
      },
      "id": "node/1700083447"
    },
    {
      "type": "Feature",
      "properties": {
        "@id": "node/1835254686",
        "ISO3166-1:alpha2": "AL",
        "admin_level": "2",
        "alt_name:gl": "Tiranë",
        "capital": "yes",
        "capital_ISO3166-1": "yes",
        "description": "Tirana është kryeqendra e qarkut dhe rrethit me të njëtin emër dhe kryeqyteti i Republikës së Shqipërisë.",
        "ele": "110",
        "name": "Tiranë",
        "name:af": "Tirana",
        "name:am": "ቲራና",
        "name:an": "Tirana",
        "name:ar": "تيرانا",
        "name:arz": "تيرانا",
        "name:ast": "Tirana",
        "name:ay": "Tirana",
        "name:az": "Tirana",
        "name:ba": "Тирана",
        "name:bat-smg": "Tėrana",
        "name:be": "Тырана",
        "name:be-tarask": "Тырана",
        "name:bg": "Тирана",
        "name:bi": "Tirana",
        "name:bm": "Tirana",
        "name:bn": "তিরানা",
        "name:bo": "ཐིས་རན།",
        "name:br": "Tiranë",
        "name:bs": "Tirana",
        "name:ca": "Tirana",
        "name:ce": "Тирана",
        "name:ch": "Tirana",
        "name:ckb": "تیرانا",
        "name:cs": "Tirana",
        "name:cu": "Тирана",
        "name:cv": "Тирана",
        "name:cy": "Tirana",
        "name:da": "Tirana",
        "name:de": "Tirana",
        "name:dv": "ޓިރާނާ",
        "name:ee": "Tirana",
        "name:el": "Τίρανα",
        "name:en": "Tirana",
        "name:eo": "Tirano",
        "name:es": "Tirana",
        "name:et": "Tirana",
        "name:eu": "Tirana",
        "name:fa": "تیرانا",
        "name:ff": "Tirana",
        "name:fi": "Tirana",
        "name:fj": "Tirana",
        "name:fo": "Tirana",
        "name:fr": "Tirana",
        "name:fy": "Tirana",
        "name:ga": "Tiorána",
        "name:gd": "Tirana",
        "name:gl": "Tirana",
        "name:gn": "Tirána",
        "name:gv": "Tiranë",
        "name:ha": "Tirana",
        "name:he": "טירנה",
        "name:hi": "तिराना",
        "name:hr": "Tirana",
        "name:ht": "Tirana",
        "name:hu": "Tirana",
        "name:hy": "Տիրանա",
        "name:ia": "Tirana",
        "name:id": "Tirana",
        "name:ie": "Tirana",
        "name:ik": "Tirana",
        "name:io": "Tirane",
        "name:is": "Tírana",
        "name:it": "Tirana",
        "name:iu": "ᑎᕋᓇ",
        "name:ja": "ティラナ",
        "name:jv": "Tirana",
        "name:ka": "ტირანა",
        "name:kab": "Tirana",
        "name:kk": "Тирана",
        "name:kl": "Tirana",
        "name:km": "ទីរ៉ាណា",
        "name:kn": "ಟಿರಾಣ",
        "name:ko": "티라나",
        "name:ks": "تِرانا",
        "name:ku": "Tîrana",
        "name:kv": "Тирана",
        "name:kw": "Tirana",
        "name:ky": "Тирана",
        "name:la": "Theranda",
        "name:lb": "Tirana",
        "name:lg": "Tirana",
        "name:li": "Tirana",
        "name:ln": "Tirana",
        "name:lo": "ທິຣານາ",
        "name:lt": "Tirana",
        "name:lv": "Tirāna",
        "name:mg": "Tirana",
        "name:mhr": "Тирана",
        "name:mi": "Tirana",
        "name:mk": "Тирана",
        "name:ml": "ടിറാന",
        "name:mn": "Тирана",
        "name:mr": "तिराना",
        "name:ms": "Tirana",
        "name:mt": "Tirana",
        "name:my": "တီရာနာမြို့",
        "name:nb": "Tirana",
        "name:ne": "टिराना",
        "name:nl": "Tirana",
        "name:nn": "Tirana",
        "name:no": "Tirana",
        "name:nv": "Dziłgaii Yaayí",
        "name:ny": "Tirana",
        "name:oc": "Tirana",
        "name:or": "ଟିରାନା",
        "name:os": "Тиранæ",
        "name:pa": "ਤਿਰਾਨਾ",
        "name:pl": "Tirana",
        "name:pms": "Tiran-a",
        "name:pnb": "تیرانا",
        "name:ps": "تیرانا",
        "name:pt": "Tirana",
        "name:qu": "Tirana",
        "name:rm": "Tirana",
        "name:ro": "Tirana",
        "name:ru": "Тирана",
        "name:rw": "Tirana",
        "name:sah": "Тирана",
        "name:sc": "Tirana",
        "name:sd": "تيرانا",
        "name:se": "Tirana",
        "name:si": "ටිරානා",
        "name:sk": "Tirana",
        "name:sl": "Tirana",
        "name:sm": "Tirana",
        "name:sn": "Tirana",
        "name:sr": "Тирана",
        "name:sv": "Tirana",
        "name:sw": "Tirana",
        "name:ta": "டிரானா",
        "name:tg": "Тирана",
        "name:th": "ติรานา",
        "name:ti": "ቲራና",
        "name:tk": "Tirana",
        "name:tl": "Tirana",
        "name:tn": "Tirana",
        "name:to": "Tilāna",
        "name:tr": "Tiran",
        "name:tt": "Тирана",
        "name:tw": "Tirana",
        "name:ty": "Tirana",
        "name:udm": "Тирана",
        "name:ug": "Tirana",
        "name:uk": "Тирана",
        "name:ur": "تیرانا",
        "name:uz": "Tirana",
        "name:vep": "Tiran",
        "name:vi": "Tirana",
        "name:vo": "Tirana",
        "name:wa": "Tirana",
        "name:wo": "Tirana",
        "name:xh": "Tirana",
        "name:yi": "טיראנא",
        "name:yo": "Tirana",
        "name:za": "Tirana",
        "name:zh": "地拉那",
        "name:zu": "ITirana",
        "place": "city",
        "population": "557422",
        "source:name:br": "ofis publik ar brezhoneg",
        "source:name:oc": "Lo Congrès",
        "website": "https://tirana.al/",
        "wikidata": "Q19689",
        "wikimedia_commons": "Category:Tirana",
        "wikipedia": "sq:Tirana"
      },
      "geometry": {
        "type": "Point",
        "coordinates": [
          19.8184435,
          41.3281482
        ]
      },
      "id": "node/1835254686"
    },
    {
      "type": "Feature",
      "properties": {
        "@id": "node/1893015330",
        "admin_level": "2",
        "alt_name:ar": "الأفقوسية",
        "alt_name:br": "Levkosía",
        "alt_name:grc": "Λήδρα;Καλληνίκησις;Λευκοθέον",
        "alt_name:ru": "Левкосия",
        "capital": "yes",
        "capital_ISO3166-1": "yes",
        "name": "Λευκωσία - Lefkoşa",
        "name:af": "Nicosia",
        "name:am": "ሌፍኮዚያ",
        "name:an": "Nicosia",
        "name:ar": "نيقوسيا",
        "name:arz": "نيكوسيا",
        "name:av": "Никосия",
        "name:az": "Nikosiya",
        "name:az-Arab": "لفکوشا",
        "name:azb": "لفکوشا",
        "name:ba": "Никосия",
        "name:be": "Нікасія",
        "name:bg": "Никозия",
        "name:bn": "নিকোসিয়া",
        "name:bo": "ནེ་ཁོ་ཤི་ཡ།",
        "name:br": "Nikozia",
        "name:bs": "Nikozija",
        "name:ca": "Nicòsia",
        "name:ce": "Никосий",
        "name:ckb": "نیکۆسیا",
        "name:crh": "Lefkoşa",
        "name:cs": "Nikósie",
        "name:cu": "Лєѵкѡсїꙗ",
        "name:cv": "Никосия",
        "name:cy": "Nicosia",
        "name:da": "Nicosia",
        "name:de": "Nikosia",
        "name:el": "Λευκωσία",
        "name:en": "Nicosia",
        "name:eo": "Nikozio",
        "name:es": "Nicosia",
        "name:et": "Nikosia",
        "name:eu": "Nikosia",
        "name:fa": "لفکوشای",
        "name:fi": "Nikosia",
        "name:fo": "Nikosia",
        "name:fr": "Nicosie",
        "name:fy": "Nikosia",
        "name:ga": "An Leafcóis",
        "name:gag": "Lefkoşa",
        "name:gd": "Nicosia",
        "name:gl": "Nicosia",
        "name:gn": "Nikósia",
        "name:grc": "Λευκωσία",
        "name:gv": "Lefkosia",
        "name:ha": "Nicosia",
        "name:he": "ניקוסיה",
        "name:hi": "निकोसिया",
        "name:hr": "Nikozija",
        "name:ht": "Nikozi",
        "name:hu": "Nicosia",
        "name:hy": "Նիկոսիա",
        "name:hyw": "Նիկոսիա",
        "name:ia": "Nicosia",
        "name:id": "Nikosia",
        "name:ie": "Nicosia",
        "name:io": "Nikosia",
        "name:is": "Nikósía",
        "name:it": "Nicosia",
        "name:ja": "ニコシア",
        "name:jv": "Nikosia",
        "name:ka": "ნიქოზია",
        "name:kaa": "Arqa Nikosiya",
        "name:kab": "Niqusya",
        "name:kk": "Никосия",
        "name:kk-Arab": "لەفكوسىييا",
        "name:kl": "Nicosia",
        "name:kn": "ನಿಕೋಸಿಯ",
        "name:ko": "니코시아",
        "name:ks": "نِکوسِیا",
        "name:ku": "Nîkosya",
        "name:ky": "Лефкоша",
        "name:la": "Nicosia",
        "name:lad": "Nikosiya",
        "name:lb": "Nikosia",
        "name:li": "Nicosia",
        "name:lij": "Nicosia",
        "name:lmo": "Nicoséa",
        "name:lt": "Nikosija",
        "name:lv": "Nikosija",
        "name:mdf": "Никосия",
        "name:mg": "Nicosia",
        "name:mi": "Nicosia",
        "name:mk": "Левкозија",
        "name:ml": "നിക്കോഷ്യ",
        "name:mn": "Никози",
        "name:mr": "निकोसिया",
        "name:ms": "Nicosia",
        "name:mt": "Nikosija",
        "name:mzn": "نیکوزیا",
        "name:nah": "Nicosia",
        "name:nan": "Nicosia",
        "name:nap": "Nicosìa",
        "name:nb": "Nikosia",
        "name:ne": "निकोसिया",
        "name:nl": "Nicosia",
        "name:nn": "Levkosía",
        "name:oc": "Nicosia",
        "name:or": "ନିକୋସିଆ",
        "name:os": "Никоси",
        "name:ota": "لفقوشه",
        "name:pa": "ਨਿਕੋਸੀਆ",
        "name:pl": "Nikozja",
        "name:pms": "Nicosìa",
        "name:pnb": "نیکوسیا",
        "name:pnt": "Λευκωσίαν",
        "name:ps": "نیکوزیا",
        "name:pt": "Nicósia",
        "name:ro": "Nicosia",
        "name:ru": "Никосия",
        "name:rw": "Nikosiya",
        "name:sah": "Никосия",
        "name:sc": "Nicosia",
        "name:sco": "Nicosia",
        "name:sd": "نڪوسيا",
        "name:se": "Nikosia",
        "name:sh": "Nikozija",
        "name:sk": "Nikózia",
        "name:sl": "Nikozija",
        "name:sn": "Nicosia",
        "name:sq": "Nicosia",
        "name:sr": "Никозија",
        "name:stq": "Nicosia",
        "name:sv": "Nicosia",
        "name:sw": "Nikosia",
        "name:ta": "நிக்கோசியா",
        "name:tg": "Никосия",
        "name:th": "นิโคเซีย",
        "name:tk": "Lefkoşa",
        "name:tl": "Nicosia",
        "name:tr": "Lefkoşa",
        "name:tt": "Никосия",
        "name:udm": "Никосия",
        "name:ug": "نىكوسىيە",
        "name:uk": "Нікосія",
        "name:ur": "نیکوسیا",
        "name:uz": "Nikosiya",
        "name:vep": "Nikosii",
        "name:vi": "Nicosia",
        "name:vo": "Lefkosia",
        "name:war": "Nicosia",
        "name:yi": "ניקאסיע",
        "name:yo": "Nicosia",
        "name:zh": "尼科西亚",
        "old_name:ar": "الأفقوسية",
        "place": "city",
        "population": "310355",
        "population:date": "2011",
        "source": "UN Gazetteer",
        "website": "http://www.nicosia.org.cy/",
        "wikidata": "Q3856",
        "wikipedia": "el:Λευκωσία"
      },
      "geometry": {
        "type": "Point",
        "coordinates": [
          33.3638783,
          35.1746503
        ]
      },
      "id": "node/1893015330"
    },
    {
      "type": "Feature",
      "properties": {
        "@id": "node/2021709163",
        "admin_level": "2",
        "alt_name:gl": "Saraievo",
        "alt_name:la": "Saraglium",
        "capital": "yes",
        "capital_ISO3166-1": "yes",
        "int_name": "Sarajevo",
        "name": "Sarajevo",
        "name:am": "ሳራዬቮ",
        "name:ang": "Saragefo",
        "name:ar": "سراييفو",
        "name:ast": "Sarayevu",
        "name:av": "Сараево",
        "name:az": "Sarayevo",
        "name:ba": "Сараево",
        "name:ban": "Sarajévo",
        "name:be": "Сараева",
        "name:bg": "Сараево",
        "name:bn": "সারায়েভো",
        "name:br": "Sarajevo",
        "name:bs": "Sarajevo",
        "name:ca": "Sarajevo",
        "name:ce": "Сараево",
        "name:ckb": "سارایێڤۆ",
        "name:crh": "Sarayevo",
        "name:cu": "Сараѥво",
        "name:cv": "Сараево",
        "name:de": "Sarajevo",
        "name:dsb": "Sarajewo",
        "name:el": "Σαράγεβο",
        "name:en": "Sarajevo",
        "name:es": "Sarajevo",
        "name:ext": "Sarajevu",
        "name:fa": "سارایوو",
        "name:ff": "Sarayevo",
        "name:fr": "Sarajevo",
        "name:ga": "Sairéavó",
        "name:gl": "Saraxevo",
        "name:he": "סרייבו",
        "name:hi": "साराजेवो",
        "name:hr": "Sarajevo",
        "name:hsb": "Sarajewo",
        "name:ht": "Sarayevo",
        "name:hu": "Szarajevó",
        "name:hy": "Սարաևո",
        "name:is": "Sarajevó",
        "name:it": "Saraievo",
        "name:ja": "サラエヴォ",
        "name:ka": "სარაევო",
        "name:kaa": "Saraevo",
        "name:kk": "Сараево",
        "name:kn": "ಸಾರಯೇವೊ",
        "name:ko": "사라예보",
        "name:ku": "Sarayevo",
        "name:ky": "Сараево",
        "name:la": "Seraium",
        "name:lij": "Sarajêvo",
        "name:lrc": "سارایاٛ ڤو",
        "name:lt": "Sarajevas",
        "name:lv": "Sarajeva",
        "name:mdf": "Сараево",
        "name:mk": "Сараево",
        "name:ml": "സരയേവോ",
        "name:mn": "Сараево",
        "name:mr": "सारायेव्हो",
        "name:my": "ဆာရာယေဗိုမြို့",
        "name:myv": "Сараево ош",
        "name:nl": "Sarajevo",
        "name:no": "Sarajevo",
        "name:nv": "Naatʼáaniikin",
        "name:oc": "Sarajevo",
        "name:os": "Сараево",
        "name:pa": "ਸਾਰਾਯੇਵੋ",
        "name:pl": "Sarajewo",
        "name:pnb": "سرائیڡو",
        "name:ro": "Sarajevo",
        "name:ru": "Сараево",
        "name:sah": "Сараево",
        "name:scn": "Sarajevu",
        "name:sgs": "Sarajevs",
        "name:sl": "Sarajevo",
        "name:sq": "Sarajeva",
        "name:sr": "Сарајево",
        "name:sr-Latn": "Sarajevo",
        "name:sv": "Sarajevo",
        "name:sw": "Sarayevo",
        "name:szl": "Sarajewo",
        "name:ta": "சாரயேவோ",
        "name:tg": "Сараево",
        "name:th": "ซาราเยโว",
        "name:tr": "Saraybosna",
        "name:tt": "Сараево",
        "name:udm": "Сараево",
        "name:ug": "سارايېۋو",
        "name:uk": "Сараєво",
        "name:ur": "سرائیوو",
        "name:uz": "Sarayevo",
        "name:wo": "Saarayego",
        "name:wuu": "萨拉热窝",
        "name:xmf": "სარაევო",
        "name:yi": "סאראיעווא",
        "name:yue": "薩拉熱窩",
        "name:zh-Hans": "萨拉热窝",
        "name:zh-Hant": "塞拉耶佛",
        "old_name:az": "Saraybosna",
        "old_name:de": "Sarajewo",
        "place": "city",
        "population": "271194",
        "source:name:br": "ofis publik ar brezhoneg",
        "website": "https://www.sarajevo.ba/",
        "wikidata": "Q11194",
        "wikimedia_commons": "Category:Sarajevo",
        "wikipedia": "bs:Sarajevo"
      },
      "geometry": {
        "type": "Point",
        "coordinates": [
          18.4126147,
          43.8570713
        ]
      },
      "id": "node/2021709163"
    },
    {
      "type": "Feature",
      "properties": {
        "@id": "node/2107832620",
        "admin_level": "2",
        "capital": "yes",
        "capital_ISO3166-1": "yes",
        "is_in:country": "Iceland",
        "is_in:iso_3166_2": "IS-0",
        "name": "Reykjavík",
        "name:af": "Reykjavik",
        "name:am": "ሬይኪያቪክ",
        "name:ar": "ريكيافيك",
        "name:av": "Рейкявик",
        "name:ay": "Reykjavik",
        "name:az": "Reykyavik",
        "name:ba": "Рейкьявик",
        "name:be": "Рэйк'явік",
        "name:bg": "Рейкявик",
        "name:bn": "রেইকিয়াভিক",
        "name:bo": "རེཀ་ཇ་བིཀ།",
        "name:ca": "Reykjavík",
        "name:ce": "Рейкьявик",
        "name:ckb": "ڕێکیاڤیک",
        "name:cu": "Рєикꙗвикъ",
        "name:cv": "Рейкьявик",
        "name:da": "Reykjavik",
        "name:de": "Reykjavik",
        "name:el": "Ρέικιαβικ",
        "name:en": "Reykjavik",
        "name:eo": "Rejkjaviko",
        "name:es": "Reikiavik",
        "name:eu": "Reykjavik",
        "name:fa": "ریکیاویک",
        "name:fr": "Reykjavik",
        "name:fy": "Reykjavik",
        "name:ga": "Réicivíc",
        "name:gl": "Reiquiavik",
        "name:gn": "Reikiavik",
        "name:gsw": "Reykjavik",
        "name:ha": "Reykjavik",
        "name:he": "רייקיאוויק",
        "name:hi": "रेक्याविक",
        "name:hr": "Reykjavik",
        "name:ht": "Rèkyavik",
        "name:hu": "Reykjavík",
        "name:hy": "Ռեյկյավիկ",
        "name:is": "Reykjavík",
        "name:it": "Reykjavík",
        "name:ja": "レイキャヴィク",
        "name:ka": "რეიკიავიკი",
        "name:kk": "Рейкьявик",
        "name:ko": "레이캬비크",
        "name:ku": "Reykjavîk",
        "name:kv": "Рейкьявик",
        "name:ky": "Рейкьявик",
        "name:la": "Reykiavica",
        "name:lo": "ເຣກຈາວີກ",
        "name:lt": "Reikjavikas",
        "name:lv": "Reikjavika",
        "name:mi": "Rēkawhiki",
        "name:mk": "Рејкјавик",
        "name:ml": "റെയ്ക്യവിക്",
        "name:mn": "Рейкьявик",
        "name:mr": "रेक्याविक",
        "name:mt": "Rejkjavik",
        "name:nl": "Reykjavik",
        "name:no": "Reykjavík",
        "name:nv": "Siil Nástłʼah",
        "name:oc": "Reykjavik",
        "name:os": "Рейкьявик",
        "name:pa": "ਰੇਕੀਆਵਿਕ",
        "name:pl": "Reykjavík",
        "name:ps": "ریکیاویک",
        "name:pt": "Reiquiavique",
        "name:ro": "Reykjavík",
        "name:ru": "Рейкьявик",
        "name:sd": "ريڪجاويڪ",
        "name:sg": "Reykjavik",
        "name:sk": "Reykjavík",
        "name:sl": "Reykjavik",
        "name:sq": "Rejkjavik",
        "name:sr": "Рејкјавик",
        "name:sv": "Reykjavik",
        "name:ta": "ரெய்க்யவிக்",
        "name:tg": "Рейкявик",
        "name:th": "เรคยาวิก",
        "name:tl": "Reikiavik",
        "name:tt": "Рейкьявик",
        "name:ug": "رېيكياۋىك",
        "name:uk": "Рейк'явік",
        "name:ur": "ریکجاوک",
        "name:uz": "Reykyavik",
        "name:vi": "Reykjavik",
        "name:wo": "Reykjawik",
        "name:yi": "רעקיאוויק",
        "name:zh": "雷克雅未克",
        "old_name:da": "Røgvig",
        "old_name:pl": "Rejkiawik",
        "place": "city",
        "population": "139804",
        "population:date": "2026",
        "source:name:oc": "Lo Congrès",
        "source:population": "https://px.hagstofa.is/pxis/pxweb/is/Ibuar/Ibuar__mannfjoldi__2_byggdir__sveitarfelog/MAN02005.px/",
        "wikidata": "Q1764",
        "wikipedia": "is:Reykjavík"
      },
      "geometry": {
        "type": "Point",
        "coordinates": [
          -21.9422367,
          64.145981
        ]
      },
      "id": "node/2107832620"
    },
    {
      "type": "Feature",
      "properties": {
        "@id": "node/2199688788",
        "admin_level": "2",
        "alt_name:gd": "Doolish",
        "capital": "yes",
        "capital_ISO3166-1": "yes",
        "name": "Douglas",
        "name:af": "Douglas",
        "name:an": "Doolish",
        "name:ar": "دوغلاس",
        "name:az": "Duqlas",
        "name:be": "Дуглас",
        "name:bg": "Дъглас",
        "name:bn": "ডগলাস",
        "name:br": "Doolish",
        "name:bs": "Douglas",
        "name:ca": "Douglas",
        "name:cs": "Douglas",
        "name:cy": "Douglas",
        "name:da": "Douglas",
        "name:de": "Douglas",
        "name:el": "Ντάγκλας",
        "name:en": "Douglas",
        "name:eo": "Douglas",
        "name:es": "Douglas",
        "name:fa": "دوگلاس",
        "name:fi": "Douglas",
        "name:fr": "Douglas",
        "name:fy": "Douglas",
        "name:ga": "Dúlais",
        "name:gd": "Dùghlais",
        "name:gl": "Douglas",
        "name:gv": "Doolish",
        "name:he": "דאגלס",
        "name:hr": "Douglas",
        "name:hu": "Douglas",
        "name:id": "Douglas",
        "name:is": "Douglas",
        "name:it": "Douglas",
        "name:ja": "ダグラス",
        "name:ka": "დუგლასი",
        "name:kk": "Дуглас",
        "name:ko": "더글러스",
        "name:kw": "Doolish",
        "name:lt": "Daglasas",
        "name:lv": "Daglasa",
        "name:mi": "Douglas",
        "name:mk": "Даглас",
        "name:ml": "ഡഗ്ലസ്",
        "name:mr": "डग्लस",
        "name:nb": "Douglas",
        "name:nl": "Douglas",
        "name:nn": "Douglas",
        "name:oc": "Douglas",
        "name:os": "Дуглас",
        "name:pa": "ਡਗਲਸ",
        "name:pl": "Douglas",
        "name:pt": "Douglas",
        "name:ro": "Douglas",
        "name:ru": "Дуглас",
        "name:sc": "Douglas",
        "name:sk": "Douglas",
        "name:sl": "Douglas",
        "name:sr": "Даглас",
        "name:sv": "Douglas",
        "name:ta": "டக்லசு",
        "name:te": "డౌగ్లస్",
        "name:th": "ดักลาส",
        "name:tr": "Douglas",
        "name:uk": "Дуґлас",
        "name:ur": "ڈگلس",
        "name:vi": "Douglas",
        "name:zh": "道格拉斯",
        "place": "city",
        "population": "27938",
        "source:name:br": "same as name",
        "wikidata": "Q18569",
        "wikipedia": "en:Douglas, Isle of Man"
      },
      "geometry": {
        "type": "Point",
        "coordinates": [
          -4.4779021,
          54.149774
        ]
      },
      "id": "node/2199688788"
    },
    {
      "type": "Feature",
      "properties": {
        "@id": "node/2885136501",
        "admin_level": "2",
        "alt_name": "Pristina",
        "alt_name:sq": "Prishtina",
        "capital": "yes",
        "capital_ISO3166-1": "yes",
        "ele": "650",
        "name": "Prishtinë",
        "name:af": "Pristina",
        "name:am": "ፕርሽቲና",
        "name:an": "Pristina",
        "name:ar": "بريشتينا",
        "name:az": "Priştina",
        "name:ba": "Приштина",
        "name:be": "Прышціна",
        "name:be-tarask": "Прышціна",
        "name:bg": "Прищина",
        "name:bn": "প্রিস্টিনা",
        "name:bo": "པི་རི་སི་ཊི་ན།",
        "name:br": "Prishtina",
        "name:bs": "Priština",
        "name:ca": "Pristina",
        "name:ce": "Приштина",
        "name:cnr": "Priština",
        "name:cnr-Cyrl": "Приштина",
        "name:cs": "Priština",
        "name:cy": "Prishtina",
        "name:da": "Pristina",
        "name:de": "Pristina",
        "name:el": "Πρίστινα",
        "name:en": "Pristina",
        "name:eo": "Priŝtino",
        "name:es": "Pristina",
        "name:et": "Prishtina",
        "name:eu": "Pristina",
        "name:fa": "پریشتینا",
        "name:fi": "Pristina",
        "name:fr": "Pristina",
        "name:fy": "Pristina",
        "name:ga": "Pristine",
        "name:gd": "Prishtina",
        "name:gl": "Pristina",
        "name:gv": "Prishtina",
        "name:he": "פרישטינה",
        "name:hr": "Priština",
        "name:hu": "Pristina",
        "name:hy": "Պրիշտինա",
        "name:ia": "Pristina",
        "name:id": "Pristina",
        "name:ie": "Priština",
        "name:io": "Prishtina",
        "name:is": "Pristína",
        "name:it": "Pristina",
        "name:ja": "プリシュティナ",
        "name:jv": "Priština",
        "name:ka": "პრიშტინა",
        "name:kab": "Pristina",
        "name:kk": "Приштина",
        "name:kn": "ಪ್ರಿಸ್ಟೀನೆ",
        "name:ko": "프리슈티나",
        "name:ku": "Priştîna",
        "name:kw": "Prishtina",
        "name:la": "Pristina",
        "name:lb": "Pristina",
        "name:li": "Pristina",
        "name:lt": "Priština",
        "name:lv": "Priština",
        "name:mg": "Pristina",
        "name:mk": "Приштина",
        "name:ml": "പ്രിസ്റ്റീന",
        "name:mn": "Приштина",
        "name:mr": "प्रिस्टिना",
        "name:ms": "Priština",
        "name:mt": "Prixtina",
        "name:nb": "Priština",
        "name:nl": "Pristina",
        "name:nn": "Prishtina",
        "name:oc": "Prishtina",
        "name:os": "Приштинæ",
        "name:pa": "ਪ੍ਰਿਸ਼ਤੀਨਾ",
        "name:pl": "Prisztina",
        "name:ps": "پریشتینا",
        "name:pt": "Pristina",
        "name:ro": "Priștina",
        "name:ru": "Приштина",
        "name:sc": "Pristina",
        "name:sk": "Priština",
        "name:sl": "Priština",
        "name:sm": "Pristina",
        "name:sn": "Pristina",
        "name:sq": "Prishtinë",
        "name:sr": "Приштина",
        "name:sr-Latn": "Priština",
        "name:sv": "Pristina",
        "name:sw": "Prishtina",
        "name:ta": "பிரிஸ்டினா",
        "name:th": "พริสตีนา",
        "name:tr": "Priştine",
        "name:tt": "Приштина",
        "name:uk": "Приштина",
        "name:ur": "پرسٹینا",
        "name:uz": "Prishtina",
        "name:vi": "Priština",
        "name:vo": "Prijtina",
        "name:yo": "Pristina",
        "name:zh": "普里什蒂纳 / 普里斯提納",
        "name:zh-Hans": "普里什蒂纳",
        "name:zh-Hant": "普里斯提納",
        "place": "city",
        "population": "161751",
        "postal_code": "10000",
        "website": "https://kk.rks-gov.net/prishtina/",
        "wikidata": "Q25270",
        "wikimedia_commons": "Category:Pristina",
        "wikipedia": "en:Pristina"
      },
      "geometry": {
        "type": "Point",
        "coordinates": [
          21.1640849,
          42.6638771
        ]
      },
      "id": "node/2885136501"
    },
    {
      "type": "Feature",
      "properties": {
        "@id": "node/3473474851",
        "admin_level": "2",
        "alt_name": "Dublin City",
        "alt_name:ga": "Duibhlinn",
        "alt_name:gv": "Balley Aah Cleeah",
        "capital": "yes",
        "capital_ISO3166-1": "yes",
        "ele": "20",
        "is_capital": "country",
        "name": "Dublin",
        "name:ace": "Dublin",
        "name:ady": "Дублин",
        "name:af": "Dublin",
        "name:als": "Dublin",
        "name:am": "ደብሊን",
        "name:an": "Dublín",
        "name:ang": "Difelin",
        "name:ar": "دبلن",
        "name:arc": "ܕܒܠܢ",
        "name:arz": "دوبلين",
        "name:ast": "Ciudá de Dublín",
        "name:av": "Дублин",
        "name:avk": "Dublin",
        "name:ay": "Dublin",
        "name:az": "Dublin",
        "name:azb": "دوبلین",
        "name:ba": "Дублин",
        "name:ban": "Dublin",
        "name:bar": "Dublin",
        "name:bat-smg": "Doblėns",
        "name:bcl": "Dublin",
        "name:be": "Дублін",
        "name:be-tarask": "Дублін",
        "name:bg": "Дъблин",
        "name:bn": "ডাবলিন",
        "name:bo": "དུབ་ལིན།",
        "name:br": "Dulenn",
        "name:bs": "Dublin",
        "name:bxr": "Дублин",
        "name:ca": "Dublín",
        "name:cdo": "Dublin",
        "name:ce": "Дублин",
        "name:ceb": "Dublin",
        "name:ckb": "دەبڵین",
        "name:crh": "Dublin",
        "name:cs": "Dublin",
        "name:cu": "Доублинъ",
        "name:cv": "Дублин",
        "name:cy": "Dulyn",
        "name:da": "Dublin",
        "name:de": "Dublin",
        "name:diq": "Dublin",
        "name:dsb": "Dublin",
        "name:ee": "Dublin",
        "name:el": "Δουβλίνο",
        "name:en": "Dublin",
        "name:eo": "Dublino",
        "name:es": "Dublín",
        "name:et": "Dublin",
        "name:eu": "Dublin",
        "name:ext": "Dublín",
        "name:fa": "دوبلین",
        "name:fi": "Dublin",
        "name:fo": "Dublin",
        "name:fr": "Dublin",
        "name:frp": "Dublin",
        "name:frr": "Dublin",
        "name:fur": "Dublin",
        "name:fy": "Dublin",
        "name:ga": "Baile Átha Cliath",
        "name:gag": "Dublin",
        "name:gd": "Baile Àtha Cliath",
        "name:gl": "Dublín - Baile Átha Cliath",
        "name:gsw": "Döblìn",
        "name:gv": "Divlyn",
        "name:hak": "Dublin",
        "name:haw": "Kupelina",
        "name:he": "דבלין",
        "name:hi": "डबलिन",
        "name:hif": "Dublin",
        "name:hr": "Dublin",
        "name:hsb": "Dublin",
        "name:ht": "Diblin",
        "name:hu": "Dublin",
        "name:hy": "Դուբլին",
        "name:hyw": "Տապլին",
        "name:ia": "Dublin",
        "name:id": "Dublin",
        "name:ie": "Dublin",
        "name:ilo": "Dublin",
        "name:io": "Dublin",
        "name:is": "Dyflinn",
        "name:it": "Dublino",
        "name:ja": "ダブリン",
        "name:jbo": "dublin",
        "name:jv": "Dublin",
        "name:ka": "დუბლინი",
        "name:kab": "Dublin",
        "name:kk": "Дублин",
        "name:kn": "ಡಬ್ಲಿನ್",
        "name:ko": "더블린",
        "name:krc": "Дублин",
        "name:ku": "Dublîn",
        "name:kw": "Dulyn",
        "name:ky": "Дублин",
        "name:la": "Eblana",
        "name:lad": "Dublin",
        "name:lb": "Dublin",
        "name:lfn": "Dublin",
        "name:li": "Dublin",
        "name:lij": "Dublin",
        "name:lmo": "Düblin",
        "name:ln": "Dublin",
        "name:lt": "Dublinas",
        "name:lv": "Dublina",
        "name:mi": "Tapurini",
        "name:mk": "Даблин",
        "name:ml": "ഡബ്ലിൻ",
        "name:mn": "Дублин",
        "name:mr": "डब्लिन",
        "name:mrj": "Дублин",
        "name:ms": "Dublin",
        "name:mt": "Dublin",
        "name:my": "ဒပ်ဗလင်မြို့",
        "name:myv": "Дублин ош",
        "name:na": "Dublin",
        "name:nah": "Dublin",
        "name:nan": "Dublin",
        "name:nds": "Dublin",
        "name:nds-nl": "Dublin",
        "name:new": "दब्लिन",
        "name:nl": "Dublin",
        "name:nn": "Dublin",
        "name:no": "Dublin",
        "name:nov": "Dublin",
        "name:nrm": "Dublîn",
        "name:nv": "Tóhodiłhił",
        "name:oc": "Dublin",
        "name:om": "Dubliin",
        "name:or": "ଡବଲିନ",
        "name:os": "Дублин",
        "name:pa": "ਡਬਲਿਨ",
        "name:pap": "Dublin",
        "name:pih": "Dublin",
        "name:pl": "Dublin",
        "name:pms": "Dublin",
        "name:pnb": "ڈبلن",
        "name:ps": "ډبلن",
        "name:pt": "Dublin",
        "name:qu": "Baile Átha Cliath",
        "name:rm": "Dublin",
        "name:ro": "Dublin",
        "name:ru": "Дублин",
        "name:rue": "Даблин",
        "name:rw": "Dublin",
        "name:sah": "Дублин",
        "name:sc": "Dublinu",
        "name:scn": "Dublinu",
        "name:sco": "Dublin",
        "name:sd": "ڊبلن",
        "name:se": "Dublin",
        "name:sh": "Dublin",
        "name:sk": "Dublin",
        "name:sl": "Dublin",
        "name:sn": "Dublin",
        "name:so": "Dublin",
        "name:sq": "Dublini",
        "name:sr": "Даблин",
        "name:stq": "Dublin",
        "name:sv": "Dublin",
        "name:sw": "Dublin",
        "name:szl": "Dublin",
        "name:ta": "டப்லின்",
        "name:te": "డబ్లిన్",
        "name:tg": "Дублин",
        "name:th": "ดับลิน",
        "name:tl": "Dublin",
        "name:tpi": "Dublin",
        "name:tr": "Dublin",
        "name:tt": "Дублин",
        "name:udm": "Дублин",
        "name:ug": "دۇبلىن",
        "name:uk": "Дублін",
        "name:ur": "ڈبلن",
        "name:uz": "Dublin",
        "name:vec": "Dublin",
        "name:vep": "Dublin",
        "name:vi": "Dublin",
        "name:vo": "Baile Átha Cliath",
        "name:wa": "Dublin",
        "name:war": "Dublin",
        "name:wo": "Dublin",
        "name:wuu": "都柏林",
        "name:xmf": "დუბლინი",
        "name:yi": "דובלין",
        "name:yo": "Dublin",
        "name:yue": "都柏林",
        "name:zh": "都柏林",
        "place": "city",
        "place_county": "Dublin",
        "population": "554554",
        "source": "gns_ei",
        "source:name:oc": "Lo Congrès",
        "source:population": "https://statbank.cso.ie/px/pxeirestat/Statire/SelectVarVal/Define.asp?maintable=EY006&PLanguage=0",
        "website": "https://www.dublincity.ie/",
        "wikidata": "Q1761",
        "wikimedia_commons": "Category:Dublin",
        "wikipedia": "en:Dublin"
      },
      "geometry": {
        "type": "Point",
        "coordinates": [
          -6.2605593,
          53.3493795
        ]
      },
      "id": "node/3473474851"
    }
  ]
}