{"type":"FeatureCollection","features":[{"type":"Feature","properties":{"band":0},"geometry":{"type":"MultiPolygon","coordinates":[[[[22.7362,45.8612],[22.7774,45.8785],[22.7884,45.8459],[22.8433,45.8651],[22.9532,45.8517],[23.0438,45.7866],[23.2443,45.8497],[23.2663,45.8459],[23.2278,45.8096],[23.129,45.7923],[23.1125,45.7732],[23.0521,45.7732],[23.0219,45.7521],[23.0136,45.7828],[22.9504,45.7655],[22.9532,45.7904],[22.9147,45.7962],[22.89,45.8383],[22.8571,45.8517],[22.7911,45.8383],[22.6813,45.8612],[22.4945,45.8325],[22.4945,45.8727],[22.4506,45.9033],[22.5192,45.8746],[22.7032,45.8938],[22.7362,45.8612]]],[[[22.6373,44.6651],[22.6263,44.6919],[22.6813,44.6593],[22.7719,44.6708],[22.7197,44.6172],[22.7609,44.6019],[22.7609,44.5694],[22.7829,44.5694],[22.8076,44.5368],[22.7911,44.4584],[22.8378,44.4603],[22.8598,44.4909],[22.868,44.4392],[22.912,44.4354],[22.8873,44.4182],[22.9395,44.4105],[22.8955,44.399],[22.901,44.3684],[22.9999,44.3722],[23.0466,44.3914],[23.0603,44.422],[23.0603,44.3895],[23.0219,44.3741],[23.0383,44.3512],[22.9504,44.3493],[22.934,44.3301],[22.9889,44.311],[22.9999,44.3244],[23.0273,44.2727],[23.0438,44.2746],[23.0328,44.3052],[23.0493,44.3186],[23.0521,44.2957],[23.0795,44.2995],[23.063,44.2478],[23.1619,44.1904],[23.1976,44.1885],[23.2031,44.2057],[23.1647,44.2287],[23.2855,44.1923],[23.2993,44.1962],[23.2828,44.2096],[23.3185,44.2115],[23.3459,44.1923],[23.3487,44.2172],[23.2553,44.2478],[23.2086,44.2861],[23.2114,44.2957],[23.28,44.2517],[23.3597,44.2344],[23.4283,44.2593],[23.3762,44.2804],[23.4586,44.2785],[23.4421,44.2995],[23.3871,44.3014],[23.4256,44.3148],[23.3762,44.3129],[23.335,44.334],[23.3899,44.3359],[23.3487,44.3512],[23.486,44.3474],[23.4036,44.3627],[23.4366,44.3722],[23.3624,44.3741],[23.3597,44.3799],[23.4998,44.3875],[23.335,44.3952],[23.4915,44.4201],[23.2745,44.4526],[23.3514,44.4584],[23.3542,44.4737],[23.3185,44.4928],[23.4393,44.4488],[23.4558,44.4526],[23.4366,44.466],[23.4695,44.4564],[23.4805,44.4603],[23.4174,44.5005],[23.2745,44.5253],[23.1949,44.5005],[23.2361,44.533],[23.2169,44.5464],[23.1702,44.5292],[23.2031,44.556],[23.0054,44.5368],[23.1482,44.5617],[23.1592,44.5694],[23.1207,44.577],[23.1619,44.5847],[23.0685,44.6287],[22.9504,44.6344],[22.879,44.6746],[22.8625,44.6976],[22.9532,44.6478],[23.0576,44.6478],[22.9477,44.7091],[22.9779,44.7206],[22.934,44.7608],[22.9834,44.7474],[23.096,44.6478],[23.1702,44.623],[23.2333,44.5732],[23.2938,44.5579],[23.2855,44.5732],[23.291,44.5751],[23.335,44.5445],[23.4036,44.5368],[23.4283,44.5387],[23.3322,44.5751],[23.4174,44.5598],[23.3597,44.6153],[23.2333,44.6363],[23.28,44.6459],[23.2169,44.6593],[23.2416,44.6727],[23.1592,44.7052],[23.1894,44.7148],[23.2773,44.6746],[23.2388,44.7129],[23.2361,44.7186],[23.2388,44.7225],[23.302,44.6612],[23.3542,44.6478],[23.2526,44.7818],[23.1619,44.8277],[23.1207,44.822],[23.1482,44.8316],[23.1235,44.8564],[23.0548,44.8794],[23.0026,44.8698],[22.9944,44.8985],[22.9395,44.9196],[22.9504,44.933],[23.0411,44.9043],[23.0823,44.933],[23.0795,44.9598],[23.1345,44.9426],[23.1482,44.9732],[23.1839,44.9541],[23.2471,44.977],[23.3047,44.9617],[23.3295,44.9273],[23.2196,44.8985],[23.1976,44.8794],[23.2004,44.8545],[23.2828,44.8182],[23.4064,44.8258],[23.313,44.7837],[23.4723,44.5962],[23.4888,44.6057],[23.4586,44.6363],[23.4888,44.6268],[23.4805,44.6574],[23.4229,44.6823],[23.4778,44.6746],[23.4503,44.7206],[23.475,44.7091],[23.4888,44.7263],[23.508,44.7914],[23.5052,44.8852],[23.5217,44.8928],[23.53,44.7397],[23.5492,44.732],[23.5245,44.7148],[23.5217,44.6765],[23.5464,44.6134],[23.5739,44.6191],[23.5574,44.5981],[23.5739,44.5349],[23.5492,44.5139],[23.725,44.4009],[23.6865,44.4507],[23.7003,44.4871],[23.6755,44.5062],[23.6591,44.5923],[23.6288,44.6287],[23.6371,44.667],[23.7112,44.5445],[23.7524,44.5942],[23.725,44.5196],[23.7689,44.4756],[23.7689,44.4392],[23.8266,44.3282],[23.8403,44.3359],[23.8293,44.3627],[23.8321,44.3971],[23.8623,44.3474],[23.92,44.3263],[23.9145,44.3665],[23.9694,44.3569],[23.9804,44.3703],[23.8843,44.3971],[23.909,44.4067],[23.8239,44.4852],[23.9639,44.399],[23.8953,44.4832],[24.0298,44.378],[24.0491,44.3761],[24.0491,44.3952],[24.0079,44.422],[24.0353,44.4258],[23.9282,44.5694],[23.9062,44.6268],[23.9529,44.5866],[23.9832,44.6249],[23.9914,44.5349],[24.0463,44.4986],[24.1122,44.4163],[24.1205,44.4373],[24.1699,44.3837],[24.2029,44.3952],[24.0985,44.533],[24.2029,44.4545],[24.2084,44.5062],[24.1562,44.5464],[24.2194,44.5234],[24.2276,44.5847],[24.1727,44.6268],[24.1809,44.6497],[24.2303,44.6076],[24.2496,44.6153],[24.2276,44.7359],[24.2441,44.7646],[24.2194,44.8718],[24.277,44.9387],[24.2715,44.8564],[24.3045,44.7244],[24.3237,44.7167],[24.3127,44.6938],[24.3402,44.5789],[24.3594,44.5751],[24.3896,44.6076],[24.3457,44.5445],[24.3567,44.5139],[24.3814,44.4966],[24.4116,44.51],[24.3924,44.466],[24.4226,44.4277],[24.4226,44.4488],[24.4446,44.4488],[24.4666,44.4124],[24.5297,44.4277],[24.6039,44.4163],[24.5407,44.4986],[24.5599,44.4986],[24.5737,44.4679],[24.6066,44.4718],[24.6204,44.443],[24.6588,44.4411],[24.6753,44.4603],[24.6973,44.4373],[24.7,44.4603],[24.6616,44.5119],[24.6863,44.5062],[24.689,44.5273],[24.7577,44.4641],[24.7659,44.5368],[24.8016,44.5043],[24.8126,44.4641],[24.95,44.4909],[24.9115,44.5445],[24.9802,44.5119],[25.079,44.51],[25.1038,44.5215],[25.0983,44.5464],[25.1175,44.5483],[25.09,44.5789],[25.1889,44.5674],[25.1944,44.6268],[25.2466,44.6459],[25.2136,44.6708],[25.2466,44.688],[25.4059,44.688],[25.4498,44.6708],[25.5679,44.7397],[25.6064,44.734],[25.6421,44.7588],[25.6476,44.8009],[25.7986,44.7665],[25.8014,44.7952],[25.7547,44.822],[25.9305,44.8737],[25.925,44.8871],[25.9662,44.9253],[26.0046,44.9368],[26.0019,44.9732],[26.0568,44.9426],[26.1612,44.9674],[26.109,44.9234],[26.2134,44.9139],[26.2189,44.9674],[26.1914,44.9885],[26.2189,44.9828],[26.2271,45.023],[26.1557,45.0478],[26.1667,45.0574],[26.2326,45.0497],[26.2408,45.0612],[26.2711,45.0708],[26.2463,45.0517],[26.2601,45.021],[26.2354,44.9521],[26.2463,44.9387],[26.5649,45.0249],[26.6336,45.0574],[26.6418,45.0842],[26.6611,45.0708],[26.6913,45.1454],[26.6473,45.1512],[26.6089,45.1282],[26.5787,45.1206],[26.5512,45.1225],[26.6858,45.1684],[26.6913,45.1952],[26.6666,45.2143],[26.5265,45.2048],[26.5485,45.2277],[26.6666,45.2354],[26.7462,45.1895],[26.7462,45.243],[26.7599,45.2622],[26.7654,45.1933],[26.7929,45.178],[26.8451,45.1933],[26.8726,45.2316],[26.8808,45.2048],[26.9247,45.2239],[27.0071,45.3196],[26.9879,45.3885],[27.0319,45.3636],[27.0538,45.4134],[27.0456,45.4555],[27.0676,45.467],[27.0593,45.4938],[27.0016,45.5091],[26.9714,45.5435],[27.0676,45.5129],[27.0538,45.5397],[27.0621,45.6545],[27.0538,45.6813],[27.0181,45.7005],[27.0538,45.7024],[27.0511,45.7674],[26.9934,45.8383],[27.0676,45.8038],[27.0813,45.8172],[27.0566,45.8383],[27.1198,45.8363],[27.1005,45.8804],[27.1307,45.8785],[27.1307,45.9186],[27.1088,45.9301],[27.1335,45.9493],[27.1335,46.0009],[27.1143,46.0124],[27.1252,46.0239],[26.9824,46.0756],[26.8149,46.1904],[26.7709,46.1981],[26.7709,46.2134],[26.8286,46.2057],[26.8973,46.1521],[27.0209,46.0947],[27.1005,46.0832],[27.0483,46.1885],[26.9879,46.2325],[27.0016,46.2574],[26.9632,46.2765],[26.9769,46.2976],[26.9028,46.3741],[26.8781,46.4488],[26.889,46.489],[26.8588,46.5196],[26.8506,46.577],[26.727,46.6229],[26.7984,46.6287],[26.9,46.5789],[26.8533,46.7722],[26.8671,46.8373],[26.8781,46.8316],[26.8808,46.8373],[26.8341,46.9158],[26.8726,46.9158],[26.922,46.8737],[26.9302,46.8909],[26.8918,46.9866],[26.8039,47.0746],[26.7764,47.134],[26.8176,47.1263],[26.933,47.0038],[26.9852,46.977],[26.9769,46.9426],[27.0071,46.9158],[27.0044,46.8813],[26.9797,46.8143],[26.9412,46.7761],[26.9385,46.7397],[26.9659,46.7091],[26.9577,46.6938],[27.0071,46.6842],[26.9632,46.6631],[27.0374,46.6383],[26.9687,46.6344],[26.9852,46.5904],[27.0511,46.5732],[27.0154,46.554],[27.0264,46.5062],[26.9989,46.4603],[26.9989,46.3512],[27.0154,46.3225],[27.0401,46.3301],[27.0731,46.3684],[27.0813,46.4392],[27.106,46.4354],[27.084,46.3933],[27.084,46.3627],[27.1005,46.3569],[27.0511,46.3052],[27.0538,46.2842],[27.0813,46.2823],[27.1088,46.3129],[27.0786,46.2612],[27.106,46.267],[27.0923,46.244],[27.1225,46.2115],[27.139,46.2306],[27.1609,46.2249],[27.1555,46.1808],[27.2104,46.1196],[27.2186,46.1368],[27.1912,46.1962],[27.2214,46.2],[27.2241,46.177],[27.2461,46.1751],[27.2516,46.0813],[27.2791,46.043],[27.2461,45.9206],[27.2763,45.8861],[27.3065,45.8938],[27.2983,45.9512],[27.3285,45.9512],[27.3422,45.9167],[27.3477,45.9703],[27.323,46.0239],[27.2955,46.0354],[27.3065,46.0737],[27.2791,46.0966],[27.2873,46.2249],[27.2241,46.2651],[27.2433,46.2785],[27.2845,46.2517],[27.2433,46.4086],[27.2626,46.4048],[27.334,46.1694],[27.3395,46.0775],[27.3587,46.0794],[27.3505,46.1234],[27.3669,46.1713],[27.3532,46.1962],[27.3834,46.1847],[27.3834,46.221],[27.334,46.3014],[27.3862,46.2651],[27.3944,46.3569],[27.4136,46.1598],[27.3944,46.1234],[27.4219,46.0469],[27.4136,46.0048],[27.4329,46.0239],[27.4301,46.1368],[27.4493,46.1445],[27.4411,46.2402],[27.4741,46.1694],[27.4796,46.2306],[27.496,46.2172],[27.4988,46.2402],[27.5427,46.2153],[27.5345,46.3186],[27.4658,46.3569],[27.4191,46.4564],[27.3862,46.4794],[27.3999,46.4851],[27.3093,46.577],[27.345,46.5847],[27.4356,46.4794],[27.4905,46.3741],[27.507,46.3684],[27.4658,46.4507],[27.5098,46.4105],[27.529,46.3569],[27.5262,46.4545],[27.5372,46.4488],[27.5482,46.355],[27.5922,46.267],[27.5784,46.133],[27.6251,46.1942],[27.6196,46.2804],[27.6636,46.2459],[27.6498,46.2995],[27.6059,46.3493],[27.6471,46.334],[27.6059,46.4086],[27.6416,46.3895],[27.6608,46.3474],[27.6608,46.4182],[27.6828,46.3914],[27.713,46.2593],[27.7185,46.2899],[27.7295,46.2861],[27.735,46.288],[27.6938,46.4354],[27.7597,46.3206],[27.7597,46.3665],[27.7817,46.3722],[27.7679,46.4105],[27.7954,46.4143],[27.7487,46.4411],[27.7679,46.4756],[27.757,46.4985],[27.702,46.4947],[27.6938,46.5292],[27.6471,46.5292],[27.6746,46.5502],[27.5208,46.5483],[27.4081,46.5904],[27.3807,46.6306],[27.3367,46.6478],[27.3862,46.6478],[27.4384,46.6038],[27.4603,46.6],[27.4548,46.6134],[27.4603,46.621],[27.4796,46.5942],[27.496,46.6038],[27.5372,46.5808],[27.5537,46.5962],[27.5235,46.6172],[27.6114,46.5962],[27.5839,46.6287],[27.4631,46.6631],[27.496,46.6746],[27.3944,46.7148],[27.4658,46.7167],[27.5922,46.6555],[27.5482,46.6861],[27.5565,46.7033],[27.4878,46.7435],[27.4191,46.7665],[27.3917,46.7512],[27.3532,46.778],[27.334,46.7646],[27.2845,46.778],[27.2433,46.7416],[27.1719,46.7474],[27.1912,46.7588],[27.1829,46.7761],[27.2351,46.7684],[27.1527,46.8067],[27.1664,46.8201],[27.2131,46.8009],[27.1967,46.8679],[27.2488,46.7875],[27.2681,46.7895],[27.2681,46.8143],[27.2955,46.8067],[27.2955,46.822],[27.3752,46.8029],[27.3038,46.8526],[27.3203,46.8679],[27.2955,46.8871],[27.3312,46.8909],[27.2818,46.9407],[27.2928,46.9655],[27.2351,46.9981],[27.2928,46.9981],[27.312,46.9521],[27.3367,46.9464],[27.3642,46.9062],[27.3615,46.8641],[27.3917,46.8584],[27.4219,46.8029],[27.4301,46.8526],[27.4713,46.7837],[27.4576,46.889],[27.4274,46.9043],[27.4329,46.9234],[27.4658,46.9062],[27.4658,46.9502],[27.4356,46.9789],[27.4823,46.9598],[27.4933,46.9043],[27.4741,46.8832],[27.5153,46.8641],[27.496,46.8201],[27.5235,46.7914],[27.518,46.7722],[27.5427,46.7722],[27.5455,46.9158],[27.5839,46.9081],[27.5757,46.8832],[27.6031,46.8698],[27.5812,46.8143],[27.6196,46.8411],[27.6251,46.8143],[27.5729,46.7512],[27.5894,46.7225],[27.6086,46.7454],[27.6334,46.6785],[27.6306,46.755],[27.6553,46.7627],[27.6553,46.6765],[27.6801,46.6402],[27.7185,46.6287],[27.6965,46.6785],[27.7103,46.7072],[27.6938,46.7282],[27.7103,46.7378],[27.691,46.7761],[27.7185,46.7627],[27.7515,46.6976],[27.7487,46.732],[27.7679,46.7282],[27.7707,46.7454],[27.7048,46.8048],[27.7762,46.7684],[27.7734,46.8048],[27.6746,46.8411],[27.6526,46.8928],[27.6993,46.8564],[27.746,46.8488],[27.7405,46.8813],[27.7075,46.9062],[27.7158,46.9196],[27.7927,46.8239],[27.8036,46.8928],[27.7734,46.954],[27.7872,46.9674],[27.8311,46.889],[27.8174,46.8507],[27.8394,46.8488],[27.8421,46.8258],[27.8009,46.7895],[27.8448,46.7722],[27.7927,46.6938],[27.8009,46.6459],[27.7762,46.6229],[27.7954,46.533],[27.8119,46.5292],[27.8064,46.5828],[27.8229,46.5828],[27.8476,46.667],[27.8613,46.6],[27.8833,46.6134],[27.886,46.6651],[27.9163,46.6172],[27.9327,46.6325],[27.9382,46.6631],[27.8833,46.7167],[27.9492,46.6842],[27.9245,46.732],[27.952,46.732],[27.9492,46.7627],[27.897,46.8373],[27.9712,46.778],[27.9877,46.7148],[27.952,46.5885],[28.0096,46.6268],[27.9382,46.5368],[27.8778,46.5177],[27.8723,46.4813],[27.8503,46.4737],[27.8696,46.4411],[27.8586,46.3971],[27.8833,46.3895],[27.897,46.4296],[27.9135,46.4124],[27.908,46.3512],[27.9547,46.3837],[27.941,46.4756],[27.9959,46.4316],[27.9657,46.4985],[27.9904,46.4928],[27.9959,46.5177],[28.0289,46.4737],[28.0316,46.5349],[28.0563,46.533],[28.0646,46.5828],[28.1003,46.5847],[28.0316,46.6038],[28.0344,46.7799],[27.9492,46.8622],[27.9959,46.8718],[27.886,46.9158],[27.9575,46.9234],[27.8751,46.9579],[27.8229,46.9445],[27.8009,46.9866],[27.7597,46.9981],[27.7267,47.0421],[27.6718,47.0727],[27.6306,47.0421],[27.6471,47.0019],[27.6114,47.0076],[27.562,46.9636],[27.5262,46.9579],[27.5043,46.9885],[27.3779,47.0402],[27.301,47.0517],[27.2186,47.0287],[27.1143,47.0651],[27.0813,47.0459],[27.0428,47.0536],[26.922,47.1493],[26.9247,47.1703],[26.9385,47.1684],[26.9495,47.1703],[26.9193,47.1914],[26.9604,47.2182],[26.9247,47.2507],[26.944,47.2641],[26.8973,47.2966],[26.9385,47.31],[26.9083,47.3349],[26.9275,47.354],[26.8066,47.4115],[26.8918,47.3942],[26.8835,47.4651],[26.8616,47.5148],[26.8369,47.5263],[26.8478,47.5569],[26.8011,47.5722],[26.7957,47.5359],[26.749,47.5282],[26.7242,47.5588],[26.6885,47.5665],[26.6803,47.6105],[26.6473,47.6048],[26.6364,47.6277],[26.5759,47.6488],[26.6721,47.6373],[26.6006,47.6698],[26.6006,47.7024],[26.5594,47.7177],[26.5265,47.7636],[26.4578,47.7847],[26.4359,47.7732],[26.4496,47.8038],[26.4688,47.8057],[26.4606,47.8536],[26.4798,47.8651],[26.3892,47.9167],[26.4029,47.8689],[26.3562,47.8804],[26.3727,47.8957],[26.3507,47.934],[26.304,47.9531],[26.3425,47.9531],[26.3397,47.978],[26.2903,47.9761],[26.2518,48.0086],[26.3123,47.9971],[26.3095,48.0392],[26.326,48.043],[26.3287,48.0143],[26.3947,47.9933],[26.3672,48.0124],[26.3919,48.0354],[26.3809,48.0584],[26.4111,48.0411],[26.4688,48.0469],[26.5375,48.0086],[26.5485,48.0277],[26.5018,48.0411],[26.521,48.0622],[26.4798,48.1215],[26.4523,48.1024],[26.4743,48.0622],[26.4441,48.0603],[26.4029,48.0679],[26.4331,48.0756],[26.4331,48.0985],[26.4029,48.0947],[26.3892,48.1196],[26.4633,48.1406],[26.4468,48.1617],[26.5182,48.1311],[26.5759,48.1502],[26.5485,48.1713],[26.6418,48.1483],[26.6336,48.1942],[26.6913,48.154],[26.7078,48.1636],[26.6913,48.1866],[26.716,48.1885],[26.6858,48.2095],[26.705,48.2287],[26.6473,48.2306],[26.6171,48.2038],[26.5869,48.2134],[26.6061,48.1732],[26.5594,48.1962],[26.499,48.1866],[26.5018,48.1674],[26.4056,48.1732],[26.3947,48.1426],[26.3264,48.154],[26.3342,48.1595],[26.3351,48.1837],[26.4046,48.1894],[26.4923,48.2185],[26.5291,48.2099],[26.5735,48.2407],[26.6221,48.2409],[26.6302,48.2596],[26.6672,48.2464],[26.6948,48.2618],[26.7203,48.2466],[26.8067,48.2546],[26.8294,48.2293],[26.8855,48.2016],[26.9435,48.1957],[26.9551,48.1363],[27.0407,48.1053],[27.0271,48.0874],[27.079,48.0526],[27.0921,48.0222],[27.1233,47.993],[27.1615,47.9962],[27.1497,47.9599],[27.1753,47.95],[27.152,47.921],[27.1938,47.9067],[27.2139,47.8501],[27.2164,47.8166],[27.2502,47.7934],[27.2856,47.7445],[27.2676,47.712],[27.3333,47.6277],[27.3589,47.6209],[27.3737,47.5967],[27.4049,47.5828],[27.4572,47.5199],[27.4758,47.4848],[27.5163,47.4737],[27.5419,47.4789],[27.5697,47.4655],[27.5525,47.4333],[27.5751,47.4188],[27.569,47.3731],[27.6152,47.3387],[27.6041,47.3286],[27.6341,47.3023],[27.6597,47.304],[27.7057,47.2893],[27.727,47.2955],[27.7448,47.245],[27.7753,47.2287],[27.8037,47.1877],[27.8011,47.1378],[27.8325,47.1157],[27.8839,47.0985],[27.9174,47.0668],[27.9563,47.0584],[27.9946,47.0293],[28.0211,47.023],[28.096,46.9765],[28.0785,46.962],[28.0994,46.9267],[28.0865,46.8979],[28.1144,46.89],[28.1075,46.8659],[28.1144,46.822],[28.1522,46.7975],[28.1864,46.7251],[28.2349,46.6747],[28.2418,46.6276],[28.2332,46.5631],[28.2098,46.507],[28.2556,46.4632],[28.2578,46.4251],[28.1975,46.3701],[28.1842,46.3333],[28.2063,46.317],[28.1725,46.2907],[28.1367,46.2799],[28.1334,46.2512],[28.1081,46.2143],[28.1415,46.192],[28.1263,46.1553],[28.1298,46.1257],[28.0898,46.0718],[28.1051,46.0525],[28.0859,46.009],[28.1256,45.9219],[28.1121,45.8993],[28.1328,45.8764],[28.1088,45.8306],[28.1204,45.7911],[28.1508,45.7448],[28.167,45.7359],[28.1606,45.7044],[28.1734,45.6473],[28.1495,45.626],[28.108,45.6203],[28.0924,45.598],[28.1358,45.573],[28.1655,45.5454],[28.1605,45.5108],[28.1884,45.4732],[28.2139,45.4672],[28.2559,45.4578],[28.2867,45.4334],[28.2853,45.3996],[28.317,45.3563],[28.3145,45.356],[28.3173,45.3158],[28.3475,45.2909],[28.3887,45.2718],[28.4299,45.2794],[28.4299,45.2949],[28.5317,45.2627],[28.5689,45.2482],[28.6208,45.245],[28.5919,45.2335],[28.5919,45.2163],[28.6771,45.1952],[28.7238,45.2048],[28.7138,45.2237],[28.7139,45.2236],[28.7733,45.2386],[28.7814,45.2354],[28.7881,45.2423],[28.7926,45.2435],[28.7908,45.2452],[28.7924,45.2469],[28.7878,45.248],[28.7704,45.2641],[28.7704,45.2641],[28.7704,45.2641],[28.7519,45.2813],[28.7934,45.2931],[28.8165,45.3363],[28.8496,45.3161],[28.8742,45.3161],[28.9147,45.2874],[28.9473,45.2822],[28.9486,45.3097],[28.9515,45.3112],[28.949,45.3024],[28.96,45.3081],[28.9523,45.3117],[29.0135,45.3443],[29.0204,45.3445],[29.0207,45.3481],[29.0441,45.3605],[29.0946,45.3721],[29.0616,45.3387],[29.1625,45.3944],[29.179,45.4],[29.2001,45.4117],[29.2017,45.4115],[29.2007,45.412],[29.2382,45.4327],[29.2938,45.4282],[29.3235,45.4481],[29.3635,45.4362],[29.4297,45.4426],[29.4673,45.4261],[29.4406,45.4287],[29.4186,45.4076],[29.4269,45.3885],[29.4763,45.3942],[29.4708,45.4096],[29.5203,45.4038],[29.5203,45.3885],[29.4406,45.377],[29.4763,45.3541],[29.5395,45.356],[29.5285,45.3808],[29.556,45.3751],[29.5736,45.3977],[29.589,45.3902],[29.5914,45.3883],[29.5834,45.3579],[29.6486,45.3366],[29.6175,45.3069],[29.6109,45.3081],[29.6165,45.3059],[29.6033,45.2933],[29.6045,45.2798],[29.5917,45.2832],[29.6084,45.2367],[29.6143,45.1714],[29.5917,45.1703],[29.5395,45.1186],[29.4983,45.1129],[29.5395,45.0765],[29.5587,45.0804],[29.5615,45.1129],[29.6054,45.1072],[29.6082,45.0804],[29.6226,45.0786],[29.6265,45.0355],[29.5929,45.0206],[29.5093,45.0057],[29.5862,45.0631],[29.5505,45.044],[29.5285,45.0727],[29.5175,45.0574],[29.4708,45.0842],[29.4598,45.023],[29.4379,45.0325],[29.4516,45.0555],[29.4049,45.0306],[29.4598,45.0057],[29.4543,44.9828],[29.3939,45.0115],[29.4214,44.9808],[29.4159,44.9617],[29.3555,44.9789],[29.3802,44.9387],[29.3005,44.9502],[29.3225,44.9215],[29.3582,44.9253],[29.3635,44.9187],[29.2224,44.8561],[29.2209,44.8564],[29.2126,44.8756],[29.1989,44.8545],[29.1907,44.8737],[29.0616,44.8775],[29.0584,44.846],[29.0483,44.8491],[29.0451,44.8813],[29.1083,44.9024],[29.0891,44.9541],[28.9682,44.9521],[28.9545,44.9311],[28.9023,44.9407],[28.9078,44.9215],[28.8722,44.9033],[28.8379,44.9139],[28.7798,44.6633],[28.7704,44.6612],[28.7155,44.6804],[28.7183,44.6421],[28.7708,44.6246],[28.7457,44.5164],[28.7375,44.5177],[28.7238,44.489],[28.688,44.4813],[28.7155,44.4622],[28.71,44.443],[28.7278,44.4391],[28.6954,44.2996],[28.6908,44.2938],[28.6386,44.2727],[28.6249,44.2363],[28.5754,44.2191],[28.6166,44.1808],[28.6221,44.2191],[28.66,44.1467],[28.6272,44.0053],[28.6194,44.0143],[28.6166,44.0048],[28.627,44.0048],[28.5652,43.7382],[28.4465,43.7337],[28.3487,43.7522],[28.2362,43.7585],[28.1159,43.7972],[27.9944,43.8429],[27.9765,43.9008],[27.9542,43.9401],[27.9442,43.9847],[27.9168,44.0083],[27.8443,43.9668],[27.7543,43.9584],[27.7378,43.9588],[27.7377,43.9588],[27.7377,43.9588],[27.7101,43.9594],[27.6736,44.0298],[27.6427,44.047],[27.6119,44.0122],[27.4691,44.0225],[27.3993,44.0122],[27.3562,44.0587],[27.2913,44.0751],[27.2682,44.1279],[27.235,44.1157],[27.1947,44.1175],[27.1478,44.1406],[27.0849,44.1336],[27.0465,44.1486],[26.9881,44.1316],[26.9394,44.1384],[26.8252,44.1047],[26.774,44.0807],[26.738,44.075],[26.6988,44.08],[26.6359,44.0591],[26.5707,44.0583],[26.5008,44.0445],[26.4216,44.0355],[26.3833,44.0427],[26.2986,44.0242],[26.2253,43.994],[26.1393,43.9838],[26.1037,43.9698],[26.0635,43.911],[26.003,43.8866],[25.9485,43.8562],[25.8501,43.7601],[25.8264,43.7562],[25.7832,43.7108],[25.7291,43.6877],[25.6477,43.6844],[25.5729,43.6452],[25.5026,43.6489],[25.4445,43.6279],[25.401,43.6188],[25.3679,43.6246],[25.2823,43.6571],[25.2458,43.6881],[25.1826,43.7006],[25.1323,43.6855],[25.0743,43.6892],[25.0221,43.7084],[25.009,43.7214],[24.962,43.7313],[24.9011,43.7112],[24.808,43.7095],[24.7412,43.6845],[24.7102,43.6889],[24.6399,43.7317],[24.5888,43.7526],[24.5025,43.7614],[24.4483,43.7431],[24.407,43.7363],[24.38,43.7107],[24.349,43.6981],[24.3027,43.6986],[24.1936,43.6834],[24.0841,43.703],[23.9881,43.7459],[23.8886,43.7481],[23.7653,43.7859],[23.7551,43.8025],[23.6923,43.8062],[23.6254,43.7911],[23.5419,43.8178],[23.5113,43.8378],[23.4842,43.8381],[23.4273,43.854],[23.3409,43.8531],[23.2602,43.8451],[23.1774,43.822],[23.1411,43.8053],[23.0607,43.797],[22.9921,43.8069],[22.8805,43.8331],[22.8551,43.8474],[22.8415,43.882],[22.8771,43.9747],[22.8906,43.9895],[22.9371,44.003],[23.0092,44.0113],[23.0458,44.0572],[23.0435,44.0755],[22.9973,44.0959],[22.9223,44.1008],[22.8669,44.1349],[22.7948,44.1615],[22.7647,44.1861],[22.676,44.2162],[22.6834,44.2716],[22.6501,44.2918],[22.6095,44.2946],[22.5579,44.309],[22.5247,44.339],[22.5047,44.3782],[22.4975,44.4222],[22.4673,44.441],[22.4574,44.4675],[22.4748,44.4806],[22.5154,44.4723],[22.5505,44.4827],[22.5643,44.5356],[22.5984,44.5525],[22.6411,44.5451],[22.6991,44.5167],[22.755,44.5352],[22.7544,44.565],[22.7128,44.5988],[22.6696,44.6191],[22.6134,44.6172],[22.6057,44.6208],[22.6099,44.6306],[22.5844,44.6306],[22.572,44.6363],[22.6346,44.6459],[22.6154,44.6612],[22.6373,44.6651]],[[27.9492,46.5847],[27.952,46.5847],[27.952,46.5885],[27.9492,46.5847]],[[27.9465,46.5828],[27.9492,46.5828],[27.9492,46.5847],[27.9465,46.5828]],[[27.9437,46.5808],[27.9465,46.5808],[27.9465,46.5828],[27.9437,46.5808]],[[29.5807,45.3311],[29.6054,45.3119],[29.6054,45.3273],[29.5807,45.3311]],[[29.5807,45.2679],[29.5697,45.2794],[29.5697,45.2718],[29.5807,45.2679]],[[29.5587,45.3349],[29.556,45.3024],[29.5807,45.2966],[29.5587,45.3349]],[[29.556,45.3426],[29.545,45.356],[29.5477,45.3426],[29.556,45.3426]],[[29.4901,45.1301],[29.4846,45.1263],[29.4901,45.1263],[29.4901,45.1301]],[[29.4846,45.2756],[29.3884,45.2641],[29.4434,45.2354],[29.4846,45.2756]],[[29.4461,45.1818],[29.4653,45.1684],[29.4681,45.1837],[29.4461,45.1818]],[[29.4434,45.1072],[29.4571,45.0957],[29.4626,45.1072],[29.4434,45.1072]],[[29.4434,45.3598],[29.4406,45.3579],[29.4434,45.3579],[29.4434,45.3598]],[[29.4434,45.0],[29.4406,44.9962],[29.4434,44.9962],[29.4434,45.0]],[[29.4131,45.1033],[29.3884,45.0919],[29.3912,45.0651],[29.4241,45.0861],[29.4131,45.1033]],[[29.361,45.1914],[29.3362,45.2029],[29.2813,45.1741],[29.2896,45.1646],[29.3637,45.1569],[29.3967,45.2009],[29.4241,45.2029],[29.4022,45.2392],[29.3692,45.2507],[29.3692,45.2698],[29.317,45.2277],[29.3527,45.2335],[29.361,45.1914]],[[29.4186,45.3866],[29.4214,45.3847],[29.4214,45.3885],[29.4186,45.3866]],[[29.3829,45.3713],[29.4022,45.3808],[29.3829,45.377],[29.3829,45.3713]],[[29.3829,45.2832],[29.4022,45.2852],[29.3829,45.2966],[29.3829,45.2832]],[[29.3829,45.3139],[29.3967,45.3215],[29.3829,45.3215],[29.3829,45.3139]],[[29.35,45.3464],[29.35,45.3292],[29.3665,45.3349],[29.3665,45.3426],[29.35,45.3464]],[[29.339,45.356],[29.35,45.3636],[29.3362,45.3655],[29.339,45.356]],[[29.3335,45.0612],[29.3472,45.0746],[29.3307,45.0746],[29.3335,45.0612]],[[29.2456,44.9942],[29.3033,45.0115],[29.3417,44.9904],[29.3225,45.0134],[29.3417,45.0344],[29.3088,45.067],[29.2072,45.0478],[29.2538,45.0172],[29.2456,44.9942]],[[29.3005,44.9789],[29.3362,44.9655],[29.3362,44.9751],[29.3005,44.9789]],[[29.3225,45.2852],[29.3307,45.2947],[29.3198,45.2928],[29.3225,45.2852]],[[29.2538,45.1493],[29.2896,45.1033],[29.3115,45.1244],[29.2538,45.1493]],[[29.306,45.1952],[29.3005,45.2029],[29.2978,45.1952],[29.306,45.1952]],[[29.3033,45.0861],[29.2868,45.0976],[29.2868,45.088],[29.3033,45.0861]],[[29.2566,45.2296],[29.2786,45.2239],[29.2841,45.2335],[29.2566,45.2296]],[[29.0176,45.2469],[28.9764,45.2526],[28.9737,45.2277],[29.1302,45.2086],[29.2072,45.2277],[29.2072,45.2564],[29.2319,45.2545],[29.2346,45.2718],[29.2841,45.2507],[29.2758,45.2947],[29.2072,45.2947],[29.1687,45.2756],[29.1605,45.289],[29.1962,45.3043],[29.0863,45.3043],[29.0176,45.2756],[29.0176,45.2469]],[[29.2731,44.9904],[29.2758,44.9942],[29.2731,44.9942],[29.2731,44.9904]],[[29.0808,45.0727],[29.0781,45.0746],[29.0781,45.0727],[29.0808,45.0727]],[[29.0808,45.0536],[29.1165,45.0325],[29.1412,45.0536],[29.1302,45.0765],[29.1934,45.0536],[29.2731,45.0976],[29.2319,45.1129],[29.2209,45.0938],[29.1879,45.1129],[29.1193,45.0957],[29.0808,45.0727],[29.0808,45.0536]],[[29.2676,44.9598],[29.2374,44.9713],[29.2291,44.9292],[29.2484,44.9024],[29.2676,44.9598]],[[29.2401,45.1282],[29.2566,45.1301],[29.2429,45.1397],[29.2401,45.1282]],[[29.2484,45.3024],[29.2566,45.3139],[29.2429,45.3139],[29.2484,45.3024]],[[29.2538,45.1895],[29.2456,45.1818],[29.2538,45.1837],[29.2538,45.1895]],[[29.2181,45.2201],[29.2154,45.2182],[29.2181,45.2182],[29.2181,45.2201]],[[29.2346,45.2258],[29.2209,45.2258],[29.2181,45.2201],[29.2346,45.2258]],[[29.2126,45.3445],[29.1962,45.3426],[29.2099,45.3349],[29.2264,45.3502],[29.2126,45.3445]],[[29.2017,45.1646],[29.2181,45.1588],[29.2209,45.1741],[29.2017,45.1761],[29.2017,45.1646]],[[29.1797,45.0038],[29.2072,45.0191],[29.1742,45.0344],[29.1797,45.0038]],[[29.1989,44.9694],[29.2072,44.977],[29.1962,44.977],[29.1989,44.9694]],[[29.1632,45.333],[29.2072,45.377],[29.133,45.3521],[29.0918,45.3311],[29.1632,45.333]],[[29.1852,45.3234],[29.2017,45.3292],[29.1797,45.3273],[29.1852,45.3234]],[[29.1769,45.3847],[29.1962,45.3866],[29.1989,45.3904],[29.1769,45.3847]],[[29.1687,44.9158],[29.1852,44.9234],[29.1687,44.9215],[29.1687,44.9158]],[[29.1605,44.9885],[29.1742,44.9885],[29.1605,44.9923],[29.1605,44.9885]],[[29.1385,45.1684],[29.111,45.1608],[29.1248,45.1378],[29.155,45.1531],[29.1385,45.1684]],[[29.122,45.1971],[29.1357,45.1761],[29.144,45.1875],[29.122,45.1971]],[[29.1385,44.9081],[29.133,44.9062],[29.1385,44.9062],[29.1385,44.9081]],[[29.1165,44.9636],[29.122,44.9713],[29.1138,44.9674],[29.1165,44.9636]],[[29.0973,45.1244],[29.0753,45.1263],[29.0863,45.1014],[29.0973,45.0976],[29.0973,45.1244]],[[29.0671,45.0746],[29.0588,45.0727],[29.0671,45.0727],[29.0671,45.0746]],[[29.0369,45.1569],[29.0479,45.1703],[29.0341,45.1665],[29.0369,45.1569]],[[29.0012,45.3024],[29.0231,45.31],[28.9984,45.3081],[29.0012,45.3024]],[[28.9984,45.1952],[29.0094,45.1799],[29.0149,45.1895],[28.9984,45.1952]],[[28.9984,45.3349],[28.9957,45.3311],[28.9984,45.3311],[28.9984,45.3349]],[[28.9737,45.2124],[28.9682,45.2086],[28.9737,45.2086],[28.9737,45.2124]],[[28.9462,45.243],[28.9709,45.2603],[28.9435,45.2679],[28.9462,45.243]],[[28.949,45.1091],[28.9682,45.1148],[28.949,45.1167],[28.949,45.1091]],[[28.9572,45.1799],[28.9517,45.1741],[28.9572,45.1741],[28.9572,45.1799]],[[28.9297,45.1588],[28.916,45.1512],[28.9297,45.1435],[28.949,45.1569],[28.9297,45.1588]],[[28.9243,45.199],[28.8226,45.266],[28.7979,45.266],[28.8089,45.2105],[28.8419,45.1856],[28.9243,45.199]],[[28.765,44.8813],[28.7402,44.8832],[28.7595,44.8488],[28.8116,44.8335],[28.765,44.8813]],[[28.8007,44.7875],[28.7979,44.7856],[28.8007,44.7856],[28.8007,44.7875]],[[28.732,44.8201],[28.7128,44.7914],[28.7402,44.7971],[28.732,44.8201]],[[28.6578,44.8105],[28.6716,44.7933],[28.6743,44.8086],[28.6578,44.8105]],[[28.6523,44.3072],[28.6688,44.3167],[28.6523,44.3225],[28.6523,44.3072]],[[28.6139,44.8335],[28.6359,44.8163],[28.6523,44.8258],[28.6139,44.8335]],[[28.6249,44.3148],[28.5645,44.3263],[28.6166,44.2861],[28.6386,44.2995],[28.6249,44.3148]],[[28.3475,44.8928],[28.3667,44.866],[28.2898,44.8584],[28.3392,44.8163],[28.3118,44.778],[28.3475,44.778],[28.3612,44.799],[28.3859,44.7856],[28.3145,44.7206],[28.309,44.7014],[28.3337,44.6861],[28.309,44.6746],[28.32,44.6287],[28.4052,44.6976],[28.4052,44.667],[28.4299,44.6402],[28.5397,44.6115],[28.548,44.6517],[28.5123,44.6746],[28.5095,44.7244],[28.5699,44.7129],[28.5919,44.7301],[28.4656,44.8124],[28.5123,44.8163],[28.548,44.7856],[28.5699,44.8316],[28.5068,44.8335],[28.4299,44.8756],[28.4464,44.8852],[28.5123,44.8507],[28.6057,44.866],[28.6057,44.8832],[28.526,44.8947],[28.4848,44.8718],[28.4821,44.9024],[28.5013,44.9139],[28.4326,44.9292],[28.4573,44.9445],[28.353,44.9387],[28.3694,44.9196],[28.3447,44.9139],[28.3475,44.8928]],[[28.5837,44.778],[28.5782,44.7741],[28.5837,44.7741],[28.5837,44.778]],[[28.3832,45.1014],[28.4216,45.1091],[28.3969,45.0785],[28.4271,45.0287],[28.4601,45.021],[28.4628,45.0612],[28.4958,45.0459],[28.5095,45.0574],[28.5452,45.0096],[28.5617,45.0363],[28.5837,45.0363],[28.5727,45.0593],[28.5397,45.0593],[28.559,45.0785],[28.504,45.1129],[28.4766,45.1091],[28.364,45.1875],[28.3447,45.1799],[28.353,45.134],[28.3832,45.1378],[28.3832,45.1014]],[[28.5425,45.1186],[28.5233,45.1091],[28.548,45.0995],[28.5562,45.1014],[28.5425,45.1186]],[[28.5013,45.2507],[28.4903,45.2354],[28.5123,45.2239],[28.5315,45.243],[28.5013,45.2507]],[[28.4683,44.9368],[28.4903,44.933],[28.4628,44.9426],[28.4683,44.9368]],[[28.4875,45.0249],[28.4848,45.0363],[28.4821,45.0249],[28.4875,45.0249]],[[28.4189,45.2201],[28.4161,45.2182],[28.4189,45.2182],[28.4189,45.2201]],[[28.2596,45.0785],[28.2486,45.0574],[28.3447,45.0517],[28.3502,44.9942],[28.3887,45.0134],[28.3694,45.0249],[28.3777,45.0612],[28.3145,45.1301],[28.32,45.1454],[28.2404,45.1933],[28.1964,45.1875],[28.2349,45.1722],[28.3145,45.0823],[28.2596,45.0785]],[[28.3667,45.222],[28.3722,45.2277],[28.364,45.2258],[28.3667,45.222]],[[28.3145,44.9502],[28.331,44.9349],[28.342,44.9445],[28.3145,44.9502]],[[28.3145,45.2622],[28.2898,45.2928],[28.2266,45.2909],[28.2458,45.2718],[28.3145,45.2622]],[[28.2568,44.9024],[28.2404,44.8909],[28.2486,44.8756],[28.287,44.8679],[28.2568,44.9024]],[[28.1277,45.2928],[28.1003,45.3119],[28.114,45.2679],[28.1387,45.2564],[28.1277,45.2928]],[[28.125,45.532],[28.1277,45.5282],[28.1305,45.5263],[28.125,45.532]],[[28.1195,45.532],[28.1223,45.534],[28.1195,45.534],[28.1195,45.532]],[[28.1195,45.4363],[28.0508,45.4459],[28.0563,45.4],[28.1003,45.3904],[28.1195,45.4363]],[[28.0865,45.0517],[28.0536,45.0497],[28.0399,45.023],[28.0865,45.021],[28.0865,45.0517]],[[28.0591,45.4651],[28.0756,45.4574],[28.0756,45.467],[28.0591,45.4651]],[[28.0618,46.5119],[28.0701,46.5177],[28.0591,46.5234],[28.0618,46.5119]],[[28.0646,46.3263],[28.0618,46.3244],[28.0646,46.3244],[28.0646,46.3263]],[[28.0179,46.355],[28.0316,46.3244],[28.0426,46.3416],[28.0179,46.355]],[[27.9849,45.9206],[28.0042,45.9263],[27.9877,45.9378],[27.9849,45.9206]],[[27.6691,45.9856],[27.6526,46.0143],[27.6196,46.0105],[27.6196,45.9914],[27.702,45.9397],[27.6086,45.9569],[27.6004,45.9129],[27.6306,45.8861],[27.6553,45.9072],[27.7158,45.9052],[27.6608,45.8555],[27.6773,45.8287],[27.7158,45.8612],[27.7267,45.7694],[27.7487,45.8191],[27.7707,45.7655],[27.7542,45.8593],[27.7734,45.8536],[27.7734,45.955],[27.8366,45.8708],[27.8064,45.9607],[27.8119,45.9761],[27.8476,45.9359],[27.8311,46.0029],[27.8586,45.9971],[27.8943,45.932],[27.886,45.978],[27.9025,45.9646],[27.908,45.9741],[27.8888,45.9952],[27.8833,46.0239],[27.886,46.0373],[27.9437,45.9646],[27.941,46.0124],[27.963,46.0048],[27.9849,45.9474],[27.9739,45.9933],[28.0042,45.9971],[27.8806,46.0871],[27.8751,46.1177],[27.9053,46.1311],[27.9163,46.1024],[27.9382,46.11],[27.9987,46.0679],[27.9465,46.1253],[27.9547,46.1502],[27.8641,46.154],[27.8751,46.2287],[27.8998,46.2229],[27.886,46.2938],[27.908,46.3474],[27.8476,46.3474],[27.8696,46.311],[27.8339,46.3033],[27.8586,46.2938],[27.8586,46.2708],[27.8421,46.2555],[27.8091,46.2708],[27.8339,46.2363],[27.8119,46.221],[27.8421,46.2019],[27.7707,46.2134],[27.8366,46.1885],[27.8421,46.1694],[27.8174,46.177],[27.8119,46.156],[27.7734,46.156],[27.7377,46.1885],[27.7103,46.1445],[27.757,46.1579],[27.7844,46.1483],[27.7707,46.133],[27.7872,46.1234],[27.6883,46.11],[27.7185,46.0794],[27.757,46.0928],[27.7762,46.0641],[27.8311,46.0852],[27.8531,46.0698],[27.7762,46.0335],[27.7322,46.0373],[27.7295,46.022],[27.6828,46.043],[27.6828,46.0239],[27.7075,46.0143],[27.6883,46.0029],[27.746,45.9646],[27.6691,45.9856]],[[27.9794,45.8689],[27.9684,45.8785],[27.9712,45.8689],[27.9794,45.8689]],[[27.93,46.5636],[27.9355,46.5808],[27.9053,46.5674],[27.897,46.5483],[27.93,46.5636]],[[27.9025,45.9186],[27.8943,45.9244],[27.9025,45.911],[27.9025,45.9186]],[[27.8696,45.7598],[27.8586,45.7521],[27.8696,45.7502],[27.8696,45.7598]],[[27.8503,45.8153],[27.8448,45.8115],[27.8531,45.8096],[27.8503,45.8153]],[[27.8394,45.8574],[27.8448,45.8536],[27.8448,45.8574],[27.8394,45.8574]],[[27.7982,46.2325],[27.8036,46.2287],[27.8036,46.2306],[27.7982,46.2325]],[[27.7954,45.8421],[27.8036,45.8574],[27.7927,45.8631],[27.7954,45.8421]],[[27.7954,46.2325],[27.7982,46.2344],[27.7954,46.2344],[27.7954,46.2325]],[[27.757,47.0249],[27.7817,47.0249],[27.7762,47.0363],[27.7515,47.0344],[27.757,47.0249]],[[27.7652,46.3167],[27.7625,46.311],[27.7652,46.311],[27.7652,46.3167]],[[27.7158,45.178],[27.7103,45.1741],[27.7158,45.1741],[27.7158,45.178]],[[27.713,46.5483],[27.7103,46.5445],[27.713,46.5445],[27.713,46.5483]],[[27.6801,46.043],[27.6718,46.066],[27.6581,46.0679],[27.6801,46.043]],[[27.5565,46.5847],[27.562,46.5789],[27.562,46.5847],[27.5565,46.5847]],[[27.518,46.1962],[27.5125,46.1636],[27.5153,46.177],[27.5208,46.1904],[27.518,46.1962]],[[27.4576,46.1407],[27.4521,46.1368],[27.4603,46.1349],[27.4576,46.1407]],[[27.3505,46.0488],[27.3615,46.0641],[27.3532,46.066],[27.3505,46.0488]],[[27.3065,46.9426],[27.3038,46.9387],[27.3065,46.9387],[27.3065,46.9426]],[[27.2351,47.5952],[27.2296,47.5856],[27.2379,47.5875],[27.2351,47.5952]],[[27.0621,47.9493],[27.0428,47.9359],[27.0676,47.9282],[27.1005,47.9282],[27.0621,47.9493]],[[27.0264,47.8325],[27.0319,47.8134],[27.0786,47.8115],[27.0786,47.8172],[27.0264,47.8325]],[[27.0401,47.7808],[27.0566,47.7521],[27.0648,47.7713],[27.0401,47.7808]],[[27.0483,47.7942],[27.0538,47.8076],[27.0483,47.8095],[27.0483,47.7942]],[[27.0154,48.0335],[27.0319,48.0048],[27.0483,48.0029],[27.0154,48.0335]],[[27.0346,47.8938],[27.0374,47.9052],[27.0291,47.9072],[27.0346,47.8938]],[[27.0236,47.6564],[27.0319,47.6603],[27.0236,47.6603],[27.0236,47.6564]],[[26.9907,47.9627],[26.9962,47.9397],[27.0264,47.9091],[27.0099,47.955],[27.0291,47.9569],[26.955,48.0067],[26.9247,48.0029],[26.944,47.9684],[26.9604,47.9856],[26.9907,47.9627]],[[27.0099,47.3253],[27.0264,47.3139],[27.0181,47.3292],[27.0099,47.3253]],[[26.9852,47.7062],[26.9522,47.7043],[26.9879,47.6775],[27.0099,47.6775],[26.9852,47.7062]],[[27.0071,48.045],[26.9028,48.0928],[26.8396,48.1751],[26.9275,48.1196],[26.9302,48.1368],[26.8451,48.1981],[26.8066,48.1866],[26.749,48.2095],[26.8616,48.1215],[26.9193,48.0526],[27.0071,48.045]],[[27.0099,48.043],[27.0099,48.045],[27.0071,48.045],[27.0099,48.043]],[[26.9879,47.8325],[27.0044,47.8363],[26.9879,47.8497],[26.9879,47.8325]],[[26.9989,47.3407],[27.0044,47.3445],[26.9989,47.3464],[26.9989,47.3407]],[[27.0044,47.5493],[26.9989,47.5454],[27.0044,47.5454],[27.0044,47.5493]],[[26.933,47.6737],[26.9604,47.6411],[26.9989,47.6296],[26.933,47.6737]],[[26.9055,47.8976],[26.9467,47.8631],[26.9577,47.8708],[26.9055,47.8976]],[[26.933,47.7962],[26.955,47.7847],[26.933,47.8019],[26.933,47.7962]],[[26.8973,47.8095],[26.9275,47.8],[26.8973,47.8191],[26.8973,47.8095]],[[26.9247,47.5607],[26.922,47.5588],[26.9247,47.5588],[26.9247,47.5607]],[[26.8973,47.7158],[26.9165,47.6947],[26.922,47.7024],[26.8973,47.7158]],[[26.8451,47.8057],[26.8698,47.8095],[26.8451,47.8191],[26.8451,47.8057]],[[26.8478,48.0067],[26.8671,47.9971],[26.8506,48.0124],[26.8478,48.0067]],[[26.8561,47.756],[26.8478,47.754],[26.8561,47.7521],[26.8561,47.756]],[[26.8369,48.0698],[26.8478,48.0756],[26.8341,48.0813],[26.8369,48.0698]],[[26.8341,47.9052],[26.8478,47.911],[26.8341,47.9148],[26.8341,47.9052]],[[26.8341,47.8938],[26.8286,47.888],[26.8369,47.888],[26.8341,47.8938]],[[26.8204,47.7751],[26.8259,47.7847],[26.8176,47.7847],[26.8204,47.7751]],[[26.8039,48.0316],[26.8176,48.0258],[26.8039,48.0373],[26.8039,48.0316]],[[26.8039,47.7981],[26.8121,47.8057],[26.8011,47.8038],[26.8039,47.7981]],[[26.7819,48.1119],[26.8039,48.0985],[26.7819,48.1177],[26.7819,48.1119]],[[26.8011,47.9129],[26.7682,47.9263],[26.7874,47.8957],[26.8011,47.8957],[26.8011,47.9129]],[[26.7764,48.1617],[26.716,48.2095],[26.7242,48.1885],[26.7764,48.1617]],[[26.7737,48.089],[26.7709,48.0851],[26.7737,48.0851],[26.7737,48.089]],[[26.7215,48.1445],[26.7462,48.1158],[26.7599,48.1177],[26.7215,48.1445]],[[26.7435,48.1158],[26.7078,48.11],[26.7297,48.0966],[26.7545,48.1005],[26.7435,48.1158]],[[26.7462,48.0124],[26.7435,48.0201],[26.7352,48.0201],[26.7462,48.0124]],[[26.716,47.8612],[26.705,47.8574],[26.716,47.8574],[26.716,47.8612]],[[26.7078,47.8517],[26.705,47.8478],[26.7078,47.8478],[26.7078,47.8517]],[[26.6803,47.844],[26.6583,47.8421],[26.6776,47.8134],[26.6913,47.8191],[26.6803,47.844]],[[26.6116,47.9607],[26.5897,47.9378],[26.6061,47.9282],[26.6693,47.9512],[26.6116,47.9607]],[[26.6418,48.1426],[26.6199,48.1387],[26.6364,48.1253],[26.6583,48.1234],[26.6418,48.1426]],[[26.6199,47.8765],[26.5732,47.8784],[26.6144,47.8555],[26.6281,47.8593],[26.6199,47.8765]],[[26.6116,48.0488],[26.6006,48.0469],[26.6116,48.045],[26.6116,48.0488]],[[26.5787,48.0182],[26.5979,48.0488],[26.5732,48.0603],[26.554,48.0277],[26.6116,47.999],[26.5787,48.0182]],[[26.5869,48.1292],[26.5485,48.133],[26.5594,48.1215],[26.6006,48.11],[26.5869,48.1292]],[[26.5897,47.9416],[26.5649,47.9684],[26.5347,47.9627],[26.5897,47.9416]],[[26.5869,47.8593],[26.5814,47.8555],[26.5869,47.8555],[26.5869,47.8593]],[[26.5732,47.7962],[26.5704,47.8019],[26.5622,47.8019],[26.5732,47.7962]],[[26.5677,47.8497],[26.5649,47.8555],[26.5594,47.8555],[26.5677,47.8497]],[[26.5182,47.9722],[26.532,47.9799],[26.5155,47.9818],[26.5182,47.9722]],[[23.9447,44.3378],[23.9529,44.3435],[23.9392,44.3454],[23.9447,44.3378]],[[23.8431,44.3225],[23.8431,44.3129],[23.8486,44.311],[23.8431,44.3225]],[[23.8348,44.3244],[23.8376,44.3225],[23.8376,44.3244],[23.8348,44.3244]],[[23.1235,44.8985],[23.0905,44.8928],[23.0988,44.8813],[23.129,44.8813],[23.1235,44.8985]],[[22.6318,44.6383],[22.6373,44.623],[22.6566,44.6287],[22.6566,44.6344],[22.6318,44.6383]]],[[[22.5055,47.2296],[22.3846,47.2335],[22.4286,47.2067],[22.4451,47.1646],[22.3819,47.1684],[22.3846,47.1971],[22.2913,47.2201],[22.2556,47.1952],[22.3215,47.1703],[22.2748,47.1741],[22.2968,47.155],[22.2418,47.132],[22.272,47.1148],[22.294,47.0536],[22.2281,47.1014],[22.2363,47.0765],[22.2226,47.0785],[22.1979,47.1301],[22.1649,47.1512],[22.1677,47.1359],[22.1484,47.1416],[22.1402,47.1359],[22.2006,47.088],[22.1594,47.0938],[22.121,47.1263],[22.0276,47.088],[22.0715,47.0708],[22.0935,47.0918],[22.1155,47.0899],[22.0963,47.0823],[22.1045,47.0708],[22.0248,47.0651],[22.0084,47.0383],[21.9424,47.0459],[21.9534,47.0229],[21.9864,47.0287],[21.9727,47.0057],[22.1265,47.0574],[22.3022,47.0115],[22.2995,46.9962],[22.1677,46.9617],[22.0798,46.9636],[22.0715,46.9368],[22.0111,46.9387],[21.9946,46.91],[21.9424,46.9139],[21.937,46.8775],[21.9122,46.8564],[21.9287,46.8086],[21.9699,46.8526],[21.9919,46.8469],[21.9644,46.8105],[21.9836,46.7914],[22.0139,46.7971],[21.9754,46.7722],[22.0029,46.7703],[21.9809,46.7531],[21.9919,46.7378],[22.0248,46.7607],[22.0551,46.7397],[22.099,46.7531],[22.1017,46.8086],[22.121,46.799],[22.1265,46.7607],[22.1677,46.755],[22.1429,46.8411],[22.1841,46.8009],[22.2034,46.8201],[22.2089,46.7761],[22.2336,46.7933],[22.2308,46.8354],[22.261,46.7952],[22.2885,46.7914],[22.2528,46.7454],[22.2144,46.7301],[22.2253,46.7072],[22.2501,46.7435],[22.2665,46.732],[22.2995,46.7665],[22.3132,46.7569],[22.3297,46.7244],[22.2418,46.6823],[22.1649,46.7091],[22.1786,46.6785],[22.1265,46.6325],[22.1649,46.6383],[22.1704,46.6153],[22.0056,46.6229],[21.9864,46.5808],[21.9946,46.5598],[22.0413,46.5655],[22.0386,46.533],[21.9974,46.5234],[21.9946,46.4985],[22.0386,46.5119],[22.0248,46.4813],[22.0825,46.4622],[22.0825,46.4163],[22.1045,46.3818],[22.1237,46.3875],[22.1347,46.3646],[22.1732,46.3646],[22.1786,46.3493],[22.2336,46.3474],[22.1896,46.3186],[22.2006,46.3072],[22.1402,46.3129],[22.1677,46.2478],[22.2418,46.2899],[22.3325,46.2421],[22.3572,46.2019],[22.3297,46.177],[22.327,46.1962],[22.294,46.1904],[22.2775,46.2096],[22.2556,46.1942],[22.2006,46.2325],[22.1127,46.2421],[22.0935,46.2229],[22.0688,46.2746],[22.0358,46.2785],[22.0358,46.2497],[22.0139,46.2612],[22.0029,46.2478],[22.0001,46.2899],[21.9562,46.267],[21.9754,46.2153],[21.9617,46.2038],[21.9727,46.1732],[21.9562,46.1655],[21.8985,46.2287],[21.7804,46.1808],[21.7282,46.2],[21.7282,46.2229],[21.6513,46.2115],[21.6431,46.1885],[21.6595,46.1732],[21.6019,46.1062],[21.6183,46.0832],[21.6046,46.0488],[21.6403,46.0545],[21.6513,46.0813],[21.665,46.0411],[21.86,46.0526],[21.9205,46.0354],[21.9946,46.0545],[22.0303,46.0296],[22.0825,46.0335],[22.0331,46.0182],[22.0496,45.9895],[22.0715,45.9741],[22.1567,45.9761],[22.1704,45.9416],[22.2198,45.955],[22.2913,45.934],[22.3819,45.9474],[22.3901,45.9837],[22.4478,45.9416],[22.4451,45.9225],[22.3599,45.932],[22.261,45.9129],[22.2473,45.9301],[22.2473,45.8631],[22.2116,45.8823],[22.1457,45.8689],[22.1072,45.8995],[22.0084,45.9167],[22.0166,45.9416],[21.9919,45.9493],[22.0303,45.9646],[22.0303,45.9952],[21.9809,45.9856],[21.9891,46.0067],[21.9727,46.0182],[21.9452,46.0048],[21.8491,46.0143],[21.8655,45.9703],[21.9177,45.9684],[21.9397,45.9454],[21.9012,45.9282],[21.8875,45.9607],[21.8463,45.9474],[21.8491,45.9627],[21.7914,45.9971],[21.7584,45.9933],[21.7722,45.9741],[21.7419,45.9665],[21.7502,45.9397],[21.7172,45.9416],[21.7062,45.9741],[21.6788,45.955],[21.6568,45.9761],[21.6321,45.9588],[21.4948,45.9454],[21.6348,45.9225],[21.6156,45.9091],[21.6376,45.9033],[21.6238,45.8842],[21.5387,45.9052],[21.5964,45.8746],[21.5442,45.8746],[21.514,45.8995],[21.4893,45.888],[21.4893,45.8593],[21.4728,45.8804],[21.47,45.8612],[21.4481,45.8631],[21.4838,45.8344],[21.5799,45.8536],[21.5222,45.8115],[21.5991,45.8363],[21.6156,45.8191],[21.5991,45.8134],[21.5964,45.8076],[21.6183,45.7981],[21.5909,45.7751],[21.6348,45.777],[21.6293,45.8708],[21.6733,45.8402],[21.6623,45.8899],[21.6925,45.9186],[21.6925,45.8612],[21.7255,45.867],[21.7337,45.8938],[21.7914,45.9014],[21.7392,45.8497],[21.7667,45.8344],[21.7447,45.8153],[21.7557,45.8019],[21.7804,45.8191],[21.7804,45.8574],[21.8024,45.8421],[21.8024,45.867],[21.8271,45.867],[21.8463,45.8938],[21.8546,45.8612],[21.8903,45.8918],[21.9232,45.8727],[21.9507,45.8976],[21.9452,45.8689],[21.8903,45.8402],[21.9012,45.8191],[21.904,45.8421],[21.9479,45.8574],[21.937,45.8306],[21.9424,45.8153],[22.0111,45.8861],[21.9891,45.8172],[22.0248,45.8134],[22.0303,45.8363],[22.0551,45.8249],[22.066,45.8478],[22.11,45.8631],[22.0963,45.8229],[22.1237,45.8172],[22.1429,45.8402],[22.1429,45.8076],[22.294,45.8096],[22.3187,45.7694],[22.2528,45.7713],[22.1072,45.7234],[22.1045,45.6947],[22.066,45.6679],[22.0688,45.6296],[22.0139,45.6603],[22.0386,45.6718],[21.9974,45.7024],[21.9672,45.6832],[21.9864,45.6603],[21.9534,45.6392],[21.9946,45.6469],[22.0111,45.6258],[21.9864,45.6143],[22.0331,45.6105],[22.0303,45.5952],[22.1155,45.5588],[22.1127,45.5397],[22.1539,45.511],[22.1704,45.4708],[22.2446,45.421],[22.2171,45.3981],[22.2144,45.3541],[22.1567,45.3923],[22.1539,45.421],[22.0605,45.4842],[21.9809,45.5014],[21.937,45.4651],[21.9452,45.5167],[21.8463,45.5072],[21.8216,45.5206],[21.8079,45.4976],[21.8408,45.4689],[21.7667,45.4746],[21.7529,45.5033],[21.7804,45.5052],[21.7639,45.5206],[21.7062,45.5244],[21.6238,45.5607],[21.6403,45.511],[21.7145,45.4727],[21.7419,45.4306],[21.7749,45.4612],[21.8436,45.4593],[21.893,45.4421],[21.893,45.4115],[21.937,45.4076],[21.9754,45.3694],[21.8518,45.423],[21.8491,45.4363],[21.7831,45.4344],[21.731,45.3962],[21.698,45.3962],[21.7227,45.3694],[21.6925,45.3483],[21.6925,45.3273],[21.7886,45.3158],[21.6925,45.2966],[21.6733,45.2622],[21.6156,45.3081],[21.6266,45.2852],[21.6074,45.2718],[21.6458,45.2392],[21.5744,45.266],[21.5964,45.2335],[21.5277,45.1895],[21.5799,45.1933],[21.6513,45.1263],[21.6953,45.1225],[21.7117,45.1397],[21.7584,45.1244],[21.8079,45.1703],[21.8353,45.1512],[21.8079,45.1244],[21.72,45.1129],[21.698,45.0957],[21.72,45.0823],[21.6733,45.0823],[21.6623,45.0593],[21.7007,45.044],[21.7117,45.0153],[21.687,45.0038],[21.6815,44.9694],[21.6293,44.9828],[21.6156,44.9655],[21.6211,44.9464],[21.6376,44.9617],[21.6815,44.9521],[21.665,44.9177],[21.7117,44.8909],[21.7035,44.8718],[21.6293,44.8718],[21.6211,44.843],[21.6403,44.8316],[21.6678,44.845],[21.6595,44.8603],[21.6678,44.8641],[21.698,44.8622],[21.698,44.8392],[21.72,44.845],[21.7337,44.8411],[21.7035,44.8258],[21.676,44.845],[21.6431,44.8201],[21.4481,44.7933],[21.4132,44.7779],[21.3899,44.7871],[21.3585,44.8216],[21.3714,44.8666],[21.4545,44.8735],[21.4853,44.8682],[21.5601,44.889],[21.5467,44.9305],[21.4693,44.9584],[21.4384,44.9605],[21.4067,44.9785],[21.3602,45.0204],[21.4052,45.0366],[21.4401,45.0392],[21.5112,45.0306],[21.5414,45.0574],[21.5277,45.0842],[21.4743,45.0836],[21.4817,45.0909],[21.4786,45.1214],[21.5274,45.1379],[21.5148,45.1712],[21.4831,45.1921],[21.3953,45.2188],[21.2923,45.2424],[21.2757,45.2296],[21.2028,45.2654],[21.1799,45.3126],[21.0965,45.2959],[21.0634,45.3319],[21.0166,45.3246],[20.9603,45.3668],[20.9203,45.4172],[20.8646,45.4318],[20.8789,45.4545],[20.8333,45.48],[20.771,45.4799],[20.7688,45.5002],[20.8326,45.5359],[20.7953,45.5876],[20.7658,45.6126],[20.805,45.6572],[20.7962,45.687],[20.8027,45.7377],[20.8231,45.7751],[20.7836,45.7859],[20.774,45.7545],[20.7002,45.7508],[20.6814,45.7973],[20.6509,45.8118],[20.6606,45.8292],[20.6115,45.8641],[20.5815,45.8694],[20.5693,45.9101],[20.5158,45.8921],[20.4829,45.9534],[20.4473,45.9702],[20.4054,45.9652],[20.3483,45.9996],[20.3461,46.0474],[20.2732,46.0983],[20.2643,46.1264],[20.2968,46.1522],[20.3556,46.1697],[20.4591,46.1429],[20.4952,46.1709],[20.5029,46.1897],[20.5495,46.1772],[20.6319,46.1282],[20.6637,46.151],[20.687,46.1456],[20.715,46.1669],[20.7274,46.2074],[20.7618,46.2045],[20.749,46.2508],[20.7892,46.2731],[20.8733,46.2878],[20.9222,46.2618],[20.9904,46.2595],[21.0247,46.2665],[21.0366,46.248],[21.0661,46.2429],[21.1032,46.2626],[21.1155,46.3017],[21.1701,46.298],[21.1762,46.3358],[21.1995,46.3479],[21.2063,46.4032],[21.2254,46.4135],[21.2754,46.4067],[21.3178,46.4507],[21.2963,46.4762],[21.2743,46.4765],[21.2604,46.502],[21.3208,46.5828],[21.3011,46.5908],[21.33,46.6316],[21.41,46.6218],[21.4164,46.6425],[21.4547,46.6607],[21.431,46.6781],[21.4697,46.6954],[21.4955,46.6877],[21.5293,46.7208],[21.5267,46.7392],[21.4841,46.7649],[21.5222,46.8085],[21.5192,46.8359],[21.5379,46.8474],[21.5952,46.8605],[21.6142,46.8865],[21.599,46.9092],[21.6062,46.9325],[21.6383,46.933],[21.6601,46.9559],[21.6793,46.998],[21.6486,47.0402],[21.6826,47.0457],[21.7261,47.0985],[21.7728,47.1089],[21.7914,47.124],[21.8175,47.1728],[21.858,47.187],[21.8518,47.2392],[21.8721,47.2634],[21.8953,47.3149],[21.9385,47.373],[21.9615,47.3812],[22.012,47.3761],[22.0353,47.4274],[22.0074,47.4759],[22.0242,47.52],[22.0546,47.5469],[22.1049,47.5727],[22.1305,47.5982],[22.1694,47.5917],[22.1882,47.6092],[22.2034,47.6549],[22.2218,47.6621],[22.2307,47.6932],[22.2589,47.6981],[22.2645,47.7312],[22.3567,47.7491],[22.4258,47.7501],[22.4479,47.8031],[22.4879,47.806],[22.5495,47.7727],[22.6116,47.772],[22.6856,47.7928],[22.7109,47.8339],[22.7778,47.8423],[22.7687,47.8779],[22.8259,47.9075],[22.8473,47.9078],[22.8963,47.9541],[22.9438,47.9699],[22.9273,48.0192],[22.9776,48.01],[23.0132,47.9908],[23.0312,48.0003],[23.0756,48.0046],[23.0603,47.9971],[23.1317,48.0009],[23.1097,48.0239],[23.118,48.0392],[23.0998,48.0219],[23.1091,48.0385],[23.1055,48.0661],[23.1465,48.0997],[23.2047,48.0945],[23.2059,48.0698],[23.1592,48.0373],[23.1839,48.0162],[23.1812,47.978],[23.2278,47.9722],[23.2086,47.9263],[23.1647,47.9244],[23.1537,47.9014],[23.2224,47.9206],[23.3047,47.8823],[23.3075,47.9588],[23.3405,47.9397],[23.3487,47.9072],[23.4201,47.9014],[23.4229,47.8689],[23.3899,47.8421],[23.4009,47.8134],[23.3047,47.7866],[23.3047,47.7177],[23.4421,47.6392],[23.5382,47.622],[23.5355,47.5914],[23.5629,47.5703],[23.6481,47.5569],[23.5986,47.534],[23.5931,47.5052],[23.5464,47.4708],[23.5437,47.5225],[23.4778,47.5588],[23.4613,47.5186],[23.4695,47.4746],[23.4119,47.5033],[23.3212,47.3981],[23.2635,47.4057],[23.2581,47.4612],[23.1619,47.3962],[23.1674,47.3579],[23.1372,47.3119],[23.1372,47.4172],[23.1894,47.4421],[23.1921,47.4631],[23.2114,47.4651],[23.1976,47.4842],[23.2169,47.4861],[23.1894,47.5225],[23.269,47.4957],[23.3102,47.5206],[23.3102,47.5416],[23.2361,47.5569],[23.3377,47.5569],[23.3679,47.5971],[23.302,47.6316],[23.2855,47.6201],[23.2718,47.6411],[23.2635,47.6182],[23.2251,47.6411],[23.1097,47.6316],[23.096,47.5971],[23.0438,47.5646],[23.0273,47.578],[22.9916,47.5531],[22.9752,47.5799],[22.9642,47.555],[22.9834,47.534],[22.9697,47.5397],[22.9559,47.534],[22.9779,47.5014],[22.9065,47.5263],[22.9202,47.4804],[22.8625,47.4995],[22.8708,47.4804],[22.8378,47.4651],[22.8378,47.4497],[22.89,47.4612],[22.8543,47.4459],[22.8488,47.4249],[22.9916,47.4287],[22.8268,47.4057],[22.8735,47.3808],[22.9999,47.3674],[23.0219,47.3407],[23.0136,47.3177],[22.9614,47.3617],[22.912,47.3005],[22.9312,47.3598],[22.879,47.333],[22.8845,47.3655],[22.7829,47.3808],[22.8323,47.3005],[22.9147,47.2718],[22.9367,47.2373],[22.8378,47.2775],[22.7637,47.2392],[22.7856,47.3005],[22.7362,47.3751],[22.7637,47.4287],[22.7225,47.4459],[22.6895,47.3981],[22.6593,47.4287],[22.6483,47.4134],[22.5906,47.4249],[22.6126,47.4019],[22.5797,47.3981],[22.6071,47.3655],[22.5961,47.354],[22.5192,47.4019],[22.4451,47.4],[22.4561,47.377],[22.5055,47.3808],[22.5247,47.354],[22.4313,47.3311],[22.4423,47.3005],[22.4066,47.2966],[22.4149,47.2794],[22.5,47.2832],[22.5247,47.2737],[22.5494,47.2966],[22.5439,47.2794],[22.6373,47.2603],[22.6154,47.2488],[22.5687,47.266],[22.5851,47.2373],[22.5659,47.245],[22.5769,47.2067],[22.5549,47.1799],[22.5082,47.1856],[22.5055,47.2296]],[[23.2745,47.8689],[23.2526,47.8593],[23.2828,47.8306],[23.302,47.8478],[23.2745,47.8689]],[[23.2745,47.8095],[23.2471,47.8115],[23.2718,47.7828],[23.291,47.7847],[23.2745,47.8095]],[[23.1427,47.9856],[23.1564,48.0009],[23.14,47.999],[23.1427,47.9856]],[[23.118,47.9818],[23.1345,47.9722],[23.1345,47.9856],[23.118,47.9818]],[[22.4561,47.2698],[22.4478,47.2756],[22.4478,47.2698],[22.4561,47.2698]],[[22.3929,47.3866],[22.4203,47.3713],[22.4121,47.3923],[22.4396,47.3981],[22.3956,47.3942],[22.3682,47.3674],[22.3792,47.3483],[22.3929,47.3866]],[[22.3627,47.3387],[22.3572,47.3311],[22.3627,47.3311],[22.3627,47.3387]],[[22.3599,47.2354],[22.3517,47.2296],[22.3627,47.2296],[22.3599,47.2354]],[[22.2198,47.1665],[22.272,47.1569],[22.272,47.1607],[22.2198,47.1665]],[[22.0523,46.399],[22.077,46.3971],[22.066,46.4086],[22.0468,46.4086],[22.0523,46.399]],[[22.0221,46.4335],[22.0441,46.4392],[22.0193,46.4392],[22.0221,46.4335]],[[21.937,46.1962],[21.9342,46.1923],[21.937,46.1923],[21.937,46.1962]],[[21.8408,46.3301],[21.8655,46.3072],[21.8765,46.3072],[21.8408,46.3301]],[[21.8573,45.8191],[21.8655,45.8287],[21.8573,45.8249],[21.8573,45.8191]],[[21.7227,46.0277],[21.7365,46.0354],[21.72,46.0316],[21.7227,46.0277]],[[21.7035,45.8172],[21.709,45.8076],[21.7117,45.8229],[21.7035,45.8172]],[[21.6019,44.843],[21.6046,44.8411],[21.6074,44.843],[21.6019,44.843]],[[21.5634,44.8794],[21.5195,44.8564],[21.5936,44.8775],[21.5634,44.8794]],[[21.5305,45.1684],[21.5195,45.1818],[21.5222,45.1665],[21.5305,45.1684]]],[[[22.3352,46.5923],[22.2061,46.6191],[22.2089,46.6363],[22.2556,46.6249],[22.2913,46.6593],[22.3187,46.6536],[22.3572,46.6899],[22.3215,46.6268],[22.3682,46.6134],[22.3901,46.5617],[22.3352,46.5923]]],[[[23.3267,47.2009],[23.3459,47.2411],[23.4201,47.2584],[23.3597,47.2373],[23.3267,47.178],[23.2526,47.2067],[23.2443,47.2411],[23.2883,47.3713],[23.3295,47.3234],[23.2883,47.2564],[23.28,47.2009],[23.3267,47.2009]]]]}},{"type":"Feature","properties":{"band":1},"geometry":{"type":"MultiPolygon","coordinates":[[[[22.0853,44.6727],[22.1017,44.7072],[22.11,44.7052],[22.1182,44.6785],[22.0798,44.6096],[22.1155,44.5713],[22.066,44.5828],[22.0413,44.5464],[22.0798,44.5426],[22.0681,44.5252],[22.0372,44.5419],[22.0279,44.5843],[21.9907,44.6335],[21.975,44.6342],[21.9891,44.6555],[22.0386,44.6497],[22.0413,44.6938],[22.0853,44.6727]],[[22.0358,44.5885],[22.0386,44.6057],[22.0166,44.6038],[22.0358,44.5885]]],[[[28.4821,44.9024],[28.4848,44.8718],[28.526,44.8947],[28.6057,44.8832],[28.6057,44.866],[28.5123,44.8507],[28.4464,44.8852],[28.4299,44.8756],[28.5068,44.8335],[28.5699,44.8316],[28.548,44.7856],[28.5123,44.8163],[28.4656,44.8124],[28.5919,44.7301],[28.5699,44.7129],[28.5095,44.7244],[28.5123,44.6746],[28.548,44.6517],[28.5397,44.6115],[28.4299,44.6402],[28.4052,44.667],[28.4052,44.6976],[28.364,44.6785],[28.3475,44.6402],[28.32,44.6287],[28.309,44.6746],[28.3337,44.6861],[28.309,44.7014],[28.3145,44.7206],[28.3859,44.7856],[28.3612,44.799],[28.3475,44.778],[28.3118,44.778],[28.3392,44.8163],[28.2898,44.8584],[28.3667,44.866],[28.3447,44.9139],[28.3694,44.9234],[28.3502,44.9426],[28.4518,44.9464],[28.4326,44.9292],[28.5013,44.9139],[28.4821,44.9024]]],[[[28.3777,45.0612],[28.3694,45.0249],[28.3887,45.0134],[28.3502,44.9942],[28.3447,45.0517],[28.2486,45.0574],[28.2596,45.0785],[28.3145,45.0823],[28.2349,45.1722],[28.2047,45.1722],[28.1882,45.1952],[28.2404,45.1933],[28.32,45.1454],[28.3145,45.1301],[28.3777,45.0612]]],[[[28.5397,45.0593],[28.5727,45.0593],[28.5837,45.0363],[28.5617,45.0363],[28.5452,45.0096],[28.5095,45.0574],[28.4958,45.0459],[28.4628,45.0612],[28.4601,45.021],[28.4271,45.0287],[28.3969,45.0785],[28.4216,45.1091],[28.3832,45.1014],[28.3832,45.1378],[28.3585,45.1301],[28.342,45.1531],[28.3447,45.1799],[28.3749,45.178],[28.4766,45.1091],[28.504,45.1129],[28.559,45.0785],[28.5397,45.0593]]],[[[25.6339,46.0182],[25.5817,45.9875],[25.5899,45.9416],[25.5734,45.9186],[25.5899,45.911],[25.5734,45.9033],[25.5789,45.8459],[25.5597,45.8249],[25.5872,45.7751],[25.6613,45.733],[25.6668,45.6832],[25.6421,45.7005],[25.6091,45.6852],[25.5405,45.7158],[25.5872,45.7483],[25.5405,45.7923],[25.5432,45.844],[25.524,45.8823],[25.5624,45.9684],[25.5048,45.9799],[25.5432,46.0029],[25.5597,46.0584],[25.5954,46.0564],[25.5927,46.0163],[25.6284,46.022],[25.6339,46.0182]]],[[[27.8943,45.932],[27.8586,45.9971],[27.8284,46.0009],[27.8476,45.9359],[27.8064,45.9741],[27.8366,45.8708],[27.7707,45.9512],[27.7817,45.8957],[27.7652,45.8995],[27.7707,45.8497],[27.7542,45.8593],[27.7707,45.7655],[27.7487,45.8191],[27.7377,45.7732],[27.7213,45.7751],[27.7158,45.8612],[27.6883,45.8325],[27.6663,45.8363],[27.6663,45.8689],[27.7158,45.9052],[27.6553,45.9072],[27.6306,45.8861],[27.6004,45.9129],[27.6086,45.9569],[27.702,45.9397],[27.6196,45.9914],[27.6196,46.0105],[27.6526,46.0143],[27.6691,45.9856],[27.746,45.9646],[27.6883,46.0029],[27.713,46.0201],[27.6828,46.0239],[27.6828,46.043],[27.7295,46.022],[27.7322,46.0373],[27.7762,46.0335],[27.8531,46.0698],[27.8311,46.0852],[27.7762,46.0641],[27.757,46.0928],[27.7267,46.0775],[27.6883,46.1062],[27.7872,46.1234],[27.7707,46.133],[27.7844,46.1483],[27.757,46.1579],[27.7103,46.1445],[27.7377,46.1885],[27.7734,46.156],[27.8119,46.156],[27.8174,46.177],[27.8421,46.1694],[27.8366,46.1885],[27.7789,46.2019],[27.7707,46.2134],[27.8421,46.2019],[27.8119,46.221],[27.8339,46.2363],[27.8091,46.2708],[27.8311,46.2555],[27.8586,46.2708],[27.8586,46.2938],[27.8339,46.3033],[27.8696,46.311],[27.8476,46.3474],[27.908,46.3474],[27.886,46.2938],[27.8998,46.2229],[27.8751,46.2287],[27.8641,46.154],[27.952,46.154],[27.9465,46.1253],[27.9987,46.0737],[27.9382,46.11],[27.9163,46.1024],[27.9053,46.1311],[27.8751,46.1273],[27.8806,46.0871],[28.0042,45.9971],[27.9739,45.9933],[27.9877,45.9741],[27.9739,45.9454],[27.963,46.0048],[27.941,46.0124],[27.952,45.9741],[27.9437,45.9646],[27.8833,46.0373],[27.908,45.9741],[27.886,45.978],[27.8943,45.932]],[[27.8806,46.0392],[27.8806,46.0373],[27.8833,46.0373],[27.8806,46.0392]]],[[[22.6154,47.2488],[22.6373,47.2603],[22.5439,47.2794],[22.5494,47.2966],[22.5247,47.2737],[22.4149,47.2794],[22.4066,47.2966],[22.4423,47.3005],[22.4313,47.3311],[22.5247,47.354],[22.5055,47.3808],[22.4643,47.3732],[22.4423,47.3981],[22.5192,47.4019],[22.5961,47.354],[22.6071,47.3655],[22.5797,47.3981],[22.6126,47.4019],[22.5906,47.4249],[22.6483,47.4134],[22.6593,47.4287],[22.6895,47.3981],[22.7225,47.4459],[22.7637,47.4287],[22.7362,47.3847],[22.7856,47.3005],[22.7637,47.2392],[22.8378,47.2775],[22.9367,47.2373],[22.9147,47.2718],[22.8323,47.3005],[22.7829,47.3808],[22.8845,47.3655],[22.879,47.333],[22.9312,47.3598],[22.912,47.3005],[22.9614,47.3617],[23.0136,47.3177],[23.0219,47.3407],[22.9999,47.3674],[22.8735,47.3808],[22.8268,47.4057],[22.9916,47.4287],[22.8488,47.4249],[22.8543,47.4459],[22.89,47.4612],[22.8378,47.4497],[22.8378,47.4651],[22.8708,47.4804],[22.8625,47.4995],[22.9202,47.4804],[22.9065,47.5263],[22.9779,47.5014],[22.9559,47.534],[22.9834,47.534],[22.9642,47.555],[22.9752,47.5799],[22.9916,47.5531],[23.0273,47.578],[23.0438,47.5646],[23.096,47.5971],[23.1097,47.6316],[23.2251,47.6411],[23.2635,47.6182],[23.2718,47.6411],[23.2855,47.6201],[23.302,47.6316],[23.3679,47.5971],[23.3377,47.5569],[23.2361,47.5569],[23.3102,47.5416],[23.3102,47.5206],[23.269,47.4957],[23.1894,47.5225],[23.2169,47.4861],[23.1976,47.4842],[23.2114,47.4651],[23.1921,47.4631],[23.1894,47.4421],[23.1372,47.4172],[23.1372,47.3119],[23.1674,47.3579],[23.1619,47.3962],[23.2581,47.4612],[23.2635,47.4057],[23.3212,47.3981],[23.4119,47.5033],[23.4695,47.4746],[23.4613,47.5186],[23.4778,47.5588],[23.5437,47.5225],[23.5464,47.4708],[23.5931,47.5052],[23.5986,47.534],[23.6481,47.5569],[23.5629,47.5703],[23.5355,47.5914],[23.5382,47.622],[23.4421,47.6392],[23.3047,47.7177],[23.3047,47.7866],[23.4009,47.8134],[23.3899,47.8421],[23.4229,47.8689],[23.4201,47.9014],[23.3487,47.9072],[23.3405,47.9397],[23.3102,47.9588],[23.3047,47.8823],[23.2224,47.9206],[23.1537,47.9014],[23.1647,47.9244],[23.2086,47.9263],[23.2278,47.9722],[23.1812,47.978],[23.1839,48.0162],[23.1592,48.0373],[23.2059,48.0698],[23.2047,48.0945],[23.2357,48.0917],[23.2445,48.094],[23.2416,48.0909],[23.2718,48.0584],[23.2635,48.0373],[23.2938,48.0239],[23.3038,48.044],[23.3343,48.0386],[23.3471,48.0207],[23.4336,47.9905],[23.4499,47.9766],[23.4936,47.9678],[23.527,48.0161],[23.568,48.0028],[23.6373,48.0025],[23.6663,47.9835],[23.7509,47.9983],[23.8184,47.9834],[23.8643,47.9317],[23.9211,47.9457],[23.9494,47.9625],[24.0408,47.9542],[24.0408,47.9493],[24.0513,47.9529],[24.0781,47.9432],[24.1068,47.9014],[24.1452,47.8957],[24.1725,47.9159],[24.1826,47.916],[24.1644,47.8823],[24.1782,47.8612],[24.104,47.888],[24.0875,47.9148],[24.0353,47.9148],[24.1095,47.8306],[24.0216,47.8421],[24.0024,47.8249],[24.115,47.821],[24.1342,47.8],[24.0875,47.7751],[24.137,47.756],[24.1617,47.7789],[24.1946,47.7464],[24.1562,47.7426],[24.2249,47.7292],[24.2551,47.6718],[24.277,47.6756],[24.3073,47.6335],[24.3567,47.622],[24.2194,47.6201],[24.2166,47.6622],[24.1617,47.6679],[24.1974,47.6966],[24.1534,47.6909],[24.1644,47.7024],[24.1342,47.7292],[24.082,47.7024],[24.0738,47.7464],[24.0518,47.7253],[23.9749,47.7445],[23.8266,47.7196],[23.8953,47.7808],[23.9035,47.8115],[23.8431,47.8651],[23.8815,47.8823],[23.8156,47.8861],[23.7662,47.9225],[23.6838,47.9014],[23.6508,47.9416],[23.6014,47.9454],[23.5904,47.9722],[23.5162,47.9435],[23.3926,47.9971],[23.3487,47.9665],[23.5025,47.9244],[23.5327,47.888],[23.4998,47.8842],[23.508,47.8574],[23.4805,47.8517],[23.497,47.8287],[23.4695,47.8095],[23.4915,47.7923],[23.4421,47.7789],[23.4201,47.7483],[23.3652,47.7655],[23.3377,47.7445],[23.3487,47.7292],[23.3679,47.7426],[23.4091,47.733],[23.3926,47.6985],[23.4256,47.7119],[23.4338,47.6737],[23.4421,47.7062],[23.4723,47.6928],[23.5382,47.7253],[23.5217,47.6813],[23.5547,47.6545],[23.6124,47.6622],[23.5876,47.7119],[23.6179,47.7406],[23.6234,47.6985],[23.6536,47.6698],[23.6371,47.6392],[23.725,47.6392],[23.725,47.6086],[23.7936,47.5761],[23.7827,47.5359],[23.8184,47.534],[23.7909,47.4995],[23.7964,47.4765],[23.8156,47.4938],[23.8788,47.4957],[23.8925,47.5244],[23.931,47.5359],[23.9722,47.5014],[23.9886,47.5186],[23.9996,47.4957],[24.0408,47.488],[24.0271,47.4746],[24.0436,47.4459],[24.0051,47.421],[24.0161,47.4019],[24.0491,47.4076],[24.0573,47.4478],[24.115,47.4153],[24.0381,47.3674],[23.9859,47.3904],[23.9749,47.3694],[23.9584,47.3847],[23.9282,47.3598],[23.9062,47.3751],[23.9337,47.3426],[23.8046,47.3636],[23.7772,47.3426],[23.7305,47.3636],[23.7085,47.3502],[23.7195,47.3292],[23.8651,47.3139],[23.8733,47.2928],[23.9365,47.2756],[23.9557,47.289],[23.9474,47.2679],[24.0079,47.245],[24.0134,47.2756],[24.0326,47.245],[24.0518,47.2794],[24.126,47.2622],[24.1672,47.31],[24.1617,47.3368],[24.0903,47.3598],[24.126,47.3674],[24.137,47.4249],[24.137,47.3674],[24.1727,47.3521],[24.1727,47.3789],[24.2001,47.3789],[24.1919,47.2947],[24.1699,47.2756],[24.2578,47.2584],[24.2606,47.3081],[24.2908,47.2832],[24.3237,47.3081],[24.3402,47.2794],[24.3732,47.289],[24.3814,47.3445],[24.3594,47.3636],[24.3869,47.3655],[24.3759,47.4076],[24.3869,47.4249],[24.3951,47.3981],[24.4446,47.4134],[24.3924,47.3694],[24.4089,47.3139],[24.3787,47.2718],[24.3979,47.2603],[24.4418,47.2507],[24.4611,47.2985],[24.4583,47.2584],[24.4775,47.2526],[24.494,47.3196],[24.4995,47.2928],[24.5215,47.2851],[24.494,47.245],[24.5956,47.243],[24.6561,47.2775],[24.6808,47.266],[24.6039,47.2258],[24.6039,47.2009],[24.5874,47.2258],[24.5627,47.222],[24.5654,47.2029],[24.538,47.2201],[24.5407,47.1914],[24.4748,47.2182],[24.4418,47.2086],[24.5078,47.1799],[24.4583,47.134],[24.4803,47.111],[24.5132,47.1627],[24.7192,47.1741],[24.6396,47.134],[24.6423,47.1091],[24.5517,47.0995],[24.5956,47.067],[24.6506,47.0689],[24.6561,47.0421],[24.6176,47.0325],[24.6368,47.0096],[24.549,46.9732],[24.6423,46.9694],[24.6533,46.954],[24.6341,46.9311],[24.6616,46.9311],[24.6643,46.9158],[24.6341,46.9005],[24.6121,46.9234],[24.6094,46.9062],[24.5737,46.9062],[24.5544,46.8794],[24.6176,46.8679],[24.6423,46.843],[24.6506,46.8737],[24.678,46.8832],[24.6671,46.9005],[24.7083,46.9043],[24.6643,46.8373],[24.711,46.7952],[24.7165,46.822],[24.7302,46.8124],[24.7659,46.8488],[24.7522,46.8718],[24.7742,46.8564],[24.9142,46.9139],[24.8566,46.866],[24.8538,46.8335],[24.8126,46.8124],[24.8593,46.799],[24.8346,46.7933],[24.8456,46.7741],[24.8126,46.778],[24.7769,46.7474],[24.8703,46.7244],[24.9005,46.7512],[24.8923,46.7244],[24.9554,46.7186],[24.8291,46.688],[24.9005,46.6785],[24.8923,46.6593],[24.9142,46.6459],[24.8785,46.6383],[24.9115,46.621],[24.8648,46.6153],[24.7797,46.6459],[24.7549,46.6383],[24.8373,46.6153],[24.8428,46.577],[24.9252,46.6019],[24.8895,46.577],[24.8923,46.5598],[24.8593,46.5521],[24.895,46.5407],[24.884,46.5139],[24.9307,46.5177],[24.9335,46.4966],[24.9115,46.489],[24.9197,46.4718],[24.95,46.4794],[24.9582,46.5024],[25.0296,46.5139],[25.0681,46.5521],[25.1065,46.4966],[25.0406,46.5043],[25.0076,46.4851],[24.9857,46.4392],[24.9554,46.4373],[24.9802,46.422],[24.9966,46.4354],[25.0269,46.4086],[25.0159,46.3952],[24.9527,46.399],[24.9005,46.378],[25.0021,46.3684],[25.0406,46.4143],[25.079,46.4009],[25.0681,46.3856],[24.9582,46.3416],[24.9445,46.3206],[24.917,46.3359],[24.9115,46.3167],[24.8868,46.334],[24.8318,46.3301],[24.873,46.3052],[24.8099,46.2957],[24.8511,46.2536],[24.8071,46.2497],[24.8016,46.2689],[24.7852,46.2612],[24.7989,46.2402],[24.7522,46.2383],[24.7412,46.2153],[24.7824,46.2287],[24.8044,46.2057],[24.8346,46.2363],[24.8703,46.2153],[24.873,46.2478],[24.9142,46.2306],[24.884,46.2727],[24.9225,46.2918],[24.939,46.267],[24.9664,46.288],[24.9554,46.2478],[24.9692,46.2402],[25.0323,46.3148],[25.0214,46.267],[25.0378,46.2536],[25.0571,46.2727],[25.0928,46.2612],[25.0763,46.2727],[25.079,46.3033],[25.1669,46.2938],[25.0873,46.2421],[25.1093,46.2153],[25.1669,46.2],[25.2631,46.2096],[25.285,46.2536],[25.3152,46.2651],[25.3317,46.2612],[25.2933,46.2363],[25.2795,46.1981],[25.2328,46.177],[25.1065,46.1904],[25.0845,46.2115],[25.0159,46.1847],[25.0049,46.1598],[25.0296,46.1407],[24.9911,46.1521],[24.9747,46.1292],[25.0296,46.0928],[25.0214,46.0756],[24.9609,46.0928],[24.9582,46.1119],[24.9252,46.1081],[24.9582,46.156],[24.8346,46.154],[24.8044,46.1253],[24.7852,46.1349],[24.7906,46.1024],[24.8318,46.0813],[24.8346,46.0622],[24.8538,46.0775],[24.8621,46.0756],[24.8813,46.0794],[24.8895,46.0775],[24.8703,46.0545],[24.8209,46.045],[24.7467,46.0985],[24.7577,46.1273],[24.7467,46.1407],[24.7275,46.1062],[24.744,46.0679],[24.7028,46.0718],[24.7137,46.045],[24.6918,46.0469],[24.6671,46.0871],[24.6506,46.0737],[24.6671,46.0258],[24.6341,46.0411],[24.6259,46.0775],[24.6039,46.0679],[24.6149,46.0373],[24.6094,46.0277],[24.5792,46.0756],[24.5572,46.0564],[24.5627,46.0392],[24.4583,46.0124],[24.4528,45.9875],[24.4061,45.9665],[24.4144,45.9454],[24.3924,45.9435],[24.3842,45.9167],[24.288,45.8689],[24.277,45.8823],[24.2468,45.8689],[24.2496,45.8861],[24.2139,45.8976],[24.2166,45.911],[24.1782,45.911],[24.2194,45.8593],[24.1699,45.8459],[24.2001,45.8363],[24.1727,45.8134],[24.1205,45.8363],[24.115,45.8057],[24.2001,45.8019],[24.1782,45.7636],[24.2001,45.7713],[24.2001,45.7426],[24.2606,45.7292],[24.2358,45.756],[24.2743,45.756],[24.2496,45.7713],[24.2523,45.7981],[24.288,45.7789],[24.2743,45.8229],[24.3045,45.8115],[24.299,45.8363],[24.3265,45.8287],[24.3265,45.8459],[24.3567,45.8459],[24.332,45.7579],[24.3539,45.7598],[24.3512,45.7962],[24.3759,45.7655],[24.4171,45.7847],[24.3842,45.8019],[24.4061,45.8172],[24.3787,45.8325],[24.4226,45.8268],[24.4308,45.8402],[24.3594,45.8785],[24.3979,45.8823],[24.4171,45.9091],[24.4254,45.8689],[24.4418,45.8651],[24.4391,45.8957],[24.4556,45.9052],[24.4391,45.9263],[24.4693,45.9244],[24.4446,45.9378],[24.4666,45.9474],[24.4693,45.9741],[24.505,45.9225],[24.4858,45.9052],[24.5517,45.888],[24.5132,45.9397],[24.5132,45.9818],[24.5682,45.9072],[24.5737,45.9531],[24.5874,45.911],[24.5874,45.9301],[24.6423,45.9225],[24.6588,45.934],[24.6368,45.9703],[24.6698,45.9435],[24.689,45.9531],[24.6835,45.9703],[24.8264,46.0163],[24.8511,46.0086],[24.8676,45.9761],[24.8401,46.0029],[24.8071,45.999],[24.7961,45.9588],[24.7769,45.9741],[24.7302,45.9646],[24.6478,45.9091],[24.6863,45.9033],[24.7028,45.934],[24.7275,45.9397],[24.7055,45.9148],[24.7906,45.8899],[24.6945,45.9014],[24.6066,45.8765],[24.6259,45.8708],[24.6039,45.8651],[24.6204,45.7751],[24.6506,45.7847],[24.6396,45.8363],[24.678,45.8038],[24.6808,45.8517],[24.711,45.8153],[24.733,45.8229],[24.7385,45.8517],[24.7549,45.8478],[24.7495,45.8153],[24.7028,45.7981],[24.7412,45.7962],[24.7165,45.7847],[24.7302,45.7636],[24.6835,45.7847],[24.6533,45.7541],[24.7083,45.7426],[24.8126,45.7598],[24.7879,45.8612],[24.8236,45.8804],[24.8291,45.8402],[24.8593,45.844],[24.8648,45.8708],[24.8813,45.8478],[24.8401,45.7962],[24.917,45.8249],[24.9088,45.8],[24.873,45.7981],[24.8621,45.7751],[24.9472,45.7885],[24.95,45.8153],[25.0543,45.7942],[25.0543,45.8344],[25.0214,45.8555],[24.95,45.8459],[24.9911,45.867],[25.0186,45.8631],[25.0653,45.8363],[25.0763,45.8153],[25.1779,45.8191],[25.1807,45.8459],[25.0708,45.8555],[25.0598,45.8651],[25.0983,45.8804],[25.145,45.8612],[25.1889,45.8651],[25.1752,45.8804],[25.2136,45.8727],[25.2219,45.8918],[25.1862,45.8995],[25.1779,45.911],[25.2438,45.9052],[25.2658,45.9244],[25.2493,45.932],[25.2521,45.9646],[25.1642,45.9416],[25.1477,45.9397],[25.1477,45.9416],[25.1175,45.9416],[25.1175,45.9435],[25.1862,45.9588],[25.1917,45.9799],[25.2301,45.9761],[25.2246,46.0009],[25.2686,45.9799],[25.2603,46.0354],[25.2246,46.0603],[25.274,46.043],[25.3015,46.0813],[25.3757,46.1158],[25.3867,46.1674],[25.3867,46.1311],[25.4086,46.1196],[25.318,46.066],[25.2823,45.9933],[25.296,45.9856],[25.351,46.0335],[25.3674,46.043],[25.3839,46.0373],[25.285,45.9493],[25.3757,45.9703],[25.4471,45.9607],[25.3894,45.9493],[25.3839,45.9052],[25.3345,45.9263],[25.2576,45.8689],[25.2576,45.7904],[25.2109,45.7349],[25.2136,45.7139],[25.1834,45.7081],[25.1999,45.6813],[25.1285,45.689],[25.0818,45.7119],[25.0818,45.7349],[25.0708,45.7062],[24.9911,45.6909],[24.7083,45.6871],[24.4171,45.6277],[24.3924,45.6163],[24.4034,45.6009],[24.2743,45.5569],[24.2578,45.5033],[24.3127,45.4172],[24.3375,45.4096],[24.3018,45.4],[24.3045,45.3579],[24.3649,45.3694],[24.3787,45.3502],[24.3265,45.3253],[24.3512,45.3043],[24.3155,45.3081],[24.2853,45.266],[24.2935,45.2373],[24.3402,45.2009],[24.4418,45.2163],[24.4528,45.199],[24.3924,45.1684],[24.4034,45.132],[24.4775,45.1091],[24.516,45.067],[24.527,45.0765],[24.5105,45.1052],[24.549,45.0899],[24.5297,45.134],[24.5544,45.1646],[24.5654,45.1186],[24.5956,45.0938],[24.5792,45.0861],[24.5929,45.0612],[24.5709,45.0517],[24.5984,45.0497],[24.6011,45.0306],[24.5682,45.0249],[24.5627,44.9713],[24.5023,44.9253],[24.5682,44.9139],[24.6011,44.9196],[24.6011,44.9407],[24.6286,44.9253],[24.6368,44.9541],[24.6643,44.9541],[24.6011,44.9962],[24.6313,45.0057],[24.6396,45.0306],[24.6149,45.0995],[24.6533,45.0804],[24.6506,45.1052],[24.6231,45.1206],[24.6561,45.1263],[24.6561,45.1684],[24.6835,45.1225],[24.7083,45.1263],[24.689,45.1129],[24.6835,45.0402],[24.7467,44.9808],[24.733,45.021],[24.7714,45.0096],[24.7769,45.0689],[24.7549,45.1052],[24.7797,45.1052],[24.7714,45.1454],[24.7852,45.1416],[24.8126,45.0402],[24.7989,44.9445],[24.8209,44.9732],[24.8511,44.977],[24.8318,45.0325],[24.8236,45.1627],[24.8291,45.1684],[24.8621,45.1474],[24.8593,45.0555],[24.873,45.0268],[24.8923,45.0363],[24.8923,45.0],[24.9252,44.9942],[24.8978,45.1225],[24.9335,45.1531],[24.9472,45.0421],[24.9719,45.0325],[24.9637,45.0115],[24.9911,45.0306],[24.9774,45.1186],[25.0076,45.1301],[25.0076,45.0746],[25.0626,45.0765],[25.0131,44.9866],[25.0296,44.977],[25.0708,44.9962],[25.112,45.0746],[25.1038,45.0115],[25.0681,44.9541],[25.0928,44.9387],[25.1505,44.9828],[25.1477,44.9502],[25.1642,44.9579],[25.1779,44.9349],[25.1862,44.9751],[25.2081,44.9541],[25.2328,44.9732],[25.2054,45.023],[25.2164,45.0919],[25.2466,45.0383],[25.34,45.067],[25.3043,45.0459],[25.318,45.0268],[25.2905,45.0191],[25.2878,44.9923],[25.318,44.9541],[25.3152,44.9674],[25.3537,44.977],[25.3372,45.0478],[25.3674,45.0555],[25.3867,45.0383],[25.4086,45.0517],[25.4004,45.0785],[25.4498,45.0919],[25.4306,45.0536],[25.4718,45.067],[25.4471,45.0497],[25.4663,45.0076],[25.4883,45.0172],[25.4745,45.0268],[25.4855,45.0363],[25.546,45.0344],[25.5295,45.0708],[25.5542,45.0861],[25.5762,45.067],[25.6284,45.067],[25.6256,45.0919],[25.7327,45.0191],[25.6833,45.111],[25.7492,45.0823],[25.7574,45.1186],[25.7822,45.1129],[25.8069,45.0574],[25.8289,45.0727],[25.8563,45.0631],[25.8563,45.1167],[25.881,45.1282],[25.8261,45.1454],[25.8728,45.1512],[25.8728,45.1684],[25.9195,45.1608],[25.9497,45.2009],[25.9497,45.1665],[25.9827,45.1741],[26.0046,45.1454],[26.0156,45.2277],[26.0486,45.1895],[26.0541,45.2067],[26.1008,45.2105],[26.0651,45.1474],[26.0733,45.1282],[26.0953,45.134],[26.0953,45.1531],[26.153,45.1569],[26.1502,45.1875],[26.2436,45.2105],[26.2189,45.243],[26.153,45.2354],[26.1859,45.2698],[26.2381,45.2488],[26.2134,45.2928],[26.2546,45.2622],[26.2683,45.2182],[26.337,45.2009],[26.3287,45.2354],[26.2903,45.2641],[26.3315,45.2756],[26.2958,45.3119],[26.3123,45.3349],[26.2903,45.3502],[26.293,45.3885],[26.348,45.3923],[26.3123,45.356],[26.3589,45.2966],[26.4056,45.3215],[26.3809,45.2832],[26.3837,45.2679],[26.4221,45.2641],[26.3974,45.2411],[26.4001,45.1933],[26.4304,45.222],[26.4386,45.2029],[26.4743,45.2009],[26.4798,45.2182],[26.4578,45.2335],[26.4716,45.2622],[26.4468,45.289],[26.4771,45.3119],[26.4551,45.3196],[26.4716,45.3387],[26.6089,45.3923],[26.6199,45.3426],[26.6583,45.3713],[26.6858,45.3617],[26.6913,45.3942],[26.7133,45.3962],[26.6501,45.421],[26.6034,45.4172],[26.6281,45.444],[26.7462,45.4172],[26.749,45.4536],[26.8039,45.4249],[26.7957,45.3962],[26.8286,45.3942],[26.8011,45.4497],[26.8286,45.4536],[26.8259,45.488],[26.7764,45.5052],[26.8643,45.511],[26.8451,45.5512],[26.8698,45.5474],[26.8561,45.5722],[26.8698,45.5875],[26.8533,45.599],[26.889,45.6124],[26.8588,45.6296],[26.9,45.6411],[26.8808,45.6603],[26.9083,45.6622],[26.8726,45.6909],[26.8753,45.7139],[26.8066,45.6622],[26.8423,45.7177],[26.7984,45.7426],[26.7709,45.71],[26.7133,45.7062],[26.7627,45.7426],[26.727,45.7387],[26.7325,45.7541],[26.7023,45.7579],[26.7325,45.7808],[26.6858,45.7904],[26.683,45.8325],[26.7352,45.8153],[26.7435,45.8249],[26.716,45.8497],[26.6638,45.8383],[26.6748,45.8574],[26.7023,45.8765],[26.7572,45.8497],[26.7819,45.8153],[26.7792,45.8344],[26.8121,45.844],[26.7764,45.9129],[26.7435,45.9206],[26.7627,45.934],[26.7462,45.9569],[26.7133,45.9684],[26.6721,45.9416],[26.6885,45.9761],[26.7133,45.9818],[26.6885,45.9952],[26.7215,46.0029],[26.7188,46.0258],[26.6611,46.0373],[26.6254,46.0239],[26.6501,46.0545],[26.6391,46.0794],[26.5979,46.1215],[26.5594,46.0928],[26.5704,46.1253],[26.5485,46.1368],[26.4496,46.0718],[26.4853,46.1234],[26.6281,46.1713],[26.5924,46.1885],[26.4743,46.156],[26.5073,46.1847],[26.5842,46.2057],[26.5292,46.2249],[26.5347,46.2421],[26.4825,46.2229],[26.4908,46.2402],[26.4633,46.2459],[26.488,46.267],[26.4633,46.2765],[26.4716,46.288],[26.4029,46.2746],[26.4221,46.3072],[26.4496,46.3129],[26.4468,46.3397],[26.3699,46.3761],[26.4001,46.3895],[26.4331,46.3722],[26.4468,46.399],[26.4853,46.4105],[26.4743,46.4335],[26.51,46.4411],[26.5265,46.4698],[26.5128,46.4832],[26.532,46.5139],[26.5073,46.5311],[26.5402,46.5311],[26.5485,46.5502],[26.4633,46.5674],[26.4853,46.5885],[26.4496,46.5847],[26.4716,46.6019],[26.4578,46.6153],[26.5045,46.6172],[26.4661,46.6287],[26.4633,46.6612],[26.4386,46.6593],[26.4633,46.6899],[26.4221,46.7129],[26.4523,46.7148],[26.4359,46.7435],[26.4084,46.732],[26.4001,46.7474],[26.3562,46.7454],[26.4249,46.7627],[26.348,46.7799],[26.3864,46.7914],[26.3754,46.8469],[26.348,46.8698],[26.3342,46.8392],[26.315,46.8679],[26.293,46.8545],[26.2189,46.8698],[26.2079,46.8411],[26.131,46.8239],[26.098,46.8526],[26.076,46.8488],[26.0925,46.8718],[26.1282,46.8392],[26.1612,46.8373],[26.1639,46.8679],[26.2711,46.8947],[26.2738,46.9139],[26.3452,46.9005],[26.3287,46.9234],[26.3562,46.9502],[26.326,47.0325],[26.337,47.0478],[26.2875,47.0746],[26.2683,47.1244],[26.2793,47.1435],[26.1996,47.1741],[26.2244,47.1914],[26.2079,47.2201],[26.3095,47.1933],[26.2985,47.2258],[26.2326,47.2794],[26.1694,47.2832],[26.1749,47.3005],[26.1337,47.3081],[26.12,47.3311],[26.1859,47.3426],[26.0843,47.3828],[26.0376,47.3674],[26.0486,47.3962],[25.9964,47.3981],[26.0101,47.4383],[25.9415,47.4976],[25.914,47.511],[25.8536,47.5014],[25.8838,47.5206],[25.9579,47.5206],[26.0019,47.4918],[26.0431,47.4918],[26.0458,47.5072],[26.0184,47.5531],[25.9497,47.5684],[25.9442,47.5856],[25.9195,47.5627],[25.8838,47.6086],[25.8481,47.622],[25.8618,47.6526],[25.8371,47.666],[25.8426,47.7406],[25.7629,47.7598],[25.7822,47.7885],[25.7492,47.8038],[25.7492,47.8363],[25.5789,47.8957],[25.6888,47.9397],[25.674,47.9458],[25.775,47.9394],[25.8612,47.9704],[25.892,47.9612],[25.915,47.9775],[25.9522,47.9709],[26.061,47.988],[26.101,47.9783],[26.1844,47.9947],[26.199,48.0077],[26.2141,48.0526],[26.2691,48.0803],[26.2711,48.0737],[26.2958,48.0794],[26.2825,48.1019],[26.2855,48.1081],[26.3123,48.0966],[26.2907,48.1186],[26.2982,48.1337],[26.3004,48.1353],[26.3205,48.1234],[26.3259,48.1536],[26.3264,48.154],[26.3947,48.1426],[26.4056,48.1732],[26.5018,48.1674],[26.499,48.1866],[26.5594,48.1962],[26.6061,48.1732],[26.5869,48.2134],[26.6171,48.2038],[26.6473,48.2306],[26.705,48.2287],[26.6858,48.2095],[26.716,48.1885],[26.6913,48.1866],[26.7078,48.1694],[26.6913,48.154],[26.6336,48.1942],[26.6418,48.1483],[26.5485,48.1713],[26.5759,48.1502],[26.5182,48.1311],[26.4468,48.1617],[26.4633,48.1406],[26.3892,48.1196],[26.4029,48.0947],[26.4331,48.0985],[26.4331,48.0756],[26.4029,48.0679],[26.4441,48.0603],[26.4743,48.0622],[26.4523,48.1024],[26.4798,48.1215],[26.521,48.0622],[26.5018,48.0411],[26.5485,48.0277],[26.5375,48.0086],[26.4688,48.0469],[26.4111,48.0411],[26.3947,48.0584],[26.3672,48.0162],[26.3947,47.9933],[26.3287,48.0143],[26.326,48.043],[26.3095,48.0392],[26.3123,47.9971],[26.2848,48.0086],[26.2573,48.0124],[26.2518,48.0086],[26.2903,47.9761],[26.3397,47.978],[26.3425,47.9531],[26.3315,47.9569],[26.304,47.9531],[26.3507,47.934],[26.3727,47.8957],[26.3562,47.8804],[26.4029,47.8689],[26.3892,47.8957],[26.3864,47.9052],[26.3892,47.9167],[26.4798,47.8651],[26.4606,47.8536],[26.4688,47.8057],[26.4496,47.8038],[26.4359,47.7732],[26.4578,47.7847],[26.5265,47.7636],[26.5594,47.7177],[26.6006,47.7024],[26.6006,47.6698],[26.6721,47.6373],[26.6254,47.6526],[26.5759,47.6488],[26.6364,47.6277],[26.6473,47.6048],[26.6803,47.6105],[26.6885,47.5665],[26.7242,47.5588],[26.749,47.5282],[26.7957,47.5359],[26.8011,47.5722],[26.8478,47.5569],[26.8369,47.5263],[26.8616,47.5148],[26.8835,47.4651],[26.8918,47.3942],[26.8341,47.4153],[26.8066,47.4115],[26.9275,47.354],[26.9083,47.3349],[26.9385,47.31],[26.8973,47.2966],[26.944,47.2641],[26.9247,47.2507],[26.9604,47.2182],[26.9193,47.1914],[26.9495,47.1703],[26.9247,47.1703],[26.922,47.1493],[27.0428,47.0536],[27.0813,47.0459],[27.1143,47.0651],[27.2186,47.0287],[27.301,47.0517],[27.3779,47.0402],[27.5043,46.9885],[27.5262,46.9579],[27.562,46.9636],[27.6114,47.0076],[27.6471,47.0019],[27.6306,47.0421],[27.6718,47.0727],[27.7267,47.0421],[27.7597,46.9981],[27.8009,46.9866],[27.8229,46.9445],[27.8751,46.9579],[27.9575,46.9234],[27.886,46.9158],[27.9959,46.8718],[27.9492,46.8622],[28.0344,46.7799],[28.0316,46.6038],[28.1003,46.5847],[28.0646,46.5828],[28.0563,46.533],[28.0316,46.5349],[28.0289,46.4737],[27.9959,46.5177],[27.9904,46.4928],[27.9657,46.4985],[27.9959,46.4316],[27.941,46.4756],[27.9547,46.3837],[27.908,46.3512],[27.9135,46.4124],[27.897,46.4296],[27.8833,46.3895],[27.8586,46.3971],[27.8696,46.4411],[27.8503,46.4737],[27.8723,46.4813],[27.8778,46.5177],[27.9382,46.5368],[28.0096,46.6268],[27.9959,46.6249],[27.9822,46.6076],[27.9794,46.6076],[27.9657,46.5962],[27.963,46.5962],[27.963,46.5942],[27.9602,46.5942],[27.9602,46.5923],[27.9575,46.5923],[27.9575,46.5904],[27.9547,46.5904],[27.9547,46.5885],[27.952,46.5885],[27.9877,46.7148],[27.9712,46.778],[27.897,46.8373],[27.9492,46.7627],[27.952,46.732],[27.9245,46.7359],[27.9492,46.6842],[27.8833,46.7167],[27.9382,46.6631],[27.9327,46.6325],[27.9163,46.6172],[27.886,46.6651],[27.8833,46.6134],[27.8613,46.6],[27.8476,46.667],[27.8229,46.5828],[27.8064,46.5828],[27.8119,46.5292],[27.7954,46.533],[27.7762,46.6229],[27.8009,46.6459],[27.7927,46.6938],[27.8448,46.7722],[27.8009,46.7895],[27.8421,46.8258],[27.8394,46.8488],[27.8174,46.8507],[27.8311,46.889],[27.7872,46.9674],[27.7734,46.954],[27.8036,46.8928],[27.7927,46.8239],[27.7158,46.9196],[27.7075,46.9062],[27.7405,46.8813],[27.746,46.8488],[27.6993,46.8564],[27.6663,46.889],[27.6526,46.8928],[27.6746,46.8411],[27.7734,46.8048],[27.7762,46.7684],[27.7048,46.8048],[27.7707,46.7454],[27.7679,46.7282],[27.7487,46.732],[27.7515,46.6976],[27.7185,46.7627],[27.691,46.7761],[27.7103,46.7378],[27.6938,46.7282],[27.7103,46.7072],[27.6965,46.6785],[27.7267,46.6383],[27.7185,46.6287],[27.6801,46.6402],[27.6553,46.6765],[27.6553,46.7627],[27.6306,46.755],[27.6334,46.6785],[27.6086,46.7454],[27.5894,46.7225],[27.5729,46.7512],[27.6251,46.8143],[27.6224,46.8411],[27.5812,46.8143],[27.6031,46.8698],[27.5757,46.8832],[27.5839,46.9081],[27.5455,46.9158],[27.5427,46.7722],[27.518,46.7722],[27.5235,46.7914],[27.496,46.8201],[27.5153,46.8641],[27.4741,46.8832],[27.4933,46.9043],[27.4823,46.9598],[27.4356,46.9789],[27.4658,46.9502],[27.4658,46.9062],[27.4329,46.9234],[27.4274,46.9043],[27.4576,46.889],[27.4796,46.7895],[27.4713,46.7837],[27.4301,46.8526],[27.4219,46.8029],[27.3917,46.8584],[27.3615,46.8641],[27.3642,46.9062],[27.3367,46.9464],[27.312,46.9521],[27.2928,46.9981],[27.2351,46.9981],[27.2928,46.9655],[27.2818,46.9407],[27.3312,46.8909],[27.2955,46.8871],[27.3203,46.8679],[27.3038,46.8526],[27.3752,46.8029],[27.2955,46.822],[27.2955,46.8067],[27.2681,46.8143],[27.2681,46.7895],[27.2488,46.7875],[27.2159,46.8584],[27.1967,46.8679],[27.2131,46.8009],[27.1664,46.8201],[27.1527,46.8067],[27.2351,46.7684],[27.1829,46.7761],[27.1912,46.7588],[27.1719,46.7474],[27.2433,46.7416],[27.2845,46.778],[27.323,46.7646],[27.3532,46.778],[27.3917,46.7512],[27.4191,46.7665],[27.4878,46.7435],[27.5565,46.7033],[27.5482,46.6861],[27.5922,46.6555],[27.4658,46.7167],[27.3944,46.7148],[27.496,46.6746],[27.4631,46.6631],[27.5839,46.6287],[27.6114,46.5962],[27.5235,46.6172],[27.5537,46.5962],[27.5372,46.5808],[27.496,46.6038],[27.4796,46.5942],[27.4603,46.621],[27.4603,46.6],[27.4384,46.6038],[27.3862,46.6478],[27.3477,46.6593],[27.3367,46.6478],[27.3807,46.6306],[27.4081,46.5904],[27.5208,46.5483],[27.6746,46.5502],[27.6471,46.5292],[27.6938,46.5292],[27.702,46.4947],[27.757,46.4985],[27.7679,46.4756],[27.7487,46.4411],[27.7954,46.4143],[27.7679,46.4105],[27.7817,46.3722],[27.7597,46.3665],[27.7652,46.3263],[27.7597,46.3206],[27.6938,46.4354],[27.735,46.288],[27.7185,46.2899],[27.713,46.2593],[27.6828,46.3914],[27.6608,46.4182],[27.6691,46.378],[27.6608,46.3474],[27.6416,46.3895],[27.6059,46.4086],[27.6471,46.334],[27.6114,46.3531],[27.6059,46.3493],[27.6498,46.2995],[27.6636,46.2459],[27.6196,46.2804],[27.6251,46.1942],[27.5784,46.133],[27.5922,46.267],[27.5482,46.355],[27.5372,46.4488],[27.5262,46.4545],[27.5345,46.4048],[27.529,46.3569],[27.5098,46.4105],[27.4768,46.4488],[27.4658,46.4507],[27.507,46.3684],[27.4905,46.3741],[27.4356,46.4794],[27.345,46.5847],[27.3093,46.577],[27.3999,46.4851],[27.3862,46.4794],[27.4191,46.4564],[27.4658,46.3569],[27.5345,46.3186],[27.5427,46.2153],[27.4988,46.2402],[27.496,46.2172],[27.4796,46.2306],[27.4741,46.1694],[27.4411,46.2402],[27.4493,46.1445],[27.4301,46.1368],[27.4329,46.0239],[27.4136,46.0048],[27.4219,46.0469],[27.3944,46.1234],[27.4136,46.156],[27.3944,46.3569],[27.3862,46.2651],[27.3532,46.2957],[27.334,46.3014],[27.3834,46.221],[27.3834,46.1847],[27.3532,46.1962],[27.3669,46.1713],[27.3505,46.1234],[27.3587,46.0794],[27.3395,46.0775],[27.334,46.1694],[27.2626,46.4048],[27.2433,46.4086],[27.2845,46.2517],[27.2433,46.2785],[27.2241,46.2651],[27.2873,46.2249],[27.2791,46.0966],[27.3065,46.0737],[27.2955,46.0354],[27.323,46.0239],[27.3477,45.9703],[27.3422,45.9167],[27.3285,45.9512],[27.2983,45.9512],[27.3065,45.8938],[27.2763,45.8861],[27.2461,45.9206],[27.2791,45.9971],[27.2461,46.1751],[27.2241,46.177],[27.2214,46.2],[27.1912,46.1962],[27.2186,46.1368],[27.2104,46.1196],[27.1555,46.1808],[27.1609,46.2249],[27.139,46.2306],[27.1225,46.2115],[27.0923,46.244],[27.106,46.267],[27.0786,46.2612],[27.1088,46.3129],[27.0813,46.2823],[27.0538,46.2842],[27.0511,46.3052],[27.1005,46.3569],[27.084,46.3627],[27.084,46.3933],[27.106,46.4354],[27.0813,46.4392],[27.0731,46.3684],[27.0401,46.3301],[27.0154,46.3225],[26.9989,46.3512],[26.9989,46.4603],[27.0264,46.5062],[27.0154,46.554],[27.0511,46.5732],[26.9852,46.5904],[26.9687,46.6344],[27.0374,46.6383],[26.9632,46.6631],[27.0071,46.6842],[26.9577,46.6938],[26.9659,46.7091],[26.9385,46.7397],[26.9412,46.7761],[26.9797,46.8143],[27.0044,46.8813],[27.0071,46.9158],[26.9769,46.9426],[26.9852,46.977],[26.933,47.0038],[26.8176,47.1263],[26.7764,47.134],[26.8039,47.0746],[26.8918,46.9866],[26.9302,46.8909],[26.922,46.8737],[26.8726,46.9158],[26.8341,46.9158],[26.8808,46.8373],[26.8671,46.8373],[26.8533,46.7722],[26.9,46.5789],[26.7984,46.6287],[26.727,46.6229],[26.8506,46.577],[26.8588,46.5196],[26.889,46.489],[26.8781,46.4488],[26.9028,46.3741],[26.9769,46.2976],[26.9632,46.2765],[27.0016,46.2574],[26.9879,46.2325],[27.0483,46.1885],[27.1005,46.0832],[27.0209,46.0947],[26.8973,46.1521],[26.8286,46.2057],[26.7709,46.2134],[26.7709,46.1981],[26.8149,46.1904],[26.9824,46.0756],[27.1252,46.0239],[27.1143,46.0124],[27.1335,46.0009],[27.1335,45.9493],[27.1088,45.9301],[27.1307,45.9186],[27.1307,45.8785],[27.1005,45.8804],[27.1198,45.8363],[27.0566,45.8383],[27.0813,45.8172],[27.0676,45.8038],[26.9934,45.8383],[27.0511,45.7674],[27.0538,45.7024],[27.0181,45.7005],[27.0538,45.6813],[27.0621,45.6545],[27.0538,45.5397],[27.0676,45.5129],[27.0401,45.5129],[26.9852,45.5454],[26.9714,45.5435],[27.0016,45.5091],[27.0593,45.4938],[27.0676,45.467],[27.0456,45.4555],[27.0538,45.4134],[27.0319,45.3636],[26.9879,45.3885],[27.0071,45.3196],[26.9247,45.2239],[26.8808,45.2048],[26.8726,45.2316],[26.8451,45.1933],[26.7929,45.178],[26.7654,45.1933],[26.7599,45.2622],[26.7462,45.1895],[26.6666,45.2354],[26.5485,45.2277],[26.5265,45.2048],[26.6666,45.2143],[26.6913,45.1952],[26.6858,45.1684],[26.5512,45.1225],[26.6473,45.1512],[26.6913,45.1454],[26.6611,45.0708],[26.6418,45.0842],[26.6336,45.0574],[26.5649,45.0249],[26.2463,44.9387],[26.2354,44.9521],[26.2601,45.0115],[26.2463,45.0517],[26.2711,45.0708],[26.2326,45.0497],[26.1667,45.0574],[26.1557,45.0478],[26.2271,45.023],[26.2189,44.9828],[26.1914,44.9885],[26.2189,44.9674],[26.2134,44.9139],[26.109,44.9234],[26.1612,44.9674],[26.0568,44.9426],[26.0019,44.9732],[26.0046,44.9368],[25.9662,44.9253],[25.925,44.8871],[25.9305,44.8737],[25.7547,44.822],[25.8014,44.7952],[25.7986,44.7665],[25.6476,44.8009],[25.6421,44.7588],[25.6064,44.734],[25.5679,44.7397],[25.4498,44.6708],[25.4059,44.688],[25.2466,44.688],[25.2136,44.6708],[25.2466,44.6459],[25.1944,44.6268],[25.1889,44.5674],[25.09,44.5789],[25.1175,44.5483],[25.0983,44.5464],[25.1038,44.5215],[25.079,44.51],[24.9802,44.5119],[24.9115,44.5445],[24.95,44.4909],[24.8126,44.4641],[24.8016,44.5043],[24.7659,44.5368],[24.7577,44.4641],[24.689,44.5273],[24.6863,44.5062],[24.6643,44.5196],[24.6616,44.5119],[24.7,44.4603],[24.6973,44.4373],[24.6753,44.4603],[24.6588,44.4411],[24.6204,44.443],[24.6066,44.4718],[24.5737,44.4679],[24.5599,44.4986],[24.5407,44.4986],[24.6039,44.4163],[24.5297,44.4277],[24.4666,44.4124],[24.4446,44.4488],[24.4226,44.4488],[24.4281,44.4316],[24.4226,44.4277],[24.3924,44.466],[24.4116,44.51],[24.3814,44.4966],[24.3567,44.5139],[24.3457,44.5445],[24.3896,44.6076],[24.3594,44.5751],[24.3402,44.5789],[24.3127,44.6938],[24.3237,44.7167],[24.3045,44.7244],[24.2715,44.8564],[24.2825,44.8775],[24.277,44.9387],[24.2194,44.8718],[24.2441,44.7646],[24.2276,44.7359],[24.2496,44.6153],[24.2303,44.6076],[24.1809,44.6497],[24.1727,44.6268],[24.2276,44.5847],[24.2194,44.5234],[24.1562,44.5464],[24.2084,44.5062],[24.2029,44.4545],[24.0985,44.533],[24.2029,44.3952],[24.1699,44.3837],[24.1205,44.4373],[24.1122,44.4163],[24.0463,44.4986],[23.9914,44.5349],[23.9832,44.6249],[23.9529,44.5866],[23.9062,44.6268],[23.9282,44.5694],[24.0353,44.4258],[24.0079,44.422],[24.0491,44.3952],[24.0491,44.3761],[24.0298,44.378],[23.8953,44.4832],[23.8953,44.4679],[23.9392,44.4373],[23.9667,44.4048],[23.9639,44.399],[23.8239,44.4852],[23.909,44.4067],[23.8843,44.3971],[23.9804,44.3703],[23.9694,44.3569],[23.9145,44.3665],[23.92,44.3263],[23.8623,44.3474],[23.8321,44.3971],[23.8403,44.3359],[23.8266,44.3282],[23.7689,44.4392],[23.7689,44.4756],[23.725,44.5196],[23.7524,44.5942],[23.7112,44.5445],[23.6371,44.667],[23.6288,44.6287],[23.6591,44.5923],[23.6755,44.5062],[23.7003,44.4871],[23.6865,44.4507],[23.725,44.4009],[23.5492,44.5139],[23.5739,44.5349],[23.5574,44.5923],[23.5739,44.6191],[23.5464,44.6134],[23.5217,44.6765],[23.5245,44.7148],[23.5492,44.7282],[23.53,44.7397],[23.5217,44.8928],[23.5052,44.8852],[23.508,44.7914],[23.4888,44.7263],[23.475,44.7091],[23.4503,44.7206],[23.4778,44.6746],[23.4229,44.6823],[23.4805,44.6574],[23.4888,44.6268],[23.4586,44.6363],[23.4888,44.6057],[23.4723,44.5962],[23.313,44.7837],[23.4064,44.8258],[23.2828,44.8182],[23.2004,44.8545],[23.1976,44.8794],[23.2196,44.8985],[23.3295,44.9273],[23.3047,44.9617],[23.2471,44.977],[23.1839,44.9541],[23.1482,44.9732],[23.1345,44.9426],[23.0795,44.9598],[23.0823,44.933],[23.0411,44.9043],[22.9504,44.933],[22.9395,44.9196],[22.9944,44.8985],[23.0026,44.8698],[23.0548,44.8794],[23.1235,44.8564],[23.1482,44.8316],[23.1207,44.822],[23.1619,44.8277],[23.2526,44.7818],[23.3542,44.6478],[23.302,44.6612],[23.2388,44.7225],[23.2773,44.6746],[23.1894,44.7148],[23.1592,44.7052],[23.2416,44.6727],[23.2169,44.6593],[23.28,44.6459],[23.2333,44.6363],[23.3597,44.6153],[23.4174,44.5598],[23.3377,44.5808],[23.3322,44.5751],[23.4283,44.5387],[23.2333,44.5732],[23.1702,44.623],[23.096,44.6478],[22.9834,44.7474],[22.934,44.7608],[22.9779,44.7206],[22.9477,44.7091],[23.0576,44.6478],[22.9532,44.6478],[22.8625,44.6976],[22.879,44.6746],[22.9504,44.6344],[23.0685,44.6287],[23.1619,44.5847],[23.1207,44.577],[23.1592,44.5694],[23.1482,44.5617],[23.0054,44.5368],[23.2031,44.556],[23.1702,44.5292],[23.2169,44.5464],[23.2361,44.533],[23.1949,44.5005],[23.2745,44.5253],[23.4174,44.5005],[23.4805,44.4603],[23.4366,44.466],[23.4558,44.4526],[23.4393,44.4488],[23.3185,44.4928],[23.3542,44.4737],[23.3514,44.4584],[23.2745,44.4545],[23.4915,44.4201],[23.3679,44.4124],[23.3926,44.4009],[23.335,44.3933],[23.4998,44.3856],[23.3569,44.378],[23.486,44.3512],[23.3487,44.3512],[23.3899,44.3359],[23.3377,44.3301],[23.4256,44.3148],[23.3871,44.3014],[23.4586,44.2861],[23.3762,44.2804],[23.4283,44.2593],[23.3624,44.2478],[23.3679,44.2344],[23.28,44.2517],[23.2114,44.2957],[23.2553,44.2478],[23.3459,44.2191],[23.3487,44.2019],[23.2828,44.2096],[23.2993,44.1962],[23.2855,44.1923],[23.1647,44.2287],[23.2031,44.2076],[23.1976,44.1885],[23.1097,44.2096],[23.063,44.2478],[23.0795,44.2995],[23.0521,44.2957],[23.0493,44.3186],[23.0328,44.3052],[23.0438,44.2746],[23.0273,44.2727],[22.9999,44.3244],[22.9889,44.311],[22.934,44.3301],[22.9504,44.3493],[23.0383,44.3512],[23.0219,44.3741],[23.0603,44.3895],[23.0603,44.422],[23.0466,44.3914],[22.9999,44.3722],[22.901,44.3684],[22.8955,44.399],[22.9395,44.4105],[22.8873,44.4182],[22.912,44.4354],[22.868,44.4392],[22.8598,44.4909],[22.8378,44.4603],[22.7911,44.4584],[22.8076,44.5368],[22.7829,44.5694],[22.7609,44.5694],[22.7609,44.6019],[22.7197,44.6172],[22.7719,44.6708],[22.6813,44.6593],[22.6263,44.6919],[22.6373,44.6651],[22.6154,44.6612],[22.6346,44.6459],[22.572,44.6363],[22.5671,44.6386],[22.5231,44.6752],[22.5851,44.7091],[22.5604,44.734],[22.522,44.7206],[22.522,44.6762],[22.4912,44.7018],[22.5,44.7186],[22.4704,44.7083],[22.4295,44.7098],[22.4069,44.6954],[22.4066,44.6957],[22.3901,44.8105],[22.3764,44.7454],[22.3941,44.6872],[22.3752,44.6752],[22.3684,44.6728],[22.333,44.6759],[22.2987,44.6376],[22.2733,44.6232],[22.2678,44.6062],[22.2665,44.6057],[22.2672,44.6044],[22.2645,44.5962],[22.2307,44.5619],[22.1842,44.4822],[22.1586,44.4716],[22.1404,44.4738],[22.1622,44.4852],[22.1429,44.4928],[22.1622,44.5158],[22.1979,44.5234],[22.1814,44.5483],[22.2198,44.5502],[22.2034,44.5732],[22.2363,44.6076],[22.1704,44.6115],[22.1841,44.6517],[22.2446,44.6651],[22.3077,44.6536],[22.2995,44.6689],[22.327,44.6765],[22.2968,44.7091],[22.3544,44.7033],[22.3517,44.7665],[22.3297,44.7875],[22.3682,44.7837],[22.3682,44.8201],[22.3599,44.8335],[22.338,44.8201],[22.3132,44.8507],[22.3407,44.8545],[22.283,44.8698],[22.2391,44.9158],[22.2171,44.9119],[22.2089,44.9311],[22.1677,44.9234],[22.1594,44.8871],[22.1814,44.8775],[22.1017,44.8048],[22.066,44.7875],[22.0001,44.7914],[22.0084,44.7722],[21.9781,44.7933],[21.9315,44.7703],[21.9452,44.7493],[21.9095,44.7608],[21.86,44.7435],[21.86,44.7072],[21.9012,44.688],[22.0084,44.7148],[21.9742,44.6342],[21.9507,44.6352],[21.8954,44.6452],[21.8546,44.6651],[21.8188,44.6631],[21.8199,44.659],[21.7934,44.6639],[21.7162,44.6544],[21.6966,44.6637],[21.6792,44.6624],[21.676,44.6823],[21.6348,44.6861],[21.6143,44.707],[21.6154,44.7148],[21.5852,44.7598],[21.537,44.7726],[21.4599,44.7769],[21.4248,44.7733],[21.4132,44.7779],[21.4481,44.7933],[21.6431,44.8201],[21.676,44.845],[21.7035,44.8258],[21.7337,44.8411],[21.698,44.8392],[21.698,44.8622],[21.6678,44.8641],[21.6678,44.845],[21.6403,44.8316],[21.6211,44.843],[21.6293,44.8718],[21.7035,44.8718],[21.7117,44.8909],[21.665,44.9177],[21.6815,44.9521],[21.6376,44.9617],[21.6211,44.9464],[21.6156,44.9655],[21.6293,44.9828],[21.6815,44.9694],[21.687,45.0038],[21.7117,45.0153],[21.7007,45.044],[21.6623,45.0593],[21.6733,45.0823],[21.72,45.0823],[21.698,45.0919],[21.72,45.1129],[21.8079,45.1244],[21.8353,45.1512],[21.8079,45.1703],[21.7584,45.1244],[21.7117,45.1397],[21.6953,45.1225],[21.6513,45.1263],[21.5799,45.1933],[21.5277,45.1895],[21.5964,45.2335],[21.5717,45.2641],[21.6458,45.2392],[21.6074,45.2718],[21.6266,45.2852],[21.6156,45.3081],[21.6733,45.2622],[21.6925,45.2966],[21.7886,45.3158],[21.6898,45.3311],[21.7227,45.3694],[21.698,45.3962],[21.731,45.3962],[21.7831,45.4344],[21.8491,45.4363],[21.8518,45.423],[21.9754,45.3694],[21.937,45.4076],[21.893,45.4115],[21.893,45.4421],[21.8436,45.4593],[21.7749,45.4612],[21.7419,45.4306],[21.7145,45.4727],[21.6403,45.511],[21.6238,45.5607],[21.7062,45.5244],[21.7639,45.5206],[21.7804,45.5052],[21.7529,45.5033],[21.7667,45.4746],[21.8408,45.4689],[21.8079,45.4976],[21.8216,45.5206],[21.8463,45.5072],[21.9452,45.5167],[21.937,45.4651],[21.9809,45.5014],[22.0605,45.4842],[22.1539,45.421],[22.1567,45.3923],[22.2144,45.3541],[22.2171,45.3981],[22.2446,45.421],[22.1704,45.4708],[22.1539,45.511],[22.1127,45.5397],[22.1155,45.5588],[22.0303,45.5952],[22.0331,45.6105],[21.9864,45.6143],[22.0111,45.6258],[21.9946,45.6469],[21.9672,45.6296],[21.9534,45.6392],[21.9864,45.6603],[21.9672,45.6832],[21.9974,45.7024],[22.0386,45.6718],[22.0139,45.6603],[22.0688,45.6296],[22.066,45.6679],[22.1045,45.6947],[22.1072,45.7234],[22.2528,45.7713],[22.3187,45.7694],[22.294,45.8096],[22.1429,45.8076],[22.1429,45.8402],[22.1237,45.8172],[22.0963,45.8229],[22.11,45.8631],[22.066,45.8478],[22.0551,45.8249],[22.0303,45.8363],[22.0248,45.8134],[21.9891,45.8172],[22.0111,45.8861],[21.9424,45.8153],[21.9479,45.8574],[21.904,45.8421],[21.9012,45.8191],[21.8903,45.8402],[21.9452,45.8689],[21.9507,45.8976],[21.9232,45.8727],[21.8903,45.8918],[21.8546,45.8612],[21.8463,45.8938],[21.8271,45.867],[21.8024,45.867],[21.8024,45.8421],[21.7804,45.8574],[21.7804,45.8191],[21.7557,45.8019],[21.7447,45.8153],[21.7667,45.8344],[21.7392,45.8497],[21.7914,45.9014],[21.7337,45.8938],[21.7255,45.867],[21.6925,45.8612],[21.6925,45.9186],[21.6623,45.8899],[21.6733,45.8402],[21.6293,45.8708],[21.6348,45.777],[21.5909,45.7751],[21.6183,45.7981],[21.5964,45.8076],[21.6156,45.8191],[21.5991,45.8363],[21.5552,45.8134],[21.5222,45.8115],[21.5799,45.8536],[21.4838,45.8344],[21.4481,45.8631],[21.47,45.8612],[21.4728,45.8804],[21.4893,45.8593],[21.4893,45.888],[21.514,45.8995],[21.5442,45.8746],[21.5964,45.8746],[21.5387,45.9052],[21.6238,45.8842],[21.6376,45.9033],[21.6156,45.9091],[21.6348,45.9225],[21.4948,45.9454],[21.6321,45.9588],[21.6568,45.9761],[21.6788,45.955],[21.7062,45.9741],[21.7172,45.9416],[21.7502,45.9397],[21.7419,45.9665],[21.7722,45.9741],[21.7584,45.9933],[21.7914,45.9971],[21.8491,45.9627],[21.8463,45.9474],[21.8875,45.9607],[21.9012,45.9282],[21.9397,45.9454],[21.9177,45.9684],[21.8655,45.9703],[21.8491,46.0143],[21.9452,46.0048],[21.9727,46.0182],[21.9891,46.0067],[21.9809,45.9856],[22.0303,45.9952],[22.0303,45.9646],[21.9919,45.9493],[22.0166,45.9416],[22.0084,45.9167],[22.1072,45.8995],[22.1457,45.8689],[22.2116,45.8823],[22.2473,45.8631],[22.2473,45.9301],[22.261,45.9129],[22.3599,45.932],[22.4451,45.9225],[22.4478,45.9416],[22.3901,45.9837],[22.3819,45.9474],[22.2913,45.934],[22.2198,45.955],[22.1704,45.9416],[22.1567,45.9761],[22.0715,45.9741],[22.0496,45.9895],[22.0331,46.0182],[22.0825,46.0335],[22.0303,46.0296],[21.9946,46.0545],[21.9205,46.0354],[21.86,46.0526],[21.665,46.0411],[21.6513,46.0813],[21.6403,46.0545],[21.6046,46.0488],[21.6183,46.0832],[21.6019,46.1062],[21.6595,46.1732],[21.6431,46.1885],[21.6513,46.2115],[21.7282,46.2229],[21.7282,46.2],[21.7804,46.1808],[21.8985,46.2287],[21.9562,46.1655],[21.9727,46.1732],[21.9617,46.2038],[21.9754,46.2096],[21.9562,46.267],[22.0001,46.2899],[22.0029,46.2478],[22.0139,46.2612],[22.0358,46.2497],[22.0358,46.2785],[22.0688,46.2746],[22.0935,46.2229],[22.1127,46.2421],[22.2006,46.2325],[22.2556,46.1942],[22.2775,46.2096],[22.294,46.1904],[22.327,46.1962],[22.3297,46.177],[22.3572,46.2019],[22.3325,46.2421],[22.2418,46.2899],[22.1677,46.2478],[22.1402,46.3129],[22.2006,46.3072],[22.1896,46.3186],[22.2336,46.3474],[22.1786,46.3493],[22.1732,46.3646],[22.1347,46.3646],[22.1237,46.3875],[22.1045,46.3818],[22.0825,46.4163],[22.0825,46.4622],[22.0248,46.4813],[22.0386,46.5119],[21.9946,46.4985],[21.9974,46.5234],[22.0386,46.533],[22.0413,46.5655],[21.9946,46.5598],[21.9864,46.5808],[22.0056,46.6229],[22.1704,46.6153],[22.1649,46.6383],[22.1265,46.6325],[22.1786,46.6785],[22.1649,46.7091],[22.2418,46.6823],[22.3297,46.7244],[22.3132,46.7569],[22.2995,46.7665],[22.2665,46.732],[22.2501,46.7435],[22.2253,46.7072],[22.2144,46.7301],[22.2528,46.7454],[22.2885,46.7914],[22.261,46.7952],[22.2308,46.8354],[22.2336,46.7933],[22.2089,46.7761],[22.2034,46.8201],[22.1841,46.8009],[22.1429,46.8411],[22.1677,46.755],[22.1265,46.7607],[22.121,46.799],[22.1017,46.8086],[22.099,46.7531],[22.0551,46.7397],[22.0248,46.7607],[21.9919,46.7378],[21.9809,46.7531],[22.0029,46.7703],[21.9754,46.7722],[22.0139,46.7971],[21.9836,46.7914],[21.9644,46.8086],[21.9919,46.8469],[21.9699,46.8526],[21.9287,46.8086],[21.9122,46.8564],[21.937,46.8775],[21.9424,46.9139],[21.9946,46.91],[22.0111,46.9387],[22.0715,46.9368],[22.0798,46.9636],[22.1677,46.9617],[22.2995,46.9962],[22.3022,47.0115],[22.1677,47.0574],[22.0605,47.044],[21.9919,47.0057],[21.9727,47.0057],[21.9864,47.0287],[21.9534,47.0229],[21.9397,47.0421],[22.0084,47.0383],[22.0248,47.0651],[22.1045,47.0708],[22.0963,47.0823],[22.1155,47.0899],[22.0935,47.0918],[22.0715,47.0708],[22.0276,47.088],[22.121,47.1263],[22.1594,47.0938],[22.2006,47.088],[22.1402,47.1359],[22.1677,47.1359],[22.1649,47.1512],[22.1979,47.1301],[22.2226,47.0785],[22.2363,47.0765],[22.2226,47.0995],[22.2281,47.1014],[22.294,47.0536],[22.272,47.1148],[22.2418,47.132],[22.2968,47.155],[22.2748,47.1741],[22.3215,47.1703],[22.2556,47.1952],[22.2913,47.2201],[22.3846,47.1971],[22.3819,47.1684],[22.4478,47.1684],[22.3874,47.2354],[22.511,47.2277],[22.511,47.1837],[22.5549,47.1799],[22.5659,47.245],[22.5851,47.2373],[22.5687,47.266],[22.6154,47.2488]],[[27.702,46.8067],[27.702,46.8048],[27.7048,46.8048],[27.702,46.8067]],[[27.6993,46.8086],[27.6993,46.8067],[27.702,46.8067],[27.6993,46.8086]],[[23.8211,44.4871],[23.8211,44.4852],[23.8239,44.4852],[23.8211,44.4871]],[[27.6581,46.4411],[27.6443,46.4526],[27.6443,46.445],[27.6581,46.4411]],[[27.6031,46.4163],[27.6059,46.4124],[27.6031,46.4201],[27.6031,46.4163]],[[27.6004,46.3665],[27.6004,46.3703],[27.5977,46.3703],[27.6004,46.3665]],[[27.3889,46.7186],[27.3889,46.7225],[27.3862,46.7206],[27.3889,46.7186]],[[27.3917,46.7167],[27.3917,46.7186],[27.3889,46.7186],[27.3917,46.7167]],[[27.3779,46.378],[27.3862,46.3741],[27.3862,46.3799],[27.3779,46.378]],[[27.2351,46.3588],[27.2351,46.3627],[27.2324,46.3627],[27.2351,46.3588]],[[27.1225,46.334],[27.1225,46.3397],[27.1115,46.3263],[27.1225,46.334]],[[27.0401,46.6421],[27.0401,46.6383],[27.0483,46.6383],[27.0401,46.6421]],[[27.0154,45.6737],[26.9604,45.6411],[27.0126,45.6163],[27.0016,45.6392],[27.0154,45.6737]],[[26.9989,45.733],[27.0016,45.7253],[27.0071,45.7273],[26.9989,45.733]],[[26.9769,45.8153],[26.9193,45.8172],[26.9,45.7828],[26.9302,45.7579],[27.0016,45.7426],[26.9769,45.8153]],[[26.8616,45.9703],[26.9907,45.9512],[26.889,46.0296],[26.8259,46.0354],[26.8423,46.045],[26.8341,46.0832],[26.7819,46.089],[26.7215,46.0239],[26.7847,45.9646],[26.8423,45.9875],[26.8616,45.9703]],[[26.9879,45.4651],[26.9659,45.4708],[26.9659,45.4651],[26.9879,45.4651]],[[26.9742,46.1617],[26.955,46.1655],[26.955,46.1617],[26.9742,46.1617]],[[26.9302,45.3502],[26.9412,45.3713],[26.9138,45.3674],[26.9302,45.3502]],[[26.9055,46.2115],[26.9275,46.1732],[26.9412,46.1751],[26.922,46.2134],[26.9055,46.2115]],[[26.9357,45.8976],[26.9247,45.8938],[26.9385,45.8918],[26.9357,45.8976]],[[26.9193,45.3349],[26.9165,45.3253],[26.9247,45.3292],[26.9193,45.3349]],[[26.8835,45.911],[26.9055,45.8918],[26.9193,45.8938],[26.9028,45.9148],[26.8835,45.911]],[[26.8643,45.7426],[26.8671,45.7655],[26.889,45.7674],[26.8781,45.7962],[26.7984,45.7981],[26.7847,45.777],[26.8011,45.7445],[26.8643,45.7426]],[[26.8314,46.3206],[26.8121,46.2612],[26.8451,46.244],[26.8588,46.267],[26.8314,46.3206]],[[26.8451,46.3665],[26.8259,46.3799],[26.8423,46.4009],[26.8204,46.4105],[26.7929,46.332],[26.8423,46.3282],[26.8314,46.3569],[26.8451,46.3665]],[[26.8314,47.4651],[26.8314,47.4631],[26.8341,47.4631],[26.8314,47.4651]],[[26.8369,47.4612],[26.8369,47.4631],[26.8341,47.4631],[26.8369,47.4612]],[[26.8396,47.4593],[26.8396,47.4612],[26.8369,47.4612],[26.8396,47.4593]],[[26.8369,45.4459],[26.8369,45.4517],[26.8314,45.4517],[26.8369,45.4459]],[[26.8231,46.4258],[26.8259,46.4143],[26.8341,46.4163],[26.8231,46.4258]],[[26.8011,46.4641],[26.7902,46.4698],[26.7984,46.4469],[26.8011,46.4641]],[[26.7764,47.3502],[26.7847,47.3483],[26.7847,47.3579],[26.7764,47.3502]],[[26.7764,46.4985],[26.7764,46.5081],[26.7682,46.5081],[26.7764,46.4985]],[[26.7682,45.3808],[26.7682,45.3866],[26.7627,45.3866],[26.7682,45.3808]],[[26.7435,45.7713],[26.7407,45.7674],[26.7572,45.7636],[26.7435,45.7713]],[[26.7517,47.3942],[26.7517,47.3885],[26.7572,47.3885],[26.7517,47.3942]],[[26.7462,45.7866],[26.749,45.7847],[26.7462,45.7904],[26.7462,45.7866]],[[26.7297,45.3387],[26.7297,45.3426],[26.7242,45.3426],[26.7297,45.3387]],[[26.694,47.4421],[26.7215,47.4249],[26.7078,47.4727],[26.694,47.4689],[26.694,47.4421]],[[26.5512,46.2823],[26.6034,46.2497],[26.6336,46.2536],[26.6336,46.3091],[26.5952,46.355],[26.5045,46.4086],[26.4771,46.3837],[26.5237,46.3359],[26.5155,46.3206],[26.5622,46.3033],[26.5512,46.2823]],[[26.6226,45.3196],[26.5485,45.289],[26.5485,45.2698],[26.5924,45.2756],[26.6226,45.3196]],[[26.5869,45.0631],[26.5787,45.0861],[26.5347,45.0765],[26.521,45.0555],[26.554,45.044],[26.5869,45.0631]],[[26.5732,46.2478],[26.5732,46.2402],[26.5814,46.2421],[26.5732,46.2478]],[[26.4688,45.1091],[26.4661,45.1301],[26.5045,45.1359],[26.5622,45.1895],[26.4963,45.1512],[26.4249,45.1359],[26.4166,45.1129],[26.4688,45.1091]],[[26.51,45.3253],[26.4908,45.2909],[26.5594,45.3407],[26.51,45.3253]],[[26.532,46.5694],[26.5155,46.5713],[26.5182,46.5617],[26.532,46.5694]],[[26.4798,47.0172],[26.5018,47.0249],[26.4853,47.0268],[26.4825,47.0325],[26.4771,47.0325],[26.4798,47.0172]],[[26.4935,45.0593],[26.4771,45.0574],[26.4853,45.0497],[26.4935,45.0593]],[[26.4578,47.0325],[26.3919,47.0383],[26.3782,47.021],[26.4331,47.0249],[26.4825,46.9923],[26.4578,47.0325]],[[26.4221,45.0421],[26.4359,45.0383],[26.4523,45.0517],[26.4331,45.0517],[26.4221,45.0421]],[[26.4331,47.1416],[26.4194,47.1397],[26.4221,47.134],[26.4331,47.1416]],[[26.4166,45.0421],[26.4166,45.044],[26.4084,45.044],[26.4166,45.0421]],[[26.4111,46.7952],[26.4111,46.7895],[26.4166,46.7895],[26.4111,46.7952]],[[26.3699,46.9273],[26.3974,46.9253],[26.4001,46.9292],[26.3754,46.9387],[26.3699,46.9273]],[[26.3919,46.9866],[26.3672,47.0019],[26.3672,46.9962],[26.3919,46.9866]],[[26.3754,45.0421],[26.3507,45.0421],[26.3562,45.0344],[26.3754,45.0421]],[[26.3727,46.8928],[26.3535,46.9158],[26.3507,46.9081],[26.3727,46.8928]],[[26.3452,45.1703],[26.2985,45.1512],[26.293,45.1148],[26.3562,45.1493],[26.3452,45.1703]],[[26.3507,47.1722],[26.3287,47.1818],[26.3287,47.178],[26.3507,47.1722]],[[26.2134,45.1818],[26.2271,45.1761],[26.2381,45.1895],[26.2244,45.1895],[26.2134,45.1818]],[[26.2189,47.7732],[26.1969,47.777],[26.1996,47.7713],[26.2189,47.7732]],[[25.9744,45.134],[25.9744,45.1378],[25.9717,45.1378],[25.9744,45.134]],[[25.9579,45.1033],[25.9415,45.1033],[25.947,45.0938],[25.9579,45.1033]],[[25.9305,45.1493],[25.9195,45.1531],[25.9167,45.1435],[25.9305,45.1493]],[[25.7767,45.0612],[25.7684,45.0593],[25.7739,45.0517],[25.7767,45.0612]],[[25.741,47.8689],[25.7355,47.8612],[25.7437,47.8612],[25.741,47.8689]],[[25.6778,44.9732],[25.7135,44.9751],[25.7108,44.9962],[25.6778,44.9732]],[[25.6998,45.0096],[25.6503,45.0383],[25.6531,45.0574],[25.5981,45.0363],[25.6448,45.0363],[25.6503,45.0],[25.6998,45.0096]],[[25.5762,44.9541],[25.5762,44.956],[25.5734,44.956],[25.5762,44.9541]],[[25.4553,44.9808],[25.4938,44.9789],[25.4993,44.9885],[25.4718,44.9904],[25.4553,44.9808]],[[25.3922,45.0057],[25.4086,44.9981],[25.4114,45.0172],[25.4004,45.0172],[25.3922,45.0057]],[[25.3619,45.9244],[25.3729,45.9454],[25.351,45.9493],[25.351,45.9397],[25.3619,45.9244]],[[25.3674,44.9942],[25.3702,45.0038],[25.3564,45.0096],[25.3674,44.9942]],[[25.2164,44.9407],[25.2164,44.9387],[25.2191,44.9387],[25.2164,44.9407]],[[25.2219,44.9368],[25.2219,44.9387],[25.2191,44.9387],[25.2219,44.9368]],[[25.0955,45.8],[25.0681,45.7981],[25.0708,45.7885],[25.0955,45.8]],[[25.0049,44.9847],[24.9994,44.9713],[25.0104,44.9789],[25.0049,44.9847]],[[24.9994,46.2325],[24.9994,46.2344],[24.9939,46.2344],[24.9994,46.2325]],[[24.9637,46.4124],[24.9335,46.4201],[24.9335,46.4143],[24.9637,46.4124]],[[24.9362,46.3435],[24.9445,46.3435],[24.9417,46.3474],[24.9362,46.3435]],[[24.9142,44.9655],[24.9197,44.9655],[24.9197,44.9751],[24.9142,44.9655]],[[24.8923,46.4737],[24.8868,46.4584],[24.9005,46.4584],[24.8923,46.4737]],[[24.8676,46.4182],[24.8813,46.4182],[24.8895,46.4296],[24.8785,46.4296],[24.8676,46.4182]],[[24.8676,46.6344],[24.8483,46.644],[24.8291,46.644],[24.8318,46.6363],[24.8676,46.6344]],[[24.8621,46.4048],[24.8621,46.4105],[24.8566,46.4105],[24.8621,46.4048]],[[24.8593,46.445],[24.8566,46.4641],[24.8456,46.445],[24.8593,46.445]],[[24.8373,45.8249],[24.8236,45.8325],[24.8209,45.821],[24.8373,45.8249]],[[24.8264,46.5119],[24.8264,46.5024],[24.8346,46.5024],[24.8264,46.5119]],[[24.7989,46.7799],[24.8016,46.7875],[24.7824,46.7818],[24.7989,46.7799]],[[24.7989,46.3033],[24.7989,46.3052],[24.7961,46.3052],[24.7989,46.3033]],[[24.7879,46.3818],[24.7934,46.3914],[24.7714,46.3875],[24.7879,46.3818]],[[24.7906,46.1847],[24.7769,46.1808],[24.7824,46.1751],[24.7906,46.1847]],[[24.7769,46.2842],[24.7412,46.288],[24.744,46.2727],[24.7769,46.2842]],[[24.7137,46.2096],[24.722,46.2172],[24.7055,46.2287],[24.7137,46.2096]],[[24.7028,46.7856],[24.7,46.7741],[24.7137,46.7741],[24.7028,46.7856]],[[24.7083,46.2383],[24.7083,46.2421],[24.7055,46.2421],[24.7083,46.2383]],[[24.6396,46.2172],[24.6945,46.2229],[24.6835,46.2363],[24.6396,46.2172]],[[24.6863,46.0985],[24.6835,46.1215],[24.6753,46.1158],[24.6863,46.0985]],[[24.6588,45.0],[24.6588,45.0038],[24.6478,45.0057],[24.6588,45.0]],[[24.6121,45.7387],[24.6121,45.7407],[24.6039,45.7407],[24.6121,45.7387]],[[24.5435,45.821],[24.5352,45.7904],[24.4748,45.7923],[24.5132,45.7732],[24.4528,45.7732],[24.4666,45.7483],[24.4281,45.7368],[24.4199,45.7541],[24.3979,45.7215],[24.3155,45.7005],[24.3127,45.6775],[24.4501,45.733],[24.4885,45.7292],[24.494,45.7521],[24.5407,45.733],[24.5297,45.7694],[24.5682,45.7521],[24.5792,45.7694],[24.5544,45.7789],[24.5792,45.7942],[24.5654,45.8344],[24.6011,45.8746],[24.4858,45.8785],[24.4858,45.8612],[24.5517,45.8555],[24.538,45.8363],[24.4913,45.8306],[24.5435,45.821]],[[24.5654,46.2096],[24.5764,46.2115],[24.5764,46.2153],[24.5654,46.2096]],[[24.5215,46.8392],[24.5462,46.8296],[24.5737,46.8564],[24.5215,46.8392]],[[24.5682,46.2555],[24.5709,46.2612],[24.5627,46.2612],[24.5682,46.2555]],[[24.5599,46.7416],[24.5627,46.732],[24.5682,46.732],[24.5599,46.7416]],[[24.4858,46.8985],[24.505,46.8756],[24.549,46.9196],[24.4858,46.8985]],[[24.538,47.1473],[24.5352,47.1416],[24.5462,47.1397],[24.538,47.1473]],[[24.5187,46.9981],[24.5187,46.9923],[24.5325,46.9923],[24.5187,46.9981]],[[24.5297,47.0689],[24.5105,47.0708],[24.5105,47.0574],[24.5297,47.0689]],[[24.5132,45.0363],[24.5187,45.0363],[24.516,45.0459],[24.5132,45.0363]],[[24.5078,46.7818],[24.5078,46.7856],[24.5023,46.7856],[24.5078,46.7818]],[[24.4775,45.888],[24.4748,45.8899],[24.4748,45.8861],[24.4775,45.888]],[[24.4693,45.0976],[24.4308,45.0708],[24.4281,45.0631],[24.4583,45.067],[24.4693,45.0976]],[[24.4308,46.9464],[24.4528,46.9713],[24.4363,46.9904],[24.4281,46.9866],[24.4308,46.9464]],[[24.4226,47.1186],[24.4391,47.1072],[24.4473,47.1282],[24.4336,47.1282],[24.4226,47.1186]],[[24.3759,45.9761],[24.4363,45.9895],[24.321,46.0316],[24.3759,45.9761]],[[24.4144,46.2096],[24.4116,46.1962],[24.4308,46.1981],[24.4144,46.2096]],[[24.3979,44.9674],[24.4144,44.9579],[24.4308,44.977],[24.4061,44.9847],[24.3979,44.9674]],[[24.4199,45.8096],[24.4226,45.8134],[24.4089,45.8134],[24.4199,45.8096]],[[24.4144,47.0593],[24.4171,47.0497],[24.4226,47.0517],[24.4144,47.0593]],[[24.4171,47.0383],[24.4171,47.0459],[24.4034,47.0421],[24.4171,47.0383]],[[24.3951,47.2162],[24.3924,47.2124],[24.4171,47.2086],[24.3951,47.2162]],[[24.3924,47.0842],[24.3924,47.088],[24.3869,47.088],[24.3924,47.0842]],[[24.3402,47.2258],[24.3732,47.2105],[24.3842,47.2124],[24.3622,47.2411],[24.3402,47.2258]],[[24.3787,47.0057],[24.3512,47.0076],[24.3539,47.0038],[24.3787,47.0057]],[[24.3594,46.177],[24.3677,46.1808],[24.3567,46.1942],[24.3594,46.177]],[[24.3155,45.9206],[24.3649,45.9741],[24.2963,45.978],[24.3127,45.9684],[24.299,45.9607],[24.2688,45.978],[24.2578,45.9627],[24.2935,45.9493],[24.2715,45.9397],[24.2798,45.9282],[24.3155,45.9206]],[[21.9781,44.8947],[21.9424,44.9502],[21.9507,44.9655],[22.0743,44.9062],[22.1951,44.9674],[22.2336,44.9502],[22.2446,44.9789],[22.2226,44.9942],[22.2501,44.9981],[22.2446,45.0191],[22.2638,45.0383],[22.294,45.0421],[22.3297,45.0344],[22.3462,44.9502],[22.3792,44.9598],[22.3792,44.933],[22.4011,44.9196],[22.4011,44.8354],[22.4835,44.9196],[22.5385,44.9426],[22.4231,44.822],[22.4231,44.7244],[22.511,44.7703],[22.5027,44.799],[22.5385,44.8354],[22.5385,44.7933],[22.6126,44.8354],[22.6099,44.7895],[22.5742,44.7493],[22.6318,44.7301],[22.6758,44.7397],[22.7115,44.7856],[22.6703,44.843],[22.6758,44.8698],[22.6428,44.8871],[22.6538,44.9005],[22.6154,44.9158],[22.706,44.9177],[22.7582,44.9426],[22.7142,44.9636],[22.8021,44.9789],[22.7637,44.9904],[22.7774,45.0115],[22.8049,45.0191],[22.8543,44.9847],[22.8763,45.0287],[22.9175,45.0459],[22.9395,45.0287],[23.0246,45.0536],[23.0328,45.0708],[23.1592,45.0746],[23.3212,45.111],[23.3762,45.1282],[23.3871,45.1703],[23.3817,45.1397],[23.4201,45.1416],[23.4174,45.1014],[23.6728,45.1206],[23.6893,45.088],[23.714,45.1091],[23.7717,45.0631],[23.7881,45.0976],[23.8376,45.0938],[23.8623,45.0574],[23.8678,44.9981],[23.8925,44.9904],[23.876,45.0785],[23.909,45.0631],[23.8898,45.044],[23.9337,45.0383],[23.9337,44.9923],[23.9474,45.0153],[23.9804,44.9885],[24.0024,45.0421],[23.9529,45.0651],[23.9722,45.0919],[24.0463,45.0842],[24.0656,45.0976],[24.1013,45.0785],[24.1177,45.1091],[24.1507,45.1072],[24.2303,45.0459],[24.2551,45.0536],[24.1974,45.0995],[24.2276,45.0938],[24.2221,45.1148],[24.2441,45.1129],[24.2496,45.1301],[24.2798,45.1129],[24.2715,45.0785],[24.3347,45.0708],[24.3484,45.0899],[24.288,45.1186],[24.2798,45.155],[24.321,45.132],[24.3539,45.1435],[24.299,45.1569],[24.3265,45.1875],[24.2661,45.245],[24.2798,45.2622],[24.1068,45.2909],[24.277,45.3024],[24.277,45.3234],[24.2963,45.3273],[24.2825,45.356],[24.2908,45.4287],[24.2468,45.4957],[24.2606,45.5588],[24.2441,45.5933],[24.1782,45.6048],[24.1837,45.6296],[24.1589,45.622],[24.126,45.6411],[24.1507,45.666],[24.104,45.666],[24.1013,45.6852],[24.0408,45.6698],[23.9529,45.6909],[24.0079,45.7407],[23.9804,45.7579],[24.0161,45.7808],[23.9694,45.7962],[23.9941,45.821],[23.9722,45.8229],[23.9502,45.7962],[23.9172,45.8076],[23.909,45.7713],[23.8733,45.756],[23.7003,45.7713],[23.5959,45.8038],[23.6096,45.7751],[23.6041,45.7598],[23.5657,45.8],[23.5135,45.8076],[23.519,45.8229],[23.497,45.8115],[23.5107,45.7828],[23.4915,45.7847],[23.4778,45.8153],[23.4338,45.8057],[23.3844,45.7694],[23.4201,45.7368],[23.3789,45.7502],[23.3679,45.7311],[23.3624,45.7541],[23.3405,45.7541],[23.2965,45.7139],[23.2965,45.6909],[23.2361,45.6852],[23.1784,45.6392],[23.1674,45.6086],[23.1454,45.6335],[23.118,45.6105],[23.1152,45.5722],[23.0823,45.5895],[22.9916,45.5014],[23.0273,45.4785],[23.0905,45.4804],[23.096,45.4593],[23.1427,45.4631],[23.14,45.4287],[23.1702,45.4019],[22.8983,45.4612],[22.8406,45.4249],[22.7719,45.4497],[22.8049,45.4746],[22.7856,45.4746],[22.7966,45.5033],[22.7335,45.5148],[22.7884,45.5225],[22.7664,45.534],[22.7856,45.5531],[22.868,45.555],[22.8873,45.5761],[22.7939,45.6143],[22.7609,45.5837],[22.6978,45.5875],[22.7637,45.5971],[22.7692,45.622],[22.8159,45.6182],[22.8461,45.6392],[22.8268,45.6813],[22.7692,45.7253],[22.7829,45.7579],[22.7994,45.7579],[22.7692,45.8115],[22.7774,45.8268],[22.5934,45.7923],[22.6428,45.7866],[22.6566,45.7674],[22.5467,45.7828],[22.4753,45.7694],[22.4451,45.7081],[22.4313,45.7196],[22.4533,45.7579],[22.4368,45.7636],[22.3929,45.7196],[22.3434,45.7139],[22.3105,45.645],[22.2995,45.689],[22.2528,45.6488],[22.1814,45.6526],[22.1896,45.622],[22.2418,45.5952],[22.2144,45.5914],[22.2226,45.5493],[22.1512,45.5722],[22.2171,45.5282],[22.2089,45.4938],[22.2501,45.4785],[22.2913,45.5033],[22.305,45.4765],[22.3764,45.4938],[22.4533,45.4765],[22.4423,45.5091],[22.4506,45.5167],[22.4835,45.5033],[22.4835,45.4746],[22.5824,45.4478],[22.4506,45.4306],[22.4561,45.4038],[22.4258,45.3923],[22.4231,45.4153],[22.3929,45.423],[22.338,45.3732],[22.3599,45.3292],[22.3819,45.3273],[22.338,45.1856],[22.3544,45.1741],[22.3434,45.1378],[22.3627,45.1282],[22.3325,45.111],[22.3462,45.0785],[22.2913,45.0497],[22.2748,45.0823],[22.3022,45.1435],[22.261,45.2029],[22.2253,45.2163],[22.2116,45.2737],[22.1292,45.2718],[22.1512,45.3081],[22.0715,45.3024],[22.0193,45.2584],[22.0605,45.222],[22.0221,45.2373],[21.9534,45.1895],[21.926,45.2029],[21.9095,45.1588],[21.9342,45.1167],[21.9067,45.132],[21.8546,45.0842],[21.8408,45.0976],[21.7914,45.0574],[21.7831,45.0268],[21.731,45.0],[21.7639,44.9713],[21.7502,44.8928],[21.7776,44.8775],[21.8106,44.9081],[21.7941,44.8622],[21.8271,44.8469],[21.8161,44.8316],[21.8463,44.8048],[21.8903,44.845],[21.915,44.8411],[21.9067,44.8679],[21.9397,44.8641],[21.9424,44.9005],[21.9781,44.8947]],[[24.2798,47.2603],[24.3018,47.2469],[24.3155,47.2718],[24.2935,47.2794],[24.2798,47.2603]],[[24.2908,45.6469],[24.3045,45.6641],[24.2661,45.6603],[24.2908,45.6469]],[[24.299,45.6258],[24.2963,45.6354],[24.2825,45.6296],[24.299,45.6258]],[[24.2935,45.6143],[24.2825,45.6086],[24.2825,45.6029],[24.2935,45.6143]],[[24.2908,46.1024],[24.2908,46.1081],[24.277,46.1081],[24.2908,46.1024]],[[24.2715,46.1062],[24.2715,46.11],[24.2633,46.11],[24.2715,46.1062]],[[24.2386,47.245],[24.2331,47.2392],[24.2441,47.2392],[24.2386,47.245]],[[24.2386,46.8928],[24.2386,46.8966],[24.2331,46.8966],[24.2386,46.8928]],[[24.2331,45.9416],[24.2331,45.9435],[24.2303,45.9435],[24.2331,45.9416]],[[24.2166,46.0832],[24.2194,46.0813],[24.2166,46.0871],[24.2166,46.0832]],[[24.1452,45.8651],[24.1946,45.8689],[24.1672,45.8804],[24.1452,45.8651]],[[24.1342,47.0306],[24.1534,47.0421],[24.1205,47.0555],[24.1205,47.044],[24.1342,47.0306]],[[24.0903,45.9378],[24.1205,45.934],[24.1315,45.9359],[24.1013,45.9512],[24.0903,45.9378]],[[24.1013,46.9464],[24.1205,46.956],[24.126,47.0172],[24.1095,46.9904],[24.0738,47.0019],[24.0463,46.9866],[24.0298,46.9923],[24.0326,47.0363],[24.0079,47.0287],[24.0216,46.9713],[24.0628,46.9885],[24.1122,46.9674],[24.1013,46.9464]],[[24.0848,47.0478],[24.1205,47.0574],[24.1232,47.0785],[24.0848,47.0478]],[[24.115,44.4469],[24.1095,44.4469],[24.115,44.4373],[24.115,44.4469]],[[24.0875,47.0842],[24.0985,47.0823],[24.0985,47.0899],[24.0875,47.0842]],[[24.0848,47.0153],[24.0848,47.0057],[24.093,47.0115],[24.0848,47.0153]],[[24.0765,47.4019],[24.0903,47.4172],[24.082,47.4172],[24.0765,47.4019]],[[24.0848,47.2354],[24.071,47.2584],[24.0601,47.2545],[24.0848,47.2354]],[[24.0738,47.2201],[24.0738,47.2258],[24.0683,47.2258],[24.0738,47.2201]],[[24.0683,45.0746],[24.071,45.0459],[24.0738,45.0459],[24.0683,45.0746]],[[24.0436,45.0325],[24.0326,45.0344],[24.0326,45.0306],[24.0436,45.0325]],[[24.0216,45.8899],[24.0298,45.8899],[24.0271,45.8938],[24.0216,45.8899]],[[24.0298,45.0631],[24.0189,45.0612],[24.0244,45.0517],[24.0298,45.0631]],[[23.9722,47.8574],[24.0189,47.8536],[23.9694,47.8918],[23.9722,47.8574]],[[24.0079,45.0],[24.0024,45.0],[24.0079,44.9885],[24.0079,45.0]],[[23.9914,45.8555],[23.9804,45.8555],[23.9886,45.8497],[23.9914,45.8555]],[[23.9804,45.8708],[23.9804,45.8765],[23.9584,45.8746],[23.9804,45.8708]],[[23.9777,47.2029],[23.9337,47.2603],[23.8953,47.2507],[23.9172,47.2392],[23.9035,47.2239],[23.9255,47.1895],[23.9777,47.2029]],[[23.9722,45.8574],[23.9722,45.8612],[23.9667,45.8612],[23.9722,45.8574]],[[23.9117,44.9751],[23.9117,44.977],[23.909,44.977],[23.9117,44.9751]],[[23.8925,44.4871],[23.8898,44.4986],[23.887,44.4986],[23.8925,44.4871]],[[23.8815,47.3751],[23.8733,47.3732],[23.8815,47.3655],[23.8815,47.3751]],[[23.8239,47.2603],[23.8486,47.2296],[23.8623,47.2277],[23.8541,47.2526],[23.8239,47.2603]],[[23.7881,47.199],[23.8348,47.1933],[23.8184,47.2162],[23.7881,47.199]],[[23.7909,47.4574],[23.8019,47.4478],[23.8321,47.4651],[23.8074,47.4689],[23.7909,47.4574]],[[23.8211,45.0612],[23.8211,45.067],[23.8129,45.0689],[23.8211,45.0612]],[[23.8156,47.0249],[23.8156,47.0268],[23.8129,47.0268],[23.8156,47.0249]],[[23.7909,47.2354],[23.8074,47.2277],[23.8156,47.245],[23.8019,47.2488],[23.7909,47.2354]],[[22.3434,47.0995],[22.3709,47.0727],[22.6099,46.9923],[22.6154,46.9617],[22.6401,46.9828],[22.6373,46.9617],[22.6648,46.9636],[22.6511,46.9426],[22.6675,46.9253],[22.6456,46.8813],[22.728,46.9158],[22.8214,46.9024],[22.6675,46.8775],[22.662,46.8641],[22.7115,46.8411],[22.7005,46.822],[22.6758,46.8564],[22.5906,46.8507],[22.5632,46.8756],[22.5137,46.8775],[22.5055,46.9081],[22.3737,46.9407],[22.3544,46.9368],[22.3654,46.9139],[22.3297,46.9139],[22.3242,46.8851],[22.3764,46.8718],[22.4066,46.8335],[22.3489,46.8182],[22.4094,46.778],[22.4588,46.7741],[22.4341,46.7474],[22.4973,46.7244],[22.4561,46.7148],[22.4808,46.688],[22.5027,46.6957],[22.5192,46.5981],[22.5934,46.5292],[22.5494,46.4794],[22.5522,46.4411],[22.5769,46.4201],[22.5385,46.422],[22.5549,46.4067],[22.5385,46.3225],[22.5714,46.332],[22.5742,46.2918],[22.6291,46.2612],[22.6675,46.2],[22.717,46.2019],[22.7444,46.1808],[22.739,46.1923],[22.7444,46.2038],[22.7609,46.1751],[22.8049,46.1598],[22.7939,46.1349],[22.8296,46.1636],[22.8241,46.1119],[22.901,46.133],[22.8818,46.1674],[22.901,46.1981],[22.923,46.177],[22.9257,46.1349],[22.9752,46.1253],[22.9724,46.0985],[22.923,46.1177],[22.8845,46.0928],[22.89,46.0756],[22.9285,46.0909],[22.912,46.0679],[22.9614,46.0584],[22.9779,46.0277],[22.9504,46.0469],[22.7994,46.0201],[22.879,45.9971],[22.8928,46.0143],[22.9504,46.0009],[22.9532,45.955],[22.9257,45.9474],[22.9202,45.9263],[23.0054,45.9301],[23.0191,45.8976],[23.0438,45.8899],[23.0164,45.8478],[23.0713,45.8325],[23.1619,45.8574],[23.1262,45.8899],[23.1427,45.8976],[23.1372,45.9167],[23.1015,45.9206],[23.0713,45.9627],[23.0328,45.9684],[23.0713,46.0009],[23.0273,46.0277],[23.0823,46.0277],[23.0823,45.999],[23.1125,46.0105],[23.118,45.9895],[23.0795,45.9799],[23.1482,45.9646],[23.1592,45.9301],[23.1647,45.9588],[23.1812,45.9588],[23.1894,45.8899],[23.2114,45.8938],[23.2141,45.9282],[23.2553,45.9014],[23.2581,45.9493],[23.269,45.9282],[23.2883,45.932],[23.2828,45.8957],[23.324,45.9014],[23.3652,45.9435],[23.4256,45.955],[23.4064,45.9741],[23.4586,45.9684],[23.519,46.0105],[23.5217,46.0373],[23.5052,46.0411],[23.4778,46.0143],[23.3871,46.0086],[23.335,46.0258],[23.2718,46.0067],[23.1894,46.066],[23.2663,46.0316],[23.28,46.0335],[23.2718,46.0526],[23.3734,46.0316],[23.4613,46.0622],[23.4586,46.0928],[23.4833,46.1119],[23.5629,46.1407],[23.5162,46.1828],[23.5684,46.1655],[23.5547,46.2287],[23.6096,46.1981],[23.5986,46.2344],[23.6343,46.2421],[23.6179,46.2823],[23.5794,46.2976],[23.6014,46.3186],[23.6206,46.2976],[23.6426,46.3014],[23.6536,46.3454],[23.7085,46.3971],[23.6591,46.4048],[23.6453,46.4411],[23.5574,46.4411],[23.5162,46.4143],[23.497,46.4105],[23.4888,46.4124],[23.5602,46.4488],[23.6563,46.4545],[23.7305,46.5483],[23.7167,46.5828],[23.8074,46.6497],[23.5602,46.6823],[23.5272,46.6497],[23.4448,46.6631],[23.475,46.6287],[23.4311,46.6325],[23.3981,46.6612],[23.4091,46.6804],[23.3624,46.6689],[23.3569,46.7033],[23.2608,46.7454],[23.4723,46.7033],[23.4915,46.7206],[23.3926,46.734],[23.3267,46.7818],[23.2965,46.7761],[23.2965,46.7952],[23.2059,46.8086],[23.269,46.8277],[23.3295,46.8124],[23.3185,46.8392],[23.324,46.8488],[23.3542,46.8009],[23.3844,46.7914],[23.3542,46.8469],[23.3871,46.8335],[23.3954,46.8622],[23.3679,46.8775],[23.118,46.8162],[22.9532,46.8296],[22.9807,46.8526],[22.9285,46.8737],[22.9312,46.889],[22.9779,46.8871],[22.9807,46.9177],[23.0164,46.9368],[22.9532,46.9579],[22.9669,46.9942],[23.0136,47.0019],[23.0136,47.0268],[23.0576,47.0229],[23.0411,47.044],[23.0768,47.0478],[23.0493,47.0631],[23.1125,47.0957],[23.1235,47.132],[23.0603,47.0804],[23.0026,47.0631],[22.9175,46.9847],[22.8406,46.9923],[22.8323,46.977],[22.7637,46.9828],[22.6978,47.0344],[22.6483,47.0306],[22.5961,47.0689],[22.5577,47.0689],[22.5604,47.0957],[22.522,47.1167],[22.511,47.1512],[22.4506,47.1359],[22.4451,47.0976],[22.3627,47.1282],[22.3434,47.0995]],[[23.8019,47.4249],[23.6948,47.4536],[23.6069,47.4344],[23.6179,47.4134],[23.7552,47.4076],[23.8019,47.4249]],[[23.7717,45.0249],[23.7387,44.9808],[23.7607,45.0096],[23.7881,44.9981],[23.7717,45.0249]],[[23.7524,47.0287],[23.7579,47.0038],[23.7854,47.0268],[23.736,47.0536],[23.67,47.044],[23.6453,47.0631],[23.6371,47.0459],[23.6755,47.0038],[23.703,47.0172],[23.6948,47.0421],[23.7524,47.0287]],[[23.7415,47.0689],[23.7442,47.0727],[23.7387,47.0746],[23.7415,47.0689]],[[23.7332,45.0708],[23.725,45.0631],[23.7387,45.0612],[23.7332,45.0708]],[[23.7167,46.4143],[23.714,46.4182],[23.7057,46.4124],[23.7167,46.4143]],[[23.703,47.2718],[23.7057,47.2756],[23.681,47.2679],[23.703,47.2718]],[[23.6783,45.0383],[23.681,45.0383],[23.681,45.0402],[23.6783,45.0383]],[[23.6838,45.044],[23.681,45.044],[23.681,45.0402],[23.6838,45.044]],[[23.67,47.178],[23.67,47.1837],[23.6536,47.1856],[23.67,47.178]],[[23.6646,45.0746],[23.6536,45.0746],[23.6536,45.0651],[23.6646,45.0746]],[[23.6124,46.7646],[23.6179,46.7818],[23.6646,46.7837],[23.6426,46.7933],[23.6426,46.8143],[23.541,46.8316],[23.4805,46.8698],[23.475,46.8488],[23.5464,46.7454],[23.5822,46.7569],[23.5052,46.8316],[23.6124,46.7646]],[[23.6563,47.2603],[23.6591,47.2698],[23.6398,47.2698],[23.6563,47.2603]],[[23.6536,46.9636],[23.6536,46.9713],[23.6453,46.9732],[23.6536,46.9636]],[[23.5739,46.9253],[23.6234,46.9349],[23.5492,46.956],[23.5739,46.9253]],[[23.6014,46.9885],[23.6014,46.9808],[23.6124,46.9808],[23.6014,46.9885]],[[23.6014,47.0229],[23.6014,47.0306],[23.5931,47.0306],[23.6014,47.0229]],[[23.5629,47.1799],[23.5904,47.178],[23.5904,47.1818],[23.5739,47.1895],[23.5629,47.1799]],[[23.5794,45.0517],[23.5794,45.0785],[23.5684,45.0765],[23.5794,45.0517]],[[23.5519,47.3598],[23.5437,47.3617],[23.5382,47.3521],[23.5519,47.3598]],[[23.53,47.643],[23.5464,47.645],[23.5464,47.6488],[23.53,47.643]],[[23.5135,47.3713],[23.5382,47.3655],[23.5355,47.3866],[23.519,47.3847],[23.5135,47.3713]],[[23.53,47.1837],[23.5327,47.1875],[23.475,47.1933],[23.53,47.1837]],[[23.53,47.2162],[23.53,47.2201],[23.5272,47.2201],[23.53,47.2162]],[[23.5217,45.8421],[23.497,45.8402],[23.497,45.8325],[23.5217,45.8421]],[[23.5162,46.755],[23.4833,46.8182],[23.4558,46.8258],[23.4558,46.8067],[23.4201,46.8048],[23.4146,46.7875],[23.4695,46.7531],[23.5162,46.755]],[[23.5052,47.3387],[23.5107,47.3445],[23.497,47.3445],[23.5052,47.3387]],[[23.4283,46.8909],[23.4558,46.8813],[23.5052,46.8985],[23.4283,46.8909]],[[23.4943,47.155],[23.4476,47.1416],[23.4448,47.134],[23.4998,47.1397],[23.4943,47.155]],[[23.4283,47.0459],[23.475,47.021],[23.4723,47.0344],[23.497,47.0363],[23.4283,47.0459]],[[23.4723,47.2048],[23.4723,47.1971],[23.4778,47.199],[23.4723,47.2048]],[[23.4338,47.2756],[23.4531,47.2775],[23.4531,47.2794],[23.4338,47.2756]],[[23.4668,47.2813],[23.4586,47.2832],[23.4531,47.2794],[23.4668,47.2813]],[[23.4448,46.8354],[23.4448,46.8373],[23.4366,46.8373],[23.4448,46.8354]],[[23.3954,47.3426],[23.4311,47.3407],[23.4393,47.356],[23.3954,47.3426]],[[23.3597,47.2373],[23.4201,47.2584],[23.3624,47.2488],[23.3267,47.2009],[23.2855,47.1971],[23.28,47.2335],[23.3295,47.3273],[23.3047,47.3732],[23.2471,47.266],[23.2526,47.2067],[23.3267,47.178],[23.3597,47.2373]],[[23.4091,46.8966],[23.4091,46.9005],[23.4064,46.9005],[23.4091,46.8966]],[[23.3899,46.822],[23.3926,46.8124],[23.4036,46.8143],[23.3899,46.822]],[[23.3899,47.3292],[23.3899,47.3215],[23.4009,47.3234],[23.3899,47.3292]],[[23.3926,46.778],[23.3844,46.778],[23.3926,46.7627],[23.3926,46.778]],[[23.3652,47.3043],[23.3762,47.3081],[23.3789,47.3139],[23.3652,47.31],[23.3652,47.3043]],[[23.3432,47.3674],[23.3652,47.3674],[23.3762,47.4038],[23.3432,47.3674]],[[23.3405,48.0143],[23.3405,48.0201],[23.3322,48.0182],[23.3405,48.0143]],[[23.3075,47.9703],[23.3075,47.9741],[23.3047,47.9741],[23.3075,47.9703]],[[23.3047,47.9627],[23.3047,47.9646],[23.302,47.9646],[23.3047,47.9627]],[[23.2745,48.0067],[23.2773,48.0182],[23.2581,48.0182],[23.2745,48.0067]],[[23.269,47.9301],[23.2718,47.9378],[23.2471,47.9512],[23.269,47.9301]],[[22.7911,45.8383],[22.8571,45.8517],[22.89,45.8383],[22.9147,45.7962],[22.9532,45.7904],[22.9504,45.7655],[23.0136,45.7828],[23.0219,45.7521],[23.0521,45.7732],[23.1125,45.7732],[23.129,45.7923],[23.2278,45.8096],[23.2663,45.8459],[23.0438,45.7866],[22.9532,45.8517],[22.8433,45.8651],[22.7884,45.8459],[22.7774,45.8785],[22.7362,45.8612],[22.7032,45.8938],[22.5192,45.8746],[22.4643,45.911],[22.4561,45.8995],[22.4945,45.8727],[22.4945,45.8325],[22.6813,45.8612],[22.7911,45.8383]],[[23.2333,44.7244],[23.2333,44.7225],[23.2361,44.7225],[23.2333,44.7244]],[[23.1482,44.2306],[23.1619,44.2306],[23.1592,44.2383],[23.1482,44.2306]],[[23.1427,44.5234],[23.1537,44.5273],[23.1454,44.5273],[23.1427,44.5234]],[[23.1317,45.9512],[23.1317,45.9435],[23.1427,45.9416],[23.1317,45.9512]],[[23.0795,45.7062],[23.0823,45.7119],[23.0521,45.7005],[23.0795,45.7062]],[[23.0493,47.5091],[23.0493,47.5014],[23.0548,47.5129],[23.0493,47.5091]],[[23.0081,47.31],[23.0081,47.3043],[23.0136,47.3043],[23.0081,47.31]],[[22.9587,44.9713],[22.9449,44.9674],[22.9477,44.9617],[22.9587,44.9713]],[[22.9257,44.9617],[22.9092,44.9636],[22.9092,44.9541],[22.9257,44.9617]],[[22.9092,45.021],[22.8983,45.0172],[22.901,45.0115],[22.9092,45.021]],[[22.8845,45.9569],[22.8845,45.9512],[22.8983,45.9512],[22.8845,45.9569]],[[22.8653,45.8019],[22.868,45.8172],[22.8433,45.8229],[22.8653,45.8019]],[[22.7609,44.8966],[22.7966,44.8737],[22.8241,44.9177],[22.7609,44.8966]],[[22.8159,45.9895],[22.8021,45.9856],[22.8021,45.9818],[22.8159,45.9895]],[[22.8021,47.2009],[22.8021,47.2048],[22.7994,47.2048],[22.8021,47.2009]],[[22.4203,46.1674],[22.3956,46.1521],[22.4149,46.1349],[22.3956,46.1043],[22.3737,46.133],[22.2446,46.1024],[22.261,46.1368],[22.2034,46.154],[22.1759,46.1866],[22.1567,46.1598],[22.121,46.1579],[22.132,46.1234],[22.0825,46.1426],[22.0743,46.1177],[22.1292,46.1024],[22.1924,46.1119],[22.2363,46.0909],[22.2198,46.0679],[22.2308,46.0564],[22.2858,46.0718],[22.305,46.0603],[22.305,46.0775],[22.338,46.0832],[22.3132,46.043],[22.3352,46.0316],[22.3517,46.0564],[22.3709,46.0526],[22.3654,46.0832],[22.4451,46.0966],[22.4698,46.0163],[22.5385,46.0086],[22.5357,46.022],[22.5604,46.0258],[22.5906,46.0048],[22.662,46.0335],[22.6978,46.0277],[22.6868,45.9761],[22.706,46.0009],[22.7252,45.9703],[22.7994,45.9761],[22.7307,46.0029],[22.7417,46.0335],[22.7142,46.0756],[22.5439,46.0852],[22.5137,46.0545],[22.478,46.0545],[22.4918,46.0813],[22.4698,46.0947],[22.4945,46.1139],[22.4753,46.1349],[22.5055,46.1273],[22.5,46.1483],[22.533,46.1483],[22.5192,46.2096],[22.467,46.1732],[22.4368,46.2],[22.3819,46.1808],[22.4203,46.1674]],[[22.7582,47.2316],[22.7417,47.2277],[22.7444,47.2239],[22.7582,47.2316]],[[22.739,44.8009],[22.7582,44.889],[22.7115,44.9062],[22.6758,44.889],[22.695,44.8737],[22.6868,44.8545],[22.739,44.8009]],[[22.7444,47.0096],[22.739,47.0096],[22.7527,47.0019],[22.7444,47.0096]],[[22.5549,47.178],[22.5549,47.1646],[22.6703,47.1684],[22.6291,47.1856],[22.5549,47.178]],[[22.6016,45.9971],[22.6346,45.9684],[22.6456,45.9703],[22.6236,45.999],[22.6016,45.9971]],[[22.5961,47.3483],[22.5961,47.3407],[22.6099,47.3387],[22.5961,47.3483]],[[22.5494,45.9531],[22.5934,45.9627],[22.5797,45.978],[22.5494,45.9531]],[[22.522,45.9722],[22.5247,45.9799],[22.489,45.978],[22.522,45.9722]],[[22.1457,46.4545],[22.2281,46.399],[22.3105,46.4182],[22.2858,46.399],[22.3077,46.3895],[22.2995,46.3646],[22.272,46.3512],[22.3325,46.3435],[22.3434,46.3225],[22.2693,46.311],[22.3352,46.2938],[22.3764,46.3206],[22.478,46.3206],[22.4808,46.3493],[22.4478,46.4009],[22.3737,46.4296],[22.3901,46.4775],[22.338,46.5158],[22.2968,46.5062],[22.3187,46.5445],[22.261,46.556],[22.2226,46.4947],[22.2006,46.51],[22.2336,46.5139],[22.2336,46.5674],[22.2116,46.5828],[22.1045,46.5426],[22.1347,46.5349],[22.1237,46.5119],[22.1457,46.4545]],[[22.478,44.7359],[22.478,44.7416],[22.4725,44.7397],[22.478,44.7359]],[[22.4533,46.4277],[22.4396,46.4277],[22.4423,46.4163],[22.4533,46.4277]],[[22.3792,46.2153],[22.4451,46.221],[22.4231,46.2363],[22.3792,46.2153]],[[22.3352,46.5923],[22.3901,46.5617],[22.3682,46.6134],[22.3215,46.6268],[22.3572,46.6899],[22.2556,46.6249],[22.2089,46.6363],[22.2061,46.6191],[22.3352,46.5923]],[[22.3846,44.8258],[22.3846,44.8316],[22.3819,44.8316],[22.3846,44.8258]],[[22.3544,46.8641],[22.3544,46.8584],[22.3627,46.8584],[22.3544,46.8641]],[[22.2473,46.8584],[22.2995,46.845],[22.327,46.8526],[22.283,46.8698],[22.2473,46.8584]],[[22.2391,44.6478],[22.2391,44.6497],[22.2308,44.6497],[22.2391,44.6478]],[[22.1732,46.2115],[22.1484,46.2153],[22.1484,46.2115],[22.1732,46.2115]],[[22.1649,45.6813],[22.1677,45.6985],[22.1375,45.6966],[22.1649,45.6813]],[[22.0523,46.1598],[22.0743,46.1483],[22.0798,46.1674],[22.0578,46.1847],[22.0523,46.1598]],[[22.066,46.91],[22.077,46.9081],[22.077,46.91],[22.066,46.91]],[[22.0386,46.8813],[22.0468,46.8871],[22.0056,46.9005],[22.0386,46.8813]],[[22.0248,44.9024],[22.0248,44.8985],[22.0331,44.8985],[22.0248,44.9024]],[[21.9727,44.6689],[21.9507,44.6765],[21.9424,44.6651],[21.9562,44.6612],[21.9727,44.6689]],[[21.8793,45.199],[21.86,45.1971],[21.8628,45.1875],[21.8793,45.199]],[[21.8765,46.1062],[21.8765,46.1273],[21.8408,46.1177],[21.8271,46.154],[21.7886,46.154],[21.7831,46.1311],[21.8436,46.0756],[21.871,46.089],[21.8546,46.1043],[21.8765,46.1062]],[[21.8655,45.2067],[21.8655,45.2105],[21.86,45.2105],[21.8655,45.2067]],[[21.8546,45.934],[21.8546,45.9359],[21.8518,45.9359],[21.8546,45.934]],[[21.7145,44.7454],[21.6266,44.7703],[21.6705,44.7129],[21.7007,44.734],[21.7365,44.6574],[21.7886,44.6651],[21.8106,44.7148],[21.8106,44.7454],[21.7612,44.7665],[21.8326,44.778],[21.7941,44.7933],[21.7859,44.8201],[21.7447,44.8124],[21.7584,44.8009],[21.7145,44.8067],[21.7035,44.7895],[21.7145,44.7454]],[[21.7859,45.867],[21.7859,45.8765],[21.7831,45.8765],[21.7859,45.867]],[[21.7749,45.0593],[21.7804,45.0765],[21.7667,45.0708],[21.7749,45.0593]],[[21.7667,45.9607],[21.7694,45.9646],[21.7639,45.9665],[21.7667,45.9607]],[[21.7667,46.0871],[21.7529,46.089],[21.7529,46.0813],[21.7667,46.0871]],[[21.7227,45.2584],[21.7007,45.2067],[21.7612,45.2641],[21.7227,45.2584]],[[21.7145,45.1474],[21.7145,45.1531],[21.7117,45.1531],[21.7145,45.1474]]],[[[24.3237,47.7847],[24.2935,47.7598],[24.288,47.7234],[24.2743,47.7234],[24.277,47.7445],[24.2276,47.7464],[24.2303,47.7808],[24.1891,47.7694],[24.1919,47.7885],[24.1589,47.7962],[24.1809,47.8229],[24.1562,47.8287],[24.1809,47.8363],[24.1809,47.8574],[24.2249,47.8115],[24.2523,47.8153],[24.2386,47.8],[24.2633,47.7732],[24.3237,47.7847]]],[[[26.8396,48.1751],[26.9028,48.0928],[27.0071,48.045],[26.9193,48.0526],[26.9,48.0871],[26.749,48.2095],[26.8066,48.1866],[26.8451,48.1981],[26.9165,48.1502],[26.9302,48.1196],[26.8396,48.1751]]]]}},{"type":"Feature","properties":{"band":2},"geometry":{"type":"MultiPolygon","coordinates":[[[[22.3682,44.7837],[22.3297,44.7875],[22.3517,44.7665],[22.3544,44.7033],[22.2968,44.7091],[22.327,44.6765],[22.2995,44.6689],[22.3077,44.6536],[22.2446,44.6651],[22.1841,44.6517],[22.1704,44.6115],[22.2363,44.6076],[22.2034,44.5732],[22.2198,44.5502],[22.1814,44.5483],[22.1979,44.5234],[22.1649,44.5177],[22.1429,44.4986],[22.1622,44.4852],[22.1362,44.4743],[22.1251,44.4756],[22.1061,44.4869],[22.1045,44.5234],[22.0748,44.5149],[22.0692,44.5246],[22.0681,44.5252],[22.0798,44.5426],[22.0413,44.5521],[22.066,44.5828],[22.1155,44.5713],[22.0798,44.6096],[22.1182,44.6785],[22.11,44.7052],[22.0853,44.6727],[22.0413,44.6938],[22.0386,44.6497],[22.0029,44.6593],[21.9695,44.6344],[21.9665,44.6345],[22.0084,44.7148],[21.9012,44.688],[21.86,44.7072],[21.86,44.7435],[21.9095,44.7608],[21.9452,44.7493],[21.9315,44.7703],[21.9781,44.7933],[22.0029,44.7722],[22.0001,44.7914],[22.0743,44.7914],[22.1814,44.8775],[22.1622,44.8813],[22.1594,44.9177],[22.2089,44.9311],[22.3407,44.8545],[22.3132,44.843],[22.3434,44.8163],[22.3627,44.8316],[22.3682,44.7837]],[[22.294,44.7282],[22.3022,44.7186],[22.327,44.7244],[22.294,44.7282]],[[22.3105,44.7684],[22.3215,44.7665],[22.3132,44.7722],[22.3105,44.7684]],[[22.132,44.7512],[22.1292,44.778],[22.0963,44.7914],[22.0413,44.734],[22.0633,44.7282],[22.0825,44.7493],[22.1237,44.7397],[22.1759,44.7091],[22.1539,44.6785],[22.1979,44.6861],[22.2198,44.7435],[22.2665,44.7301],[22.2775,44.7684],[22.2995,44.7741],[22.2775,44.7875],[22.3022,44.7952],[22.3022,44.8201],[22.2473,44.843],[22.2473,44.8622],[22.2061,44.8564],[22.1814,44.8297],[22.1732,44.8545],[22.132,44.8201],[22.1677,44.7646],[22.132,44.7512]],[[22.2913,44.711],[22.2803,44.711],[22.2913,44.7091],[22.2913,44.711]],[[22.261,44.688],[22.2693,44.688],[22.261,44.6919],[22.261,44.688]],[[22.2089,44.8832],[22.2198,44.8832],[22.2089,44.889],[22.2089,44.8832]],[[22.1457,44.6],[22.1429,44.6038],[22.1402,44.6],[22.1457,44.6]],[[22.1072,44.5483],[22.1045,44.5483],[22.1072,44.5445],[22.1072,44.5483]]],[[[21.7859,44.6631],[21.731,44.6593],[21.7282,44.6995],[21.7007,44.734],[21.6705,44.7129],[21.6266,44.7684],[21.709,44.7435],[21.7117,44.8048],[21.7557,44.799],[21.7447,44.8239],[21.7914,44.8124],[21.7941,44.7933],[21.8326,44.778],[21.7584,44.7627],[21.8134,44.7416],[21.7859,44.6631]]],[[[22.6868,44.8545],[22.695,44.8737],[22.6758,44.8775],[22.6978,44.9043],[22.7582,44.889],[22.739,44.8009],[22.7115,44.8124],[22.7115,44.8373],[22.6868,44.8545]]],[[[21.8271,44.8469],[21.7941,44.8622],[21.8106,44.9081],[21.7776,44.8775],[21.7502,44.8928],[21.7639,44.9713],[21.731,45.0],[21.7831,45.0268],[21.7914,45.0574],[21.8408,45.0976],[21.8546,45.0842],[21.9067,45.132],[21.9342,45.1167],[21.9095,45.1588],[21.9232,45.2009],[21.9534,45.1895],[22.0221,45.2373],[22.0605,45.222],[22.0193,45.2526],[22.0331,45.2813],[22.0715,45.3024],[22.1512,45.3081],[22.1265,45.2737],[22.2089,45.2756],[22.2253,45.2163],[22.2885,45.1741],[22.2995,45.1148],[22.2748,45.0785],[22.3077,45.0459],[22.3242,45.0785],[22.3462,45.0785],[22.3325,45.111],[22.3627,45.1263],[22.3434,45.1378],[22.3544,45.1741],[22.338,45.1818],[22.3819,45.3196],[22.338,45.3655],[22.3599,45.4057],[22.4176,45.4191],[22.4258,45.3923],[22.4561,45.4038],[22.4506,45.4306],[22.5824,45.4459],[22.4835,45.4746],[22.4835,45.5033],[22.4506,45.5167],[22.4533,45.4765],[22.3874,45.4938],[22.305,45.4765],[22.2913,45.5033],[22.2501,45.4785],[22.2089,45.4938],[22.2171,45.5282],[22.1512,45.5722],[22.2226,45.5493],[22.2144,45.5914],[22.2418,45.5952],[22.1896,45.622],[22.1841,45.6564],[22.2528,45.6488],[22.2995,45.689],[22.3105,45.645],[22.3434,45.7139],[22.3929,45.7196],[22.4368,45.7636],[22.4533,45.7579],[22.4313,45.7196],[22.4451,45.7081],[22.4753,45.7694],[22.5467,45.7828],[22.6566,45.7674],[22.6428,45.7866],[22.5934,45.7923],[22.7252,45.8038],[22.7609,45.8306],[22.7774,45.8268],[22.7692,45.8115],[22.7994,45.7655],[22.7692,45.7253],[22.8268,45.6813],[22.8461,45.6392],[22.8159,45.6182],[22.7692,45.622],[22.7637,45.5971],[22.6978,45.5875],[22.7609,45.5837],[22.7939,45.6143],[22.8873,45.5761],[22.868,45.555],[22.7856,45.5531],[22.7664,45.534],[22.7884,45.5225],[22.7335,45.5148],[22.7966,45.5033],[22.7856,45.4746],[22.8021,45.4785],[22.8049,45.4746],[22.7719,45.4497],[22.8406,45.4249],[22.8983,45.4612],[23.1592,45.4019],[23.1729,45.4076],[23.14,45.4287],[23.1427,45.4631],[23.096,45.4593],[23.0905,45.4804],[23.0273,45.4785],[22.9916,45.5014],[23.0823,45.5895],[23.1152,45.5722],[23.118,45.6105],[23.1454,45.6335],[23.1674,45.6086],[23.1784,45.6392],[23.2361,45.6852],[23.2965,45.6909],[23.2965,45.7139],[23.3405,45.7541],[23.3624,45.7541],[23.3679,45.7311],[23.3789,45.7502],[23.4201,45.7368],[23.3844,45.7694],[23.4338,45.8057],[23.4778,45.8153],[23.4915,45.7847],[23.5107,45.7828],[23.497,45.8115],[23.519,45.8229],[23.5135,45.8076],[23.5657,45.8],[23.6041,45.7598],[23.5959,45.8038],[23.7003,45.7713],[23.8733,45.756],[23.909,45.7713],[23.9172,45.8076],[23.9502,45.7962],[23.9722,45.8229],[23.9941,45.821],[23.9694,45.7962],[24.0161,45.7808],[23.9804,45.7579],[24.0079,45.7407],[23.9529,45.6909],[24.0408,45.6698],[24.1013,45.6852],[24.104,45.666],[24.1507,45.666],[24.126,45.6411],[24.1589,45.622],[24.1837,45.6296],[24.1782,45.6048],[24.2441,45.5933],[24.2606,45.5588],[24.2468,45.4957],[24.2908,45.4287],[24.2825,45.356],[24.2963,45.3273],[24.277,45.3234],[24.277,45.3024],[24.1068,45.2909],[24.277,45.2641],[24.2661,45.245],[24.3265,45.1875],[24.299,45.1569],[24.3539,45.1435],[24.321,45.132],[24.277,45.1531],[24.288,45.1186],[24.3484,45.0957],[24.3347,45.0708],[24.2688,45.0804],[24.2798,45.1129],[24.2578,45.1301],[24.2221,45.1148],[24.2276,45.0938],[24.1974,45.0995],[24.2468,45.0459],[24.1507,45.1072],[24.1177,45.1091],[24.1013,45.0785],[24.0656,45.0976],[24.0463,45.0842],[23.9722,45.0919],[23.9529,45.0651],[23.9941,45.0536],[23.9969,45.0076],[23.9777,45.0115],[23.9749,44.9885],[23.9447,45.0153],[23.9392,44.9885],[23.9337,45.0383],[23.8898,45.044],[23.909,45.0612],[23.9008,45.0765],[23.8678,45.0651],[23.9008,45.0],[23.8925,44.9904],[23.8678,44.9981],[23.8623,45.0574],[23.8376,45.0938],[23.7881,45.0976],[23.7717,45.0631],[23.714,45.1091],[23.6893,45.088],[23.6728,45.1206],[23.4174,45.1014],[23.4201,45.1416],[23.3817,45.1397],[23.3899,45.1646],[23.3871,45.1703],[23.3762,45.1282],[23.3212,45.111],[23.1592,45.0746],[23.0328,45.0708],[23.0246,45.0536],[22.9395,45.0287],[22.9175,45.0459],[22.8763,45.0287],[22.8543,44.9847],[22.8049,45.0191],[22.7774,45.0115],[22.7637,44.9904],[22.8021,44.9789],[22.7142,44.9636],[22.7335,44.9598],[22.7582,44.9426],[22.706,44.9177],[22.6154,44.9158],[22.6538,44.9005],[22.6428,44.8871],[22.6758,44.8698],[22.6703,44.843],[22.7115,44.7856],[22.6758,44.7397],[22.6318,44.7301],[22.5742,44.7493],[22.6099,44.7895],[22.6126,44.8354],[22.5412,44.7933],[22.5385,44.8354],[22.5027,44.799],[22.511,44.7703],[22.4231,44.7244],[22.4231,44.822],[22.4835,44.9024],[22.5385,44.9426],[22.4835,44.9196],[22.4011,44.8354],[22.4011,44.9196],[22.3792,44.933],[22.3792,44.9598],[22.3462,44.9502],[22.3297,45.0344],[22.294,45.0421],[22.2638,45.0383],[22.2446,45.0191],[22.2501,44.9981],[22.2226,44.9942],[22.2446,44.9789],[22.2336,44.9502],[22.1951,44.9674],[22.0743,44.9062],[21.9507,44.9655],[21.9424,44.9502],[21.9781,44.8947],[21.9397,44.8985],[21.9397,44.8641],[21.9067,44.8679],[21.9205,44.8507],[21.8381,44.8086],[21.8161,44.8316],[21.8271,44.8469]],[[21.904,44.8698],[21.904,44.8679],[21.9067,44.8679],[21.904,44.8698]],[[23.8815,45.6909],[23.8843,45.7081],[23.8321,45.7311],[23.6728,45.7483],[23.6261,45.7196],[23.6838,45.6737],[23.6426,45.6909],[23.6069,45.6526],[23.6206,45.7005],[23.5712,45.7139],[23.6041,45.7387],[23.5876,45.7579],[23.5492,45.7426],[23.53,45.7636],[23.5245,45.7368],[23.4943,45.7387],[23.497,45.7119],[23.4695,45.6928],[23.4558,45.7273],[23.4009,45.7234],[23.4009,45.6775],[23.3762,45.7043],[23.3295,45.7062],[23.3157,45.6928],[23.3377,45.6507],[23.302,45.6698],[23.2581,45.6392],[23.2608,45.6584],[23.2361,45.6622],[23.1812,45.6182],[23.2306,45.5971],[23.2114,45.578],[23.2663,45.5799],[23.2828,45.5512],[23.2251,45.5474],[23.1509,45.5875],[23.1345,45.5703],[23.1839,45.5397],[23.1427,45.511],[23.1042,45.5091],[23.1647,45.4651],[23.1729,45.4249],[23.2086,45.4478],[23.2169,45.4765],[23.2388,45.4785],[23.2004,45.4344],[23.2169,45.4057],[23.3487,45.3866],[23.4641,45.4],[23.4338,45.3541],[23.4009,45.3407],[23.4064,45.3215],[23.3844,45.2985],[23.4174,45.2909],[23.3817,45.2679],[23.4009,45.2124],[23.4174,45.2105],[23.4036,45.1646],[23.4641,45.2067],[23.4503,45.132],[23.5931,45.1531],[23.6481,45.1435],[23.67,45.1741],[23.7112,45.1359],[23.7387,45.134],[23.7442,45.1569],[23.7662,45.132],[23.8019,45.1454],[23.8239,45.132],[23.9832,45.1378],[23.9914,45.1569],[24.0216,45.1378],[24.0326,45.1588],[24.0381,45.134],[24.1205,45.1512],[24.1287,45.1282],[24.1837,45.1206],[24.1232,45.1646],[24.1507,45.2105],[24.1919,45.1933],[24.2386,45.1646],[24.2441,45.1914],[24.277,45.1741],[24.2688,45.2086],[24.2276,45.2239],[24.2551,45.2545],[24.2084,45.2698],[24.1837,45.2526],[24.1782,45.2756],[23.9969,45.2794],[23.9722,45.2928],[23.9969,45.3043],[23.9529,45.3081],[23.9365,45.3349],[23.9777,45.3196],[23.9996,45.3273],[23.931,45.3636],[23.9392,45.3885],[23.9474,45.3674],[23.9886,45.3751],[23.9749,45.3521],[24.0216,45.3426],[24.0353,45.2966],[24.137,45.3062],[24.082,45.3541],[24.1205,45.3617],[24.1699,45.2966],[24.1946,45.3062],[24.1891,45.3521],[24.2551,45.31],[24.2111,45.3541],[24.2715,45.3426],[24.2606,45.3808],[24.2358,45.3923],[24.277,45.4057],[24.2331,45.421],[24.2606,45.4517],[24.2001,45.4823],[24.2276,45.4899],[24.2194,45.5014],[24.1617,45.5052],[24.2249,45.5225],[24.2139,45.5435],[24.2303,45.555],[24.1727,45.5895],[24.1562,45.5703],[24.093,45.5722],[24.0628,45.5474],[24.0216,45.5454],[24.071,45.5799],[24.1534,45.599],[24.1122,45.6239],[24.071,45.6086],[23.9996,45.6488],[23.8953,45.6411],[23.942,45.6584],[23.9255,45.6698],[23.9392,45.6832],[23.8815,45.6909]],[[24.2468,45.1435],[24.2386,45.1435],[24.2468,45.1397],[24.2468,45.1435]],[[24.1837,45.1952],[24.1809,45.1952],[24.1837,45.1933],[24.1837,45.1952]],[[24.1534,45.1933],[24.1534,45.1856],[24.1837,45.1646],[24.1534,45.1933]],[[24.0189,45.6564],[24.0106,45.6564],[24.0189,45.6526],[24.0189,45.6564]],[[23.9447,45.7043],[23.9447,45.7119],[23.9392,45.71],[23.9447,45.7043]],[[23.6288,45.7655],[23.6261,45.756],[23.6481,45.7579],[23.6288,45.7655]],[[23.3926,45.2029],[23.3899,45.2029],[23.3926,45.1971],[23.3926,45.2029]],[[23.3899,45.1933],[23.3871,45.1933],[23.3899,45.1895],[23.3899,45.1933]],[[23.3844,45.2105],[23.3817,45.2105],[23.3844,45.2086],[23.3844,45.2105]],[[22.4753,45.4172],[22.4615,45.377],[22.522,45.3674],[22.5577,45.3407],[22.5467,45.3292],[22.4368,45.356],[22.4313,45.3808],[22.3984,45.3598],[22.4286,45.2584],[22.3901,45.2794],[22.4011,45.2354],[22.3709,45.2143],[22.3737,45.1914],[22.4451,45.1799],[22.4588,45.1952],[22.467,45.178],[22.4313,45.1684],[22.4506,45.1569],[22.4368,45.1454],[22.3956,45.1493],[22.4039,45.1244],[22.3599,45.1091],[22.3572,45.0861],[22.3764,45.0823],[22.4039,45.0995],[22.4313,45.1072],[22.4506,45.1052],[22.4588,45.111],[22.467,45.1091],[22.4643,45.0938],[22.3572,45.0593],[22.3654,44.9732],[22.3874,44.9808],[22.4203,45.0536],[22.4258,45.0191],[22.4698,45.0344],[22.4643,44.9923],[22.4368,45.0019],[22.4039,44.956],[22.4341,44.9311],[22.4203,44.9177],[22.4396,44.8909],[22.4973,44.9541],[22.533,44.9541],[22.5302,44.977],[22.5769,44.9962],[22.5659,45.0115],[22.6208,45.023],[22.6428,45.044],[22.6401,45.0785],[22.6785,45.0746],[22.7197,45.1148],[22.7637,45.132],[22.7802,45.1263],[22.6648,45.044],[22.6401,44.9866],[22.5769,44.9713],[22.489,44.9005],[22.4313,44.8182],[22.4561,44.8048],[22.4478,44.778],[22.511,44.8297],[22.5082,44.8622],[22.5659,44.8832],[22.5467,44.9005],[22.728,45.0115],[22.673,45.0306],[22.7335,45.067],[22.7637,45.0497],[22.7609,45.021],[22.7911,45.0344],[22.7802,45.0899],[22.8104,45.1225],[22.8186,45.0919],[22.8488,45.0746],[22.8323,45.044],[22.8488,45.0153],[22.8543,45.0517],[22.8873,45.0517],[22.9065,45.0842],[22.9587,45.0593],[22.9971,45.0842],[22.9504,45.132],[22.9944,45.1359],[23.0493,45.0823],[23.1235,45.1148],[23.107,45.1378],[23.1235,45.1397],[23.1345,45.1818],[23.1537,45.088],[23.2004,45.1569],[23.2031,45.1129],[23.2498,45.1206],[23.2581,45.1799],[23.28,45.1397],[23.3514,45.1531],[23.3542,45.1818],[23.3762,45.1722],[23.3597,45.2086],[23.3734,45.2852],[23.3597,45.2947],[23.085,45.2545],[23.2553,45.3139],[23.2663,45.3407],[23.2333,45.3579],[23.2883,45.3407],[23.3487,45.377],[23.1674,45.3674],[23.118,45.3866],[23.0713,45.3808],[23.063,45.3962],[22.8461,45.4153],[22.8241,45.377],[22.7774,45.3636],[22.8241,45.4153],[22.6923,45.4344],[22.5439,45.4268],[22.5632,45.4134],[22.5549,45.4019],[22.5192,45.421],[22.4753,45.4172]],[[23.0933,45.5607],[23.0438,45.5301],[23.0548,45.4957],[23.0878,45.5014],[23.1097,45.5359],[23.0933,45.5607]],[[23.0054,45.0765],[23.0081,45.0765],[23.0054,45.0785],[23.0054,45.0765]],[[23.0109,45.0746],[23.0109,45.0765],[23.0081,45.0765],[23.0109,45.0746]],[[22.7774,45.578],[22.7802,45.5665],[22.8296,45.578],[22.7774,45.578]],[[22.8021,45.021],[22.8076,45.021],[22.8021,45.0363],[22.8021,45.021]],[[22.7554,45.6354],[22.717,45.6392],[22.7472,45.6296],[22.7554,45.6354]],[[22.5989,45.666],[22.7087,45.7273],[22.6648,45.7234],[22.6785,45.7368],[22.6703,45.7387],[22.5549,45.6871],[22.5961,45.7234],[22.5714,45.733],[22.4478,45.6947],[22.4478,45.666],[22.4313,45.6679],[22.4313,45.645],[22.4066,45.6526],[22.4149,45.6296],[22.3984,45.6201],[22.3407,45.6124],[22.272,45.6316],[22.2418,45.6182],[22.2858,45.5875],[22.261,45.5761],[22.283,45.5646],[22.272,45.5263],[22.3187,45.5263],[22.338,45.5052],[22.3874,45.511],[22.3846,45.5282],[22.3215,45.5454],[22.3434,45.5627],[22.4121,45.5493],[22.3956,45.5684],[22.4176,45.5818],[22.4835,45.5493],[22.4808,45.5359],[22.533,45.5263],[22.5165,45.5091],[22.533,45.4938],[22.5769,45.5072],[22.5797,45.4861],[22.6263,45.4938],[22.6126,45.4651],[22.684,45.4478],[22.6895,45.4957],[22.6566,45.4899],[22.662,45.5186],[22.6181,45.5206],[22.6703,45.5378],[22.6675,45.5569],[22.7527,45.5722],[22.6126,45.5607],[22.5824,45.532],[22.5192,45.5397],[22.5549,45.555],[22.5549,45.5722],[22.511,45.555],[22.5027,45.5646],[22.6483,45.5914],[22.6263,45.6163],[22.6978,45.6277],[22.7142,45.6373],[22.6813,45.6564],[22.6813,45.6852],[22.6456,45.6718],[22.6099,45.6641],[22.5989,45.666]],[[22.728,45.4593],[22.7115,45.4612],[22.728,45.4555],[22.728,45.4593]],[[22.6456,44.8584],[22.6263,44.8679],[22.6208,44.8411],[22.6456,44.8584]],[[22.5797,44.9808],[22.5797,44.9847],[22.5687,44.977],[22.5797,44.9808]],[[22.5742,45.7502],[22.5385,45.7502],[22.5137,45.733],[22.5742,45.7502]],[[22.5494,44.9617],[22.5494,44.956],[22.5604,44.9598],[22.5632,44.977],[22.5494,44.9617]],[[22.4011,44.9521],[22.3984,44.9521],[22.4011,44.9483],[22.4011,44.9521]],[[22.3929,45.6966],[22.3709,45.6966],[22.3846,45.6832],[22.3929,45.6966]],[[22.3764,45.3674],[22.3846,45.3636],[22.3764,45.3732],[22.3764,45.3674]],[[21.9836,45.1263],[21.9727,45.0823],[21.9315,45.0172],[21.9067,45.0115],[21.9397,45.0],[21.9452,45.0268],[21.9809,45.0402],[21.9699,44.9694],[21.9836,44.9598],[22.0523,44.9541],[22.0084,44.9885],[22.0551,44.9713],[22.0413,45.0076],[22.0605,45.0096],[22.0825,44.9521],[22.132,44.9521],[22.1429,44.9808],[22.121,45.0096],[22.1704,45.0096],[22.1814,45.0593],[22.2144,45.0478],[22.2418,45.0651],[22.2089,45.0995],[22.2446,45.1014],[22.2116,45.1435],[22.2528,45.1206],[22.2803,45.134],[22.2226,45.1875],[22.1292,45.2067],[22.1649,45.2201],[22.1512,45.2488],[22.088,45.2507],[22.0798,45.1895],[21.9946,45.0938],[21.9974,45.1684],[21.9644,45.155],[21.9836,45.1263]],[[22.2446,45.532],[22.2501,45.5206],[22.2556,45.5301],[22.2446,45.532]],[[21.9507,44.9789],[21.9479,44.9789],[21.9507,44.9751],[21.9507,44.9789]],[[21.9095,44.8947],[21.9397,44.9253],[21.8903,44.91],[21.8875,44.9579],[21.8271,44.9253],[21.8216,44.8698],[21.8875,44.8584],[21.8875,44.8985],[21.9095,44.8947]],[[21.9095,44.9521],[21.9287,44.9502],[21.9095,44.9579],[21.9095,44.9521]],[[21.9122,44.9942],[21.8958,44.9942],[21.9122,44.9808],[21.9122,44.9942]],[[21.7639,44.9407],[21.7831,44.9081],[21.8106,44.9368],[21.7886,44.9694],[21.7639,44.9407]],[[21.7831,44.9885],[21.7859,44.9751],[21.8051,44.9866],[21.7831,44.9885]]],[[[22.4945,46.1139],[22.4698,46.0947],[22.4918,46.0813],[22.478,46.0545],[22.5137,46.0545],[22.5439,46.0852],[22.7142,46.0756],[22.7417,46.0335],[22.7307,46.0029],[22.7994,45.9761],[22.7252,45.9703],[22.7087,46.0009],[22.6868,45.9761],[22.6978,46.0277],[22.662,46.0335],[22.5906,46.0048],[22.5604,46.0258],[22.5357,46.022],[22.5385,46.0086],[22.4698,46.0163],[22.4451,46.0966],[22.3654,46.0832],[22.3709,46.0526],[22.3517,46.0564],[22.3352,46.0316],[22.3132,46.043],[22.338,46.0832],[22.305,46.0775],[22.305,46.0603],[22.2858,46.0718],[22.2308,46.0564],[22.2198,46.0679],[22.2363,46.0909],[22.1924,46.1119],[22.1292,46.1024],[22.0743,46.1177],[22.0825,46.1426],[22.1045,46.1215],[22.1347,46.1253],[22.121,46.1579],[22.1567,46.1598],[22.1732,46.1866],[22.2034,46.154],[22.261,46.1368],[22.2446,46.1024],[22.3737,46.133],[22.3956,46.1043],[22.3956,46.1253],[22.4149,46.1273],[22.3956,46.1521],[22.4203,46.1674],[22.3819,46.1808],[22.4121,46.2],[22.467,46.1732],[22.5192,46.2096],[22.5302,46.1445],[22.5,46.1483],[22.5055,46.1273],[22.4753,46.1349],[22.4945,46.1139]],[[22.6291,46.0526],[22.6428,46.0507],[22.6318,46.0564],[22.6291,46.0526]],[[22.5851,46.0641],[22.5906,46.0584],[22.6044,46.0679],[22.5851,46.0641]]],[[[22.261,46.556],[22.3187,46.5445],[22.2968,46.5062],[22.338,46.5158],[22.3901,46.4775],[22.3737,46.4296],[22.4478,46.4009],[22.4808,46.3493],[22.478,46.3206],[22.3764,46.3206],[22.3352,46.2938],[22.2693,46.311],[22.3434,46.3225],[22.3325,46.3435],[22.272,46.3512],[22.2995,46.3646],[22.3077,46.3895],[22.2858,46.399],[22.3105,46.4182],[22.2583,46.4182],[22.2363,46.399],[22.2006,46.4086],[22.132,46.4794],[22.1347,46.5349],[22.1045,46.5387],[22.1677,46.5828],[22.2336,46.5674],[22.2336,46.5139],[22.2006,46.51],[22.2226,46.4947],[22.261,46.556]],[[22.4039,46.3493],[22.4149,46.3454],[22.4039,46.3531],[22.4039,46.3493]],[[22.3819,46.3875],[22.3874,46.3799],[22.3901,46.3875],[22.3819,46.3875]],[[22.3819,46.4029],[22.3819,46.4105],[22.3654,46.4009],[22.3819,46.4029]],[[22.327,46.4507],[22.3077,46.4641],[22.2336,46.443],[22.327,46.4507]],[[22.3077,46.4775],[22.3077,46.4832],[22.283,46.4928],[22.2885,46.4737],[22.3077,46.4775]],[[22.2034,46.4277],[22.2336,46.4163],[22.1759,46.4985],[22.1704,46.4679],[22.2034,46.4277]],[[22.1869,46.5387],[22.1732,46.5368],[22.1869,46.5349],[22.1869,46.5387]]],[[[22.8818,46.1713],[22.901,46.133],[22.8241,46.1119],[22.8296,46.1636],[22.7939,46.1349],[22.8049,46.1598],[22.7609,46.1751],[22.7444,46.2038],[22.7444,46.1808],[22.717,46.2019],[22.6675,46.2],[22.6291,46.2612],[22.5742,46.2918],[22.5714,46.332],[22.5385,46.3225],[22.533,46.3416],[22.5549,46.3607],[22.5385,46.422],[22.5769,46.4201],[22.5522,46.4411],[22.5494,46.4794],[22.5934,46.5292],[22.5192,46.5981],[22.5027,46.6957],[22.4808,46.688],[22.4561,46.7148],[22.4973,46.7244],[22.4341,46.7474],[22.4588,46.7741],[22.4094,46.778],[22.3489,46.8182],[22.4066,46.8335],[22.3764,46.8718],[22.3242,46.8832],[22.3297,46.9139],[22.3654,46.9139],[22.3544,46.9368],[22.3737,46.9407],[22.5055,46.9081],[22.5137,46.8775],[22.5632,46.8756],[22.5906,46.8507],[22.6758,46.8564],[22.7005,46.822],[22.7115,46.8411],[22.662,46.8641],[22.6675,46.8775],[22.8214,46.9024],[22.728,46.9158],[22.6456,46.8813],[22.6675,46.9081],[22.6511,46.9426],[22.6648,46.9636],[22.6373,46.9617],[22.6346,46.9828],[22.6154,46.9617],[22.6099,46.9923],[22.3709,47.0727],[22.3434,47.0995],[22.3517,47.1282],[22.4451,47.0976],[22.4506,47.1359],[22.511,47.1512],[22.522,47.1167],[22.5604,47.0957],[22.5577,47.0689],[22.5961,47.0689],[22.6483,47.0306],[22.6978,47.0344],[22.7637,46.9828],[22.8351,46.977],[22.8488,46.9923],[22.8955,46.977],[23.1235,47.132],[23.1125,47.0957],[23.0493,47.0631],[23.0768,47.0478],[23.0411,47.044],[23.0576,47.0229],[23.0136,47.0268],[23.0136,47.0019],[22.9669,46.9942],[22.9532,46.9579],[23.0164,46.9368],[22.9807,46.9177],[22.9779,46.8871],[22.9312,46.889],[22.9285,46.8737],[22.9807,46.8526],[22.9532,46.8296],[23.118,46.8162],[23.3679,46.8775],[23.3954,46.8622],[23.3871,46.8335],[23.3542,46.8469],[23.3844,46.7914],[23.3542,46.8009],[23.324,46.8488],[23.3295,46.8124],[23.269,46.8277],[23.2059,46.8086],[23.2965,46.7952],[23.2965,46.7761],[23.3267,46.7818],[23.3926,46.734],[23.4915,46.7206],[23.4723,46.7033],[23.2608,46.7454],[23.3569,46.7033],[23.3624,46.6689],[23.4091,46.6804],[23.3981,46.6612],[23.4311,46.6325],[23.475,46.6287],[23.4448,46.6631],[23.5272,46.6497],[23.5602,46.6823],[23.8074,46.6497],[23.7167,46.5828],[23.7305,46.5483],[23.6563,46.4545],[23.5602,46.4488],[23.4888,46.4124],[23.5574,46.4411],[23.6453,46.4411],[23.6591,46.4048],[23.7085,46.3971],[23.6536,46.3454],[23.6426,46.3014],[23.6206,46.2976],[23.6014,46.3186],[23.5794,46.2976],[23.6179,46.2823],[23.6343,46.2421],[23.5986,46.2344],[23.6096,46.1981],[23.5547,46.2287],[23.5684,46.1655],[23.5162,46.1828],[23.5629,46.1407],[23.4833,46.1119],[23.4586,46.0928],[23.4613,46.0622],[23.3734,46.0316],[23.2828,46.0526],[23.2663,46.0316],[23.1894,46.066],[23.2718,46.0067],[23.335,46.0258],[23.3871,46.0086],[23.4778,46.0143],[23.5217,46.0373],[23.519,46.0105],[23.4586,45.9684],[23.4064,45.9741],[23.4256,45.955],[23.3652,45.9435],[23.2965,45.8938],[23.28,45.8995],[23.2883,45.932],[23.269,45.9282],[23.2581,45.9493],[23.2553,45.9014],[23.2141,45.9282],[23.2114,45.8938],[23.1894,45.8899],[23.1812,45.9588],[23.1647,45.9588],[23.1592,45.9301],[23.1482,45.9646],[23.0795,45.9799],[23.118,45.9895],[23.1125,46.0105],[23.0823,45.999],[23.0823,46.0277],[23.0273,46.0277],[23.0713,46.0009],[23.0328,45.9684],[23.0713,45.9627],[23.1015,45.9206],[23.1372,45.9167],[23.1427,45.8976],[23.1262,45.8899],[23.1619,45.8536],[23.1015,45.8325],[23.0191,45.844],[23.0438,45.8899],[23.0191,45.8976],[23.0054,45.9301],[22.9202,45.9263],[22.9257,45.9474],[22.9532,45.955],[22.9532,45.999],[22.8928,46.0143],[22.879,45.9971],[22.7966,46.0239],[22.9504,46.0469],[22.9779,46.0277],[22.9614,46.0584],[22.912,46.0679],[22.9285,46.0909],[22.89,46.0756],[22.8845,46.0928],[22.9065,46.1158],[22.9807,46.1043],[22.9752,46.1253],[22.9147,46.1483],[22.923,46.177],[22.901,46.1981],[22.8983,46.1732],[22.8818,46.1713]],[[22.9971,46.1215],[23.0136,46.1215],[22.9752,46.1311],[22.9752,46.1253],[22.9971,46.1215]],[[23.6536,46.5119],[23.67,46.5196],[23.6481,46.5387],[23.6206,46.5311],[23.6536,46.5119]],[[23.6041,46.3684],[23.6179,46.4067],[23.5822,46.3722],[23.6041,46.3684]],[[23.3899,46.2842],[23.3597,46.3129],[23.3652,46.3301],[23.3377,46.332],[23.2993,46.2938],[23.2443,46.2957],[23.2278,46.2517],[23.1949,46.2517],[23.1976,46.2842],[23.1647,46.2689],[23.1509,46.2976],[23.1427,46.2804],[23.0988,46.2957],[23.074,46.2651],[23.1152,46.2383],[23.085,46.2383],[23.0823,46.2172],[23.1592,46.2115],[23.1372,46.1962],[23.1592,46.1828],[23.0823,46.1751],[23.0603,46.1962],[23.0411,46.1732],[23.0713,46.1636],[23.0273,46.1426],[23.0521,46.1426],[23.096,46.1005],[23.1235,46.1139],[23.1097,46.133],[23.1619,46.1253],[23.1921,46.089],[23.2196,46.11],[23.2416,46.0718],[23.2828,46.0813],[23.3047,46.0564],[23.3954,46.0584],[23.3432,46.0756],[23.3844,46.089],[23.4338,46.0698],[23.4366,46.0985],[23.3954,46.1081],[23.4586,46.11],[23.4558,46.1368],[23.497,46.1445],[23.4805,46.154],[23.497,46.1674],[23.4256,46.1828],[23.4036,46.1598],[23.3679,46.1617],[23.4229,46.2038],[23.4613,46.1885],[23.5327,46.2153],[23.4146,46.2325],[23.3487,46.2115],[23.3322,46.1962],[23.3267,46.1981],[23.3459,46.2191],[23.4338,46.2555],[23.4586,46.2536],[23.4668,46.2325],[23.5052,46.2536],[23.5684,46.2555],[23.5547,46.2842],[23.508,46.2861],[23.5327,46.3052],[23.5245,46.3416],[23.5629,46.4296],[23.5327,46.399],[23.4943,46.3971],[23.4503,46.2976],[23.4256,46.3052],[23.3899,46.2842]],[[23.5245,46.4622],[23.5272,46.4545],[23.5519,46.4622],[23.5245,46.4622]],[[23.519,46.4775],[23.5492,46.4794],[23.5052,46.5062],[23.4888,46.4985],[23.519,46.4775]],[[23.508,46.4373],[23.497,46.4373],[23.4943,46.4258],[23.508,46.4373]],[[23.4613,46.422],[23.4723,46.4048],[23.4338,46.3722],[23.4366,46.3646],[23.4586,46.3607],[23.486,46.4086],[23.4613,46.422]],[[23.4531,46.3435],[23.4448,46.3454],[23.3899,46.3282],[23.4531,46.3435]],[[23.4338,46.2478],[23.4393,46.2421],[23.4448,46.2497],[23.4338,46.2478]],[[22.6016,46.7607],[22.5989,46.732],[22.5769,46.7301],[22.5577,46.6861],[22.5385,46.7263],[22.5439,46.6363],[22.5879,46.6153],[22.5797,46.5942],[22.6126,46.5847],[22.6318,46.554],[22.673,46.5521],[22.6456,46.5311],[22.6703,46.4928],[22.6318,46.5196],[22.5879,46.5062],[22.6099,46.4813],[22.5824,46.4488],[22.6373,46.4411],[22.6071,46.3646],[22.6511,46.3263],[22.6263,46.3186],[22.6346,46.3052],[22.6154,46.288],[22.6648,46.2976],[22.673,46.2497],[22.706,46.2517],[22.7142,46.2344],[22.7609,46.2631],[22.7911,46.2574],[22.7856,46.2344],[22.8241,46.2402],[22.8406,46.2249],[22.8159,46.2019],[22.8351,46.1923],[22.879,46.2057],[22.8598,46.2517],[22.9257,46.2574],[22.9559,46.221],[22.9312,46.2057],[22.9422,46.1751],[22.9669,46.1655],[23.0164,46.177],[22.9724,46.2057],[23.0219,46.2038],[23.0081,46.2153],[23.0356,46.221],[23.0493,46.2842],[23.0054,46.2383],[22.9779,46.2555],[23.0109,46.2976],[22.9532,46.2918],[22.9312,46.3091],[22.8296,46.2765],[22.8104,46.3033],[22.8516,46.2976],[22.9477,46.3263],[22.912,46.3378],[22.9587,46.3474],[22.9559,46.3837],[22.8708,46.3952],[22.879,46.4009],[22.9614,46.3971],[22.9642,46.4316],[22.9834,46.4105],[22.9724,46.3397],[23.0219,46.3167],[23.0521,46.3454],[23.1921,46.3225],[23.2196,46.3435],[23.2635,46.3263],[23.3102,46.3588],[23.3954,46.3512],[23.4009,46.3856],[23.3267,46.3856],[23.3432,46.4163],[23.4229,46.3952],[23.4311,46.4507],[23.4091,46.4698],[23.4421,46.4603],[23.4146,46.4909],[23.4283,46.4985],[23.4091,46.5139],[23.4174,46.5387],[23.3844,46.5694],[23.4283,46.554],[23.4338,46.5598],[23.3734,46.6038],[23.3789,46.621],[23.3295,46.6344],[23.3157,46.6057],[23.269,46.6191],[23.1921,46.5885],[23.3075,46.6421],[23.291,46.6555],[23.1757,46.6287],[23.1427,46.6402],[23.2526,46.6593],[23.2278,46.6804],[23.1949,46.6727],[23.2169,46.6899],[23.269,46.6804],[23.2443,46.7263],[23.1372,46.6995],[23.0548,46.7206],[22.9944,46.6785],[22.9312,46.6957],[22.8983,46.6861],[22.8735,46.755],[22.8433,46.7531],[22.8598,46.7646],[22.8433,46.7952],[22.8131,46.7971],[22.7554,46.7607],[22.8159,46.8411],[22.7884,46.8718],[22.7362,46.8105],[22.6813,46.7971],[22.7087,46.7837],[22.6895,46.7627],[22.6016,46.7607]],[[23.4338,45.9914],[23.4393,45.9914],[23.4366,46.0009],[23.4338,45.9914]],[[23.3871,45.9837],[23.3542,46.0048],[23.3212,45.9971],[23.3212,45.9761],[23.3514,45.9627],[23.3789,45.9646],[23.3679,45.9799],[23.3871,45.9837]],[[23.3185,46.6727],[23.3377,46.6727],[23.3267,46.6804],[23.3185,46.6727]],[[23.3047,45.9856],[23.291,45.9818],[23.3102,45.9703],[23.3047,45.9856]],[[23.2498,45.978],[23.2333,45.978],[23.2388,45.9646],[23.2498,45.978]],[[23.2251,45.9646],[23.2141,45.9665],[23.2169,45.9512],[23.2251,45.9646]],[[23.118,46.0947],[23.0301,46.0985],[23.0356,46.0813],[22.9971,46.0641],[23.0191,46.0526],[23.1262,46.0603],[23.1729,46.0411],[23.118,46.0947]],[[23.1262,46.1005],[23.129,46.0966],[23.1345,46.1024],[23.1262,46.1005]],[[23.0438,45.9033],[23.0768,45.9052],[23.0411,45.9359],[23.0301,45.9148],[23.0438,45.9033]],[[23.0246,46.1521],[22.9834,46.156],[23.0164,46.1464],[23.0246,46.1521]],[[22.9861,45.9493],[23.0164,45.9531],[22.9889,45.9799],[22.9724,45.9761],[22.9861,45.9493]],[[22.9944,46.3167],[22.9504,46.3263],[22.9916,46.311],[22.9944,46.3167]],[[22.9697,46.0794],[22.9752,46.0718],[22.9861,46.0813],[22.9697,46.0794]],[[22.9669,46.6976],[22.9669,46.688],[22.9779,46.6957],[22.9669,46.6976]],[[22.901,46.7014],[22.9477,46.7072],[22.9257,46.7703],[22.9065,46.7588],[22.901,46.7014]],[[22.9422,46.1521],[22.9422,46.156],[22.934,46.1521],[22.9422,46.1521]],[[22.9202,46.9598],[22.9065,46.9617],[22.9147,46.9483],[22.9202,46.9598]],[[22.901,46.8794],[22.901,46.9234],[22.8818,46.8851],[22.901,46.8794]],[[22.879,46.7933],[22.8735,46.7837],[22.89,46.7895],[22.879,46.7933]],[[22.8571,46.8622],[22.8351,46.8794],[22.8406,46.8622],[22.8571,46.8622]],[[22.8378,46.8162],[22.8378,46.8086],[22.8543,46.8182],[22.8378,46.8162]],[[22.8131,46.9215],[22.8131,46.9234],[22.8104,46.9215],[22.8131,46.9215]],[[22.7417,46.8775],[22.7417,46.8813],[22.739,46.8775],[22.7417,46.8775]],[[22.7142,46.9579],[22.717,46.9483],[22.7307,46.9598],[22.7142,46.9579]],[[22.706,46.9407],[22.6923,46.9368],[22.706,46.9349],[22.706,46.9407]],[[22.6016,46.7971],[22.6208,46.7914],[22.6456,46.799],[22.6593,46.8182],[22.6099,46.8162],[22.6016,46.7971]],[[22.6126,46.5407],[22.6126,46.5445],[22.6016,46.5407],[22.6126,46.5407]],[[22.5961,46.3206],[22.5961,46.3244],[22.5906,46.3206],[22.5961,46.3206]],[[22.5494,46.7722],[22.5961,46.7856],[22.5467,46.7895],[22.5494,46.8029],[22.522,46.7895],[22.5439,46.778],[22.5137,46.755],[22.5357,46.734],[22.5687,46.7569],[22.5494,46.7722]],[[22.5714,46.5904],[22.5577,46.5923],[22.5549,46.577],[22.5769,46.5732],[22.5714,46.5904]],[[22.4973,46.7416],[22.4973,46.7454],[22.4918,46.7416],[22.4973,46.7416]],[[22.3846,46.9043],[22.3572,46.9024],[22.3737,46.8966],[22.3846,46.9043]]],[[[23.6124,46.7646],[23.5052,46.8316],[23.5822,46.7569],[23.5464,46.7454],[23.4695,46.866],[23.6481,46.8124],[23.6426,46.7933],[23.6646,46.7837],[23.6179,46.7818],[23.6124,46.7646]]],[[[26.7847,45.777],[26.7984,45.7981],[26.8698,45.7962],[26.889,45.7674],[26.8671,45.7655],[26.8643,45.7426],[26.7957,45.7483],[26.7847,45.777]],[[26.8341,45.7636],[26.8341,45.7674],[26.8259,45.7636],[26.8341,45.7636]]],[[[24.5792,45.7694],[24.5682,45.7521],[24.5297,45.7694],[24.5407,45.733],[24.494,45.7521],[24.4885,45.7292],[24.4501,45.733],[24.3127,45.6775],[24.3155,45.7005],[24.3979,45.7215],[24.4199,45.7541],[24.4281,45.7368],[24.4666,45.7483],[24.4528,45.7732],[24.5132,45.7732],[24.4748,45.7923],[24.5352,45.7904],[24.5435,45.821],[24.4913,45.8306],[24.538,45.8363],[24.5517,45.8555],[24.4803,45.867],[24.6011,45.8746],[24.5654,45.8344],[24.5792,45.7942],[24.5544,45.7789],[24.5792,45.7694]]],[[[26.9714,45.8191],[26.9989,45.7789],[26.9989,45.7407],[26.9,45.7828],[26.9247,45.8229],[26.9714,45.8191]],[[26.9412,45.8096],[26.9385,45.7923],[26.9687,45.7751],[26.9412,45.8096]]],[[[26.889,46.0296],[26.9907,45.9512],[26.8616,45.9703],[26.8423,45.9875],[26.7819,45.9665],[26.7215,46.0296],[26.7462,46.0354],[26.7572,46.0718],[26.7929,46.0985],[26.8369,46.0813],[26.8259,46.066],[26.8423,46.0603],[26.8259,46.0354],[26.889,46.0296]]],[[[26.5622,46.3033],[26.5155,46.3206],[26.5237,46.3359],[26.4771,46.3684],[26.4853,46.4067],[26.5237,46.4009],[26.6309,46.3129],[26.6336,46.2536],[26.6034,46.2497],[26.5512,46.2823],[26.5622,46.3033]],[[26.5979,46.2938],[26.6089,46.2918],[26.6006,46.3014],[26.5979,46.2938]],[[26.554,46.3225],[26.5759,46.334],[26.5485,46.3607],[26.532,46.3607],[26.554,46.3225]],[[26.5265,46.3627],[26.5237,46.3665],[26.521,46.3627],[26.5265,46.3627]]],[[[24.6506,46.8737],[24.6423,46.843],[24.6176,46.8679],[24.5599,46.8756],[24.5737,46.9062],[24.6066,46.9043],[24.6121,46.9234],[24.6341,46.9005],[24.6643,46.9158],[24.6616,46.9311],[24.6341,46.9311],[24.6533,46.954],[24.6423,46.9694],[24.5984,46.9598],[24.5929,46.9808],[24.5682,46.9713],[24.549,46.977],[24.6368,47.0096],[24.6176,47.0325],[24.6561,47.0421],[24.6506,47.0689],[24.5956,47.067],[24.5517,47.0995],[24.6423,47.1091],[24.6396,47.134],[24.7192,47.1741],[24.5132,47.1627],[24.4803,47.111],[24.4583,47.134],[24.5078,47.1799],[24.4418,47.2048],[24.4748,47.2182],[24.5407,47.1914],[24.538,47.2201],[24.5654,47.2029],[24.5627,47.222],[24.5874,47.2258],[24.6039,47.2009],[24.6039,47.2258],[24.6808,47.266],[24.6561,47.2775],[24.5956,47.243],[24.494,47.245],[24.5215,47.2832],[24.494,47.3196],[24.4775,47.2526],[24.4583,47.2584],[24.4611,47.2985],[24.4418,47.2507],[24.3979,47.2603],[24.3787,47.2718],[24.4089,47.3139],[24.3924,47.3694],[24.4446,47.4134],[24.3951,47.3981],[24.3869,47.4249],[24.3869,47.3655],[24.3594,47.3636],[24.3814,47.3445],[24.3732,47.289],[24.3402,47.2794],[24.3237,47.3081],[24.2908,47.2832],[24.2606,47.3081],[24.2578,47.2584],[24.1699,47.2756],[24.1919,47.2947],[24.2001,47.3789],[24.1727,47.3789],[24.1727,47.3521],[24.137,47.3674],[24.137,47.4249],[24.126,47.3674],[24.0903,47.3598],[24.1617,47.3368],[24.1672,47.31],[24.126,47.2622],[24.0518,47.2794],[24.0326,47.245],[24.0134,47.2756],[24.0079,47.245],[23.9474,47.2679],[23.9557,47.289],[23.9365,47.2756],[23.8733,47.2928],[23.8651,47.3139],[23.7195,47.3292],[23.7085,47.3502],[23.7305,47.3636],[23.7772,47.3426],[23.8019,47.3636],[23.9337,47.3426],[23.9062,47.3751],[23.9282,47.3598],[23.9584,47.3847],[23.9749,47.3694],[23.9859,47.3904],[24.0381,47.3674],[24.115,47.4153],[24.0573,47.4478],[24.0491,47.4076],[24.0161,47.4019],[24.0051,47.421],[24.0436,47.4459],[24.0271,47.4746],[24.0408,47.488],[23.9996,47.4957],[23.9886,47.5186],[23.9722,47.5014],[23.931,47.5359],[23.8925,47.5244],[23.8788,47.4957],[23.8156,47.4938],[23.7964,47.4765],[23.7909,47.4995],[23.8184,47.534],[23.7827,47.5359],[23.7936,47.5761],[23.725,47.6086],[23.725,47.6392],[23.6371,47.6392],[23.6536,47.6698],[23.6234,47.6985],[23.6179,47.7406],[23.5876,47.7119],[23.6124,47.6622],[23.5547,47.6545],[23.5217,47.6813],[23.5382,47.7253],[23.4723,47.6928],[23.4421,47.7062],[23.4338,47.6737],[23.4256,47.7119],[23.3926,47.6985],[23.4091,47.733],[23.3679,47.7426],[23.3487,47.7292],[23.3377,47.7445],[23.3652,47.7655],[23.4201,47.7483],[23.4421,47.7789],[23.4915,47.7923],[23.4695,47.8095],[23.497,47.8287],[23.4805,47.8517],[23.508,47.8574],[23.4998,47.8842],[23.5327,47.888],[23.5025,47.9244],[23.3487,47.9665],[23.3926,47.9971],[23.5162,47.9435],[23.5904,47.9722],[23.6014,47.9454],[23.6508,47.9416],[23.6838,47.9014],[23.7662,47.9225],[23.8156,47.8861],[23.8815,47.8823],[23.8431,47.8651],[23.9035,47.8115],[23.8953,47.7808],[23.8266,47.7196],[23.9749,47.7445],[24.0518,47.7253],[24.0738,47.7464],[24.082,47.7024],[24.1342,47.7292],[24.1644,47.7024],[24.1534,47.6909],[24.1974,47.6966],[24.1617,47.6679],[24.2166,47.6622],[24.2194,47.6201],[24.3594,47.6239],[24.3073,47.6335],[24.288,47.6679],[24.2551,47.6718],[24.2249,47.7292],[24.1562,47.7426],[24.1946,47.7464],[24.1617,47.7789],[24.137,47.756],[24.0875,47.7751],[24.1342,47.8],[24.115,47.821],[24.0024,47.8249],[24.0216,47.8421],[24.1095,47.8306],[24.0353,47.9148],[24.0875,47.9148],[24.104,47.888],[24.1782,47.8612],[24.1644,47.8823],[24.1826,47.916],[24.1969,47.9162],[24.2186,47.8975],[24.2566,47.9042],[24.2606,47.9033],[24.1919,47.8938],[24.1891,47.867],[24.2798,47.8555],[24.2798,47.8363],[24.321,47.8517],[24.2798,47.7904],[24.3402,47.821],[24.3869,47.8153],[24.4034,47.8517],[24.4171,47.8191],[24.4473,47.8249],[24.4501,47.8115],[24.5187,47.8344],[24.4913,47.8038],[24.5105,47.7885],[24.472,47.7828],[24.4885,47.7655],[24.4583,47.7579],[24.4446,47.7789],[24.3704,47.7904],[24.31,47.7234],[24.3759,47.7464],[24.3622,47.7292],[24.3677,47.7196],[24.4308,47.7521],[24.4473,47.7158],[24.4858,47.7005],[24.5023,47.7234],[24.5435,47.7158],[24.5572,47.7368],[24.6259,47.7636],[24.5517,47.7119],[24.5984,47.7043],[24.5874,47.689],[24.6176,47.6794],[24.5352,47.6737],[24.5435,47.6985],[24.516,47.7062],[24.4995,47.689],[24.5215,47.6775],[24.4748,47.6698],[24.4666,47.6526],[24.5572,47.6316],[24.6725,47.6335],[24.6835,47.6469],[24.722,47.6526],[24.678,47.6239],[24.744,47.5933],[24.6231,47.6105],[24.4199,47.5627],[24.3842,47.5933],[24.3567,47.5761],[24.3292,47.6048],[24.288,47.6048],[24.277,47.5895],[24.3347,47.5454],[24.2908,47.5646],[24.2798,47.5435],[24.3622,47.5014],[24.4281,47.511],[24.3896,47.5359],[24.4034,47.5588],[24.4473,47.534],[24.4611,47.4957],[24.4116,47.4842],[24.4061,47.4306],[24.4363,47.4574],[24.4611,47.4402],[24.4611,47.4708],[24.5078,47.4574],[24.4913,47.4325],[24.5023,47.4115],[24.4281,47.3828],[24.4254,47.3464],[24.4611,47.3464],[24.4885,47.3923],[24.4858,47.3502],[24.5242,47.3464],[24.5132,47.3674],[24.5792,47.3828],[24.5819,47.4115],[24.5956,47.3885],[24.5654,47.3655],[24.5517,47.3177],[24.5242,47.3139],[24.5627,47.2909],[24.6286,47.3426],[24.6259,47.3598],[24.6561,47.3694],[24.6506,47.4038],[24.678,47.4019],[24.6725,47.3789],[24.7,47.3617],[24.7467,47.3808],[24.7549,47.4115],[24.7357,47.4631],[24.7852,47.3885],[24.8016,47.3904],[24.8181,47.4325],[24.8236,47.3962],[24.9719,47.4363],[24.9115,47.4076],[24.9225,47.3904],[24.9033,47.3808],[24.8483,47.3885],[24.8428,47.356],[24.8099,47.3368],[24.8511,47.3502],[24.9417,47.3311],[24.9609,47.3502],[25.0323,47.2947],[24.9664,47.31],[24.884,47.2966],[24.8346,47.3292],[24.8373,47.3081],[24.7852,47.3119],[24.7247,47.2813],[24.8538,47.2737],[24.8923,47.222],[24.8401,47.266],[24.7906,47.2469],[24.7247,47.2622],[24.6863,47.2354],[24.7028,47.2029],[24.8428,47.2143],[24.8428,47.1818],[24.8813,47.1646],[24.8785,47.1493],[24.8099,47.1588],[24.8456,47.1167],[24.711,47.1378],[24.7275,47.1072],[24.7,47.0938],[24.7275,47.0708],[24.7028,47.0651],[24.7055,47.0363],[24.744,47.0287],[24.711,47.0057],[24.7275,46.9847],[24.7165,46.9694],[24.7522,46.9579],[24.744,46.9368],[24.8648,46.9426],[24.8703,46.9751],[24.9033,46.9311],[24.9225,46.9502],[24.9472,46.9521],[24.9527,46.9349],[25.0323,46.956],[25.0461,46.9445],[25.0186,46.9273],[25.0543,46.9005],[25.0955,46.9139],[25.112,46.9483],[25.1312,46.9273],[25.285,46.9119],[25.3015,46.8909],[25.3455,46.9311],[25.4114,46.9234],[25.4004,46.889],[25.4828,46.8124],[25.4718,46.7952],[25.5212,46.7703],[25.5267,46.6957],[25.5844,46.6804],[25.6256,46.577],[25.6586,46.5674],[25.5927,46.5502],[25.5377,46.5885],[25.4004,46.6096],[25.3784,46.644],[25.4031,46.7129],[25.3922,46.8201],[25.3098,46.8469],[25.2905,46.8813],[25.2246,46.8775],[25.2109,46.9005],[25.1395,46.9043],[25.0928,46.889],[25.1202,46.8718],[25.0873,46.8718],[25.0845,46.8373],[25.0681,46.8813],[25.0131,46.91],[24.9911,46.8871],[24.9307,46.8985],[24.9225,46.8182],[24.9637,46.7933],[24.9609,46.7703],[24.9994,46.7741],[24.9857,46.7378],[25.0681,46.7033],[25.1422,46.7033],[25.1065,46.6842],[24.9774,46.6842],[24.9747,46.6574],[24.9527,46.6497],[24.9664,46.6191],[25.0516,46.6363],[25.0433,46.6],[25.0763,46.5789],[25.1065,46.5847],[25.0928,46.5617],[25.1175,46.5674],[25.1147,46.5426],[25.2246,46.5139],[25.1697,46.4966],[25.1642,46.4794],[25.2191,46.4201],[25.2301,46.3799],[25.1422,46.399],[25.134,46.3703],[25.2109,46.3512],[25.2686,46.3588],[25.2521,46.3263],[25.296,46.332],[25.3098,46.3512],[25.3482,46.3397],[25.3894,46.4105],[25.3839,46.422],[25.3372,46.4296],[25.318,46.443],[25.3647,46.4545],[25.4059,46.4373],[25.491,46.4756],[25.4718,46.3895],[25.4031,46.3512],[25.4169,46.2976],[25.4498,46.3359],[25.4883,46.3091],[25.4663,46.2249],[25.5048,46.2497],[25.5185,46.2344],[25.5817,46.2383],[25.5515,46.2115],[25.5487,46.1636],[25.5734,46.1617],[25.5542,46.133],[25.5872,46.133],[25.6366,46.1942],[25.6778,46.1196],[25.6668,46.0909],[25.708,46.1158],[25.8069,46.0469],[25.8453,46.0641],[25.8701,46.1119],[25.8398,46.1292],[25.8261,46.1904],[25.7904,46.2344],[25.8041,46.2536],[25.7108,46.3091],[25.7135,46.4009],[25.6833,46.4756],[25.6998,46.5043],[25.7849,46.51],[25.7602,46.5368],[25.8069,46.5273],[25.8096,46.4488],[25.7877,46.4182],[25.8481,46.445],[25.8563,46.4143],[25.8398,46.3569],[25.8646,46.3167],[25.8316,46.3072],[25.8701,46.2957],[25.8591,46.2804],[25.9085,46.2497],[25.9772,46.2785],[25.9607,46.2536],[25.9717,46.1866],[25.9579,46.11],[25.9415,46.089],[25.903,46.1043],[25.8618,46.0794],[25.8646,46.0469],[25.9058,46.0296],[25.8563,45.9799],[25.8948,45.9052],[25.8865,45.8727],[25.9222,45.8861],[25.9415,45.8689],[25.9799,45.9627],[26.0156,45.9646],[25.9937,45.9914],[25.9607,45.9837],[25.947,46.0048],[25.9937,46.0029],[25.9937,46.0335],[26.0239,46.0067],[26.0458,46.022],[26.0925,46.0143],[26.12,46.0411],[26.1035,46.066],[26.0678,46.066],[26.0843,46.0756],[26.0513,46.0928],[26.0678,46.1081],[26.0184,46.1043],[26.0101,46.1253],[26.0486,46.1674],[26.0788,46.1694],[26.076,46.1847],[26.131,46.1885],[26.12,46.1407],[26.1392,46.1273],[26.1008,46.1234],[26.0925,46.0985],[26.1502,46.0794],[26.153,46.0354],[26.2134,46.0679],[26.2848,46.0354],[26.304,46.0526],[26.3205,46.0009],[26.3507,46.0124],[26.3562,45.9761],[26.3205,45.955],[26.2903,45.8976],[26.2985,45.8478],[26.2189,45.8517],[26.2381,45.8363],[26.2244,45.8134],[26.2381,45.7674],[26.2024,45.7713],[26.1749,45.7426],[26.1887,45.7273],[26.1667,45.7005],[26.1722,45.6698],[26.142,45.6564],[26.1337,45.6871],[26.0568,45.6794],[26.0706,45.6603],[26.1118,45.6564],[26.0925,45.6048],[26.109,45.5684],[26.1557,45.5684],[26.142,45.5378],[26.1722,45.5033],[26.1914,45.5052],[26.2161,45.4555],[26.2546,45.4574],[26.2601,45.4344],[26.2958,45.4497],[26.282,45.421],[26.3095,45.3981],[26.3727,45.4249],[26.3919,45.4038],[26.4221,45.4383],[26.3727,45.4861],[26.4056,45.488],[26.4413,45.4612],[26.488,45.4842],[26.5128,45.5206],[26.499,45.4708],[26.4716,45.4612],[26.4496,45.3981],[26.4221,45.3751],[26.3287,45.3694],[26.4056,45.3502],[26.4551,45.3617],[26.4853,45.4076],[26.532,45.4115],[26.5128,45.4478],[26.5347,45.4804],[26.5485,45.4727],[26.5402,45.4459],[26.5704,45.4344],[26.6006,45.4574],[26.5924,45.4708],[26.6309,45.4823],[26.7023,45.4689],[26.7023,45.4842],[26.6556,45.4957],[26.6858,45.5129],[26.6748,45.5435],[26.7105,45.5474],[26.7325,45.5895],[26.7105,45.6258],[26.6116,45.6143],[26.6748,45.643],[26.6721,45.6852],[26.6885,45.6909],[26.6501,45.7273],[26.6281,45.7119],[26.5814,45.7215],[26.6364,45.7694],[26.6281,45.8115],[26.5842,45.8019],[26.6254,45.8363],[26.5649,45.8804],[26.4578,45.8689],[26.4853,45.8957],[26.5512,45.8976],[26.5292,45.9301],[26.5375,45.934],[26.6034,45.8995],[26.6034,45.8746],[26.6501,45.8631],[26.6116,45.934],[26.6144,46.0029],[26.5265,45.999],[26.5622,46.0201],[26.543,46.043],[26.5512,46.0584],[26.5265,46.043],[26.4963,46.0947],[26.488,46.0469],[26.4194,46.0392],[26.3809,45.9665],[26.3864,46.0392],[26.4688,46.1292],[26.4578,46.1407],[26.4441,46.1119],[26.4001,46.1024],[26.3919,46.1655],[26.4249,46.1904],[26.3919,46.1942],[26.4496,46.2153],[26.4304,46.2325],[26.3837,46.221],[26.4001,46.2497],[26.3617,46.221],[26.3068,46.2631],[26.2793,46.244],[26.2766,46.2746],[26.2354,46.2708],[26.2573,46.2918],[26.3123,46.2746],[26.3864,46.2842],[26.3672,46.3244],[26.3782,46.3512],[26.3535,46.3665],[26.3315,46.3397],[26.2875,46.332],[26.3287,46.3703],[26.1942,46.3895],[26.2134,46.4086],[26.1804,46.4258],[26.1777,46.4469],[26.131,46.4622],[26.1145,46.4373],[26.0953,46.4966],[26.0431,46.5292],[26.1365,46.4775],[26.1832,46.4737],[26.2134,46.4947],[26.2134,46.4641],[26.293,46.4029],[26.3535,46.3971],[26.3672,46.4105],[26.337,46.4411],[26.3452,46.4832],[26.315,46.5024],[26.3562,46.5043],[26.3947,46.4258],[26.4359,46.4182],[26.4249,46.4545],[26.4441,46.4794],[26.4194,46.4909],[26.4386,46.5024],[26.4166,46.5062],[26.4056,46.5674],[26.3837,46.5732],[26.4166,46.5828],[26.4139,46.6057],[26.3864,46.6153],[26.3644,46.6],[26.3589,46.6191],[26.326,46.6229],[26.337,46.6517],[26.315,46.6517],[26.3205,46.6708],[26.3013,46.6765],[26.3617,46.6918],[26.2958,46.7033],[26.3315,46.7244],[26.2628,46.7416],[26.282,46.7588],[26.2601,46.7722],[26.293,46.7818],[26.2985,46.8124],[26.2766,46.8162],[26.2628,46.7952],[26.2354,46.8048],[26.2271,46.7818],[26.1887,46.8258],[26.153,46.8162],[26.1722,46.799],[26.153,46.7588],[26.1777,46.7531],[26.1612,46.732],[26.1914,46.711],[26.1996,46.6631],[26.1392,46.7301],[26.1063,46.7263],[26.1227,46.7454],[26.0953,46.7531],[26.1255,46.7607],[26.1255,46.799],[26.087,46.8373],[26.0458,46.8277],[26.0403,46.7933],[26.0184,46.822],[25.9717,46.7952],[25.9497,46.8048],[25.9113,46.7684],[25.9085,46.7186],[25.8948,46.7607],[25.8398,46.7646],[25.903,46.7971],[25.8536,46.8373],[25.9277,46.8124],[25.9717,46.8373],[25.9717,46.8564],[25.9882,46.8373],[26.0266,46.8679],[26.0596,46.8526],[26.0651,46.8794],[26.0074,46.889],[26.0568,46.9043],[26.0101,46.9158],[26.0266,46.933],[26.0074,46.9426],[26.0294,46.954],[26.0101,46.977],[25.9964,46.9598],[25.9497,46.9732],[25.903,46.9445],[25.9332,46.9828],[25.9085,46.9923],[25.8371,46.9234],[25.8481,46.8947],[25.8234,46.9119],[25.7712,46.9024],[25.741,46.8603],[25.7245,46.8775],[25.752,46.9043],[25.697,46.9158],[25.6558,46.9483],[25.7877,46.9177],[25.8701,46.9789],[25.8151,47.0057],[25.881,46.9981],[25.8673,47.0249],[25.9003,47.0115],[25.9442,47.0344],[25.8865,47.0785],[25.8261,47.0555],[25.8563,47.0861],[25.8014,47.088],[25.8041,47.1072],[25.7767,47.1225],[25.7465,47.1072],[25.7657,47.1397],[25.7108,47.1818],[25.6833,47.1531],[25.6888,47.1895],[25.6311,47.245],[25.708,47.2143],[25.719,47.1933],[25.7602,47.2162],[25.7547,47.1837],[25.7794,47.1493],[25.8371,47.1684],[25.8069,47.1301],[25.8646,47.1301],[25.8618,47.1148],[25.9552,47.0555],[25.9854,47.0631],[25.9772,47.1052],[26.0101,47.1072],[26.0211,47.0497],[25.9827,47.0115],[26.0211,47.0229],[26.0568,47.0823],[26.0733,47.0708],[26.0596,47.0536],[26.0815,47.0402],[26.0596,47.0249],[26.1008,47.0153],[26.0706,46.9904],[26.1227,46.9847],[26.1063,46.954],[26.1282,46.9464],[26.1255,46.9139],[26.1859,46.8909],[26.1914,46.9196],[26.1639,46.9387],[26.2326,46.9502],[26.1749,46.9694],[26.1639,46.9885],[26.1887,46.977],[26.2134,47.0],[26.1832,47.021],[26.2106,47.0421],[26.1859,47.0555],[26.153,47.0363],[26.1365,47.0555],[26.1557,47.0593],[26.1447,47.0785],[26.2436,47.0708],[26.2491,47.1072],[26.2189,47.0861],[26.1942,47.0957],[26.2134,47.1072],[26.2106,47.1397],[26.1804,47.1091],[26.1365,47.1186],[26.1557,47.1454],[26.1035,47.134],[26.1282,47.1684],[26.098,47.1493],[26.0788,47.1646],[26.0623,47.1225],[25.9991,47.1531],[26.0486,47.155],[26.0458,47.1933],[25.9882,47.2239],[26.0733,47.2162],[26.087,47.1971],[26.1557,47.2124],[26.098,47.2239],[26.0953,47.2488],[26.0458,47.2488],[26.0623,47.289],[25.9882,47.2584],[25.9937,47.2871],[26.0458,47.3273],[25.9991,47.3215],[25.9909,47.289],[25.9497,47.2832],[25.9552,47.2545],[25.9003,47.266],[25.936,47.2871],[25.9525,47.3426],[26.0019,47.3636],[25.9332,47.3598],[25.9167,47.3196],[25.9003,47.3464],[25.8783,47.3407],[25.881,47.3674],[25.8481,47.3962],[25.8728,47.3942],[25.8701,47.4115],[25.9332,47.4019],[25.903,47.4593],[25.903,47.4249],[25.8618,47.4306],[25.8426,47.467],[25.8124,47.4517],[25.8179,47.4287],[25.8508,47.4134],[25.8124,47.4076],[25.8344,47.3866],[25.8289,47.3694],[25.8536,47.3311],[25.8481,47.3215],[25.7822,47.4],[25.7629,47.3674],[25.7932,47.3311],[25.7382,47.3445],[25.7437,47.3674],[25.7217,47.377],[25.7465,47.3923],[25.6915,47.3904],[25.697,47.4095],[25.6668,47.421],[25.7272,47.4249],[25.7135,47.4421],[25.7465,47.4421],[25.7657,47.4631],[25.7355,47.4708],[25.7602,47.488],[25.741,47.5072],[25.7245,47.5072],[25.7272,47.4746],[25.6888,47.4727],[25.6888,47.4938],[25.6641,47.4957],[25.6531,47.4536],[25.6229,47.444],[25.6009,47.4631],[25.5652,47.4459],[25.5762,47.4708],[25.5322,47.4938],[25.4718,47.4746],[25.4169,47.4938],[25.491,47.4995],[25.4608,47.534],[25.5597,47.5148],[25.6119,47.4842],[25.6476,47.5052],[25.6311,47.532],[25.5762,47.5531],[25.5872,47.5722],[25.5734,47.5837],[25.535,47.578],[25.5103,47.6009],[25.4993,47.6354],[25.5295,47.6277],[25.5267,47.6526],[25.4773,47.6469],[25.4581,47.6775],[25.513,47.6718],[25.524,47.6851],[25.4745,47.7311],[25.4993,47.7292],[25.5405,47.6871],[25.5679,47.6966],[25.5542,47.6584],[25.5789,47.6392],[25.5899,47.6622],[25.5981,47.6641],[25.5899,47.6316],[25.6146,47.6048],[25.6531,47.6316],[25.6393,47.5895],[25.6943,47.6143],[25.675,47.5837],[25.697,47.5473],[25.7108,47.5818],[25.7272,47.5818],[25.741,47.555],[25.7629,47.5703],[25.7822,47.5531],[25.7822,47.5282],[25.8206,47.5301],[25.7465,47.6488],[25.7986,47.6335],[25.8014,47.6507],[25.7657,47.6718],[25.7932,47.6775],[25.7904,47.6985],[25.7574,47.7024],[25.7547,47.6832],[25.7108,47.7234],[25.6998,47.7043],[25.6641,47.71],[25.6448,47.7368],[25.6805,47.7406],[25.6531,47.7598],[25.6696,47.7942],[25.6943,47.7962],[25.6696,47.8172],[25.6531,47.8],[25.6229,47.8229],[25.6339,47.777],[25.5954,47.777],[25.5872,47.8172],[25.5377,47.7942],[25.5295,47.8095],[25.5624,47.8325],[25.5542,47.8765],[25.524,47.8536],[25.4773,47.8727],[25.4636,47.8536],[25.4828,47.8363],[25.4416,47.8536],[25.4498,47.8191],[25.4224,47.8172],[25.3922,47.777],[25.3674,47.7866],[25.3922,47.7885],[25.4196,47.8459],[25.3125,47.8325],[25.3015,47.8536],[25.2328,47.8689],[25.2136,47.844],[25.2165,47.8541],[25.2218,47.8586],[25.2275,47.8726],[25.2905,47.8708],[25.3427,47.8459],[25.3839,47.8536],[25.3674,47.8784],[25.4141,47.867],[25.4333,47.8842],[25.3894,47.9129],[25.4279,47.9033],[25.4388,47.911],[25.4228,47.9251],[25.4592,47.9287],[25.48,47.9206],[25.4938,47.8995],[25.5185,47.9244],[25.5071,47.9333],[25.5923,47.9384],[25.6255,47.9488],[25.674,47.9458],[25.6888,47.9397],[25.5789,47.8957],[25.7492,47.8363],[25.7492,47.8038],[25.7822,47.7885],[25.7629,47.7598],[25.8426,47.7406],[25.8371,47.666],[25.8618,47.6526],[25.8481,47.622],[25.8838,47.6086],[25.9195,47.5627],[25.9442,47.5856],[25.9497,47.5684],[26.0184,47.5531],[26.0458,47.5072],[26.0431,47.4918],[26.0019,47.4918],[25.9579,47.5206],[25.8838,47.5206],[25.8536,47.5014],[25.914,47.511],[25.9525,47.4899],[26.0101,47.4383],[25.9964,47.3981],[26.0486,47.3962],[26.0376,47.3674],[26.0843,47.3828],[26.1859,47.3426],[26.12,47.3311],[26.1337,47.3081],[26.1749,47.3005],[26.1694,47.2832],[26.2326,47.2794],[26.3068,47.2086],[26.3095,47.1933],[26.2875,47.1914],[26.2079,47.2201],[26.2244,47.1914],[26.1996,47.1741],[26.2793,47.1435],[26.2683,47.1244],[26.2875,47.0746],[26.337,47.0478],[26.326,47.0325],[26.3562,46.9502],[26.3287,46.9234],[26.3452,46.9005],[26.2738,46.9139],[26.2711,46.8947],[26.1639,46.8679],[26.1612,46.8373],[26.1282,46.8392],[26.0925,46.8718],[26.076,46.8488],[26.098,46.8526],[26.1337,46.8239],[26.2079,46.8411],[26.2189,46.8698],[26.293,46.8545],[26.315,46.8679],[26.3342,46.8392],[26.348,46.8698],[26.3754,46.8469],[26.3699,46.8143],[26.3864,46.799],[26.348,46.7799],[26.4249,46.7684],[26.3562,46.7454],[26.4001,46.7474],[26.4084,46.732],[26.4359,46.7435],[26.4523,46.7148],[26.4221,46.7129],[26.4633,46.6899],[26.4386,46.6593],[26.4633,46.6612],[26.4661,46.6287],[26.5045,46.6172],[26.4578,46.6153],[26.4716,46.6019],[26.4496,46.5847],[26.4853,46.5885],[26.4633,46.5674],[26.5485,46.5502],[26.5402,46.5311],[26.5073,46.5311],[26.532,46.5139],[26.5128,46.4832],[26.5265,46.4698],[26.51,46.4411],[26.4743,46.4335],[26.4853,46.4105],[26.4468,46.399],[26.4331,46.3722],[26.4001,46.3895],[26.3699,46.3741],[26.4468,46.3397],[26.4496,46.3129],[26.4221,46.3072],[26.4029,46.2746],[26.4716,46.288],[26.4633,46.2765],[26.488,46.267],[26.4633,46.2459],[26.4908,46.2402],[26.4825,46.2229],[26.5347,46.2421],[26.5292,46.2249],[26.5842,46.2057],[26.5073,46.1847],[26.4743,46.156],[26.5924,46.1885],[26.6281,46.1713],[26.4853,46.1234],[26.4496,46.0718],[26.5292,46.1349],[26.5704,46.1253],[26.5594,46.0928],[26.6061,46.1177],[26.6089,46.0947],[26.6501,46.0622],[26.6226,46.0258],[26.7188,46.0258],[26.7215,46.0029],[26.6885,45.9952],[26.7133,45.9818],[26.6885,45.9761],[26.6721,45.9416],[26.7297,45.9665],[26.7627,45.9435],[26.7435,45.9206],[26.7764,45.9129],[26.7984,45.8785],[26.8121,45.844],[26.7792,45.8344],[26.7847,45.8153],[26.6968,45.8785],[26.6638,45.8421],[26.716,45.8497],[26.7435,45.8249],[26.683,45.8325],[26.6858,45.7904],[26.7325,45.7808],[26.7023,45.7579],[26.7325,45.7541],[26.727,45.7387],[26.7627,45.7426],[26.7133,45.7062],[26.7709,45.71],[26.7984,45.7426],[26.8423,45.7177],[26.8011,45.6756],[26.8066,45.6622],[26.8671,45.7139],[26.9083,45.6679],[26.8808,45.6603],[26.9,45.6411],[26.8588,45.6296],[26.889,45.6124],[26.8533,45.599],[26.8698,45.5875],[26.8561,45.5799],[26.8698,45.5474],[26.8451,45.5512],[26.8643,45.511],[26.7764,45.5052],[26.8259,45.488],[26.8286,45.4536],[26.8011,45.4497],[26.8286,45.3942],[26.7957,45.3962],[26.8039,45.4249],[26.749,45.4536],[26.7462,45.4172],[26.6281,45.444],[26.6034,45.4172],[26.7133,45.3981],[26.6913,45.3942],[26.6913,45.3655],[26.6666,45.356],[26.6583,45.3713],[26.6171,45.3426],[26.6089,45.3923],[26.4716,45.3387],[26.4551,45.3196],[26.4771,45.3119],[26.4468,45.289],[26.4716,45.2622],[26.4578,45.2335],[26.4798,45.2086],[26.4386,45.2029],[26.4304,45.222],[26.4056,45.1933],[26.3974,45.2411],[26.4221,45.2641],[26.3809,45.2698],[26.4056,45.3215],[26.3589,45.2966],[26.3123,45.356],[26.348,45.3923],[26.293,45.3885],[26.2903,45.3502],[26.3123,45.3349],[26.2958,45.3119],[26.3315,45.2756],[26.2903,45.2641],[26.3287,45.2354],[26.337,45.2009],[26.2683,45.2182],[26.2546,45.2622],[26.2134,45.2928],[26.2381,45.2488],[26.1859,45.2698],[26.153,45.2354],[26.2189,45.243],[26.2436,45.2105],[26.1502,45.1875],[26.153,45.1569],[26.0953,45.1531],[26.0788,45.1282],[26.0651,45.1474],[26.1008,45.2105],[26.0541,45.2067],[26.0486,45.1895],[26.0156,45.2277],[26.0046,45.1454],[25.9827,45.1741],[25.9497,45.1665],[25.9552,45.2009],[25.9195,45.1608],[25.8728,45.1684],[25.8728,45.1512],[25.8261,45.1454],[25.881,45.1282],[25.8563,45.1167],[25.8563,45.0631],[25.8289,45.0727],[25.8069,45.0574],[25.7822,45.1129],[25.7574,45.1186],[25.7492,45.0823],[25.6833,45.111],[25.7327,45.0191],[25.6256,45.0919],[25.6284,45.067],[25.5762,45.067],[25.5542,45.0861],[25.5295,45.0708],[25.546,45.0344],[25.4855,45.0363],[25.4745,45.0268],[25.4883,45.0172],[25.4663,45.0076],[25.4471,45.0497],[25.4718,45.067],[25.4306,45.0536],[25.4306,45.0689],[25.4526,45.0823],[25.4498,45.0919],[25.4004,45.0785],[25.4086,45.0517],[25.3867,45.0383],[25.3674,45.0555],[25.3372,45.0478],[25.3537,44.977],[25.307,44.9541],[25.2905,45.0191],[25.318,45.0268],[25.3043,45.0459],[25.34,45.067],[25.2466,45.0383],[25.2164,45.0919],[25.2054,45.023],[25.2328,44.9732],[25.2081,44.9541],[25.1862,44.9751],[25.1779,44.9349],[25.1642,44.9579],[25.1477,44.9502],[25.1505,44.9828],[25.0928,44.9387],[25.0681,44.9541],[25.1038,45.0115],[25.112,45.0746],[25.0708,44.9962],[25.0296,44.977],[25.0131,44.9866],[25.0626,45.0765],[25.0076,45.0746],[25.0076,45.1301],[24.9774,45.1186],[24.9911,45.0306],[24.9637,45.0115],[24.9719,45.0325],[24.9472,45.0421],[24.9335,45.1531],[24.8978,45.1225],[24.9252,44.9942],[24.8923,45.0],[24.8923,45.0363],[24.873,45.0268],[24.8593,45.0555],[24.8621,45.1474],[24.8291,45.1684],[24.8318,45.0325],[24.8511,44.977],[24.8209,44.9732],[24.7989,44.9445],[24.8126,45.0402],[24.7852,45.1416],[24.7714,45.1454],[24.7797,45.1052],[24.7549,45.1052],[24.7769,45.0689],[24.7714,45.0096],[24.733,45.021],[24.7549,44.9885],[24.7467,44.9808],[24.6835,45.0402],[24.689,45.1129],[24.7083,45.1263],[24.6835,45.1225],[24.6561,45.1684],[24.6561,45.1263],[24.6231,45.1206],[24.6506,45.1052],[24.6533,45.0804],[24.6149,45.0995],[24.6396,45.0306],[24.6313,45.0057],[24.6011,44.9962],[24.6643,44.9541],[24.6368,44.9541],[24.6286,44.9253],[24.6011,44.9407],[24.6011,44.9196],[24.5023,44.9253],[24.5627,44.9713],[24.5682,45.0249],[24.6011,45.0306],[24.5984,45.0497],[24.5709,45.0517],[24.5929,45.0612],[24.5792,45.0861],[24.5956,45.0938],[24.5654,45.1186],[24.5599,45.1569],[24.5544,45.1646],[24.5462,45.1665],[24.5297,45.1282],[24.549,45.0899],[24.5105,45.1052],[24.527,45.0765],[24.516,45.067],[24.4775,45.1091],[24.4034,45.132],[24.3924,45.1684],[24.4528,45.199],[24.4418,45.2163],[24.3402,45.2009],[24.2935,45.2373],[24.2853,45.266],[24.3155,45.3081],[24.3512,45.3043],[24.3265,45.3253],[24.3787,45.3502],[24.3649,45.3694],[24.3045,45.3579],[24.3018,45.4],[24.3375,45.4096],[24.3127,45.4172],[24.2578,45.5033],[24.2743,45.5569],[24.4034,45.6009],[24.3924,45.6163],[24.4171,45.6277],[24.7083,45.6871],[24.9911,45.6909],[25.0708,45.7062],[25.0818,45.7349],[25.0818,45.7119],[25.1285,45.689],[25.1999,45.6813],[25.1834,45.7081],[25.2136,45.7139],[25.2109,45.7349],[25.2576,45.7904],[25.2576,45.8689],[25.3345,45.9263],[25.3839,45.9052],[25.3894,45.9493],[25.4471,45.9569],[25.3757,45.9703],[25.285,45.9493],[25.3839,46.0373],[25.351,46.0335],[25.296,45.9856],[25.2823,45.9933],[25.318,46.066],[25.4086,46.1196],[25.3867,46.1311],[25.3949,46.1617],[25.3867,46.1674],[25.3757,46.1158],[25.3015,46.0813],[25.274,46.043],[25.2246,46.0603],[25.2603,46.0354],[25.2686,45.9799],[25.2246,46.0009],[25.2301,45.9761],[25.1917,45.9799],[25.1862,45.9588],[25.1175,45.9435],[25.2521,45.9646],[25.2493,45.932],[25.2658,45.9244],[25.2438,45.9052],[25.1779,45.911],[25.2219,45.8918],[25.2136,45.8727],[25.1752,45.8804],[25.1889,45.8651],[25.145,45.8612],[25.0983,45.8804],[25.0598,45.8651],[25.1807,45.8459],[25.1779,45.8191],[25.0763,45.8153],[25.0653,45.8363],[25.0186,45.8631],[24.9911,45.867],[24.95,45.8459],[25.0214,45.8555],[25.0543,45.8344],[25.0543,45.7942],[24.95,45.8153],[24.9472,45.7885],[24.8621,45.7751],[24.873,45.7981],[24.9088,45.8],[24.917,45.8249],[24.8401,45.7962],[24.8813,45.8478],[24.8648,45.8708],[24.8593,45.844],[24.8291,45.8402],[24.8236,45.8804],[24.7879,45.8612],[24.8126,45.7598],[24.7083,45.7426],[24.6533,45.7541],[24.6835,45.7847],[24.7302,45.7636],[24.7165,45.7847],[24.7412,45.7962],[24.7028,45.7981],[24.7495,45.8153],[24.7549,45.8478],[24.7385,45.8517],[24.7137,45.8153],[24.6808,45.8517],[24.678,45.8038],[24.6396,45.8363],[24.6506,45.7847],[24.6204,45.7751],[24.6039,45.8651],[24.6259,45.8708],[24.6066,45.8765],[24.6945,45.9014],[24.7906,45.8899],[24.7055,45.9148],[24.7275,45.9397],[24.7028,45.934],[24.6863,45.9033],[24.6478,45.9091],[24.7302,45.9646],[24.7769,45.9741],[24.7961,45.9588],[24.8071,45.999],[24.8401,46.0029],[24.8538,45.978],[24.8676,45.9761],[24.8264,46.0163],[24.6835,45.9703],[24.689,45.9531],[24.6698,45.9435],[24.6368,45.9703],[24.6588,45.934],[24.6423,45.9225],[24.5874,45.9301],[24.5901,45.9167],[24.5874,45.911],[24.5737,45.9531],[24.5682,45.9072],[24.5132,45.9818],[24.5132,45.9397],[24.5517,45.888],[24.4858,45.9052],[24.505,45.9225],[24.4693,45.9741],[24.4666,45.9474],[24.4446,45.9454],[24.4693,45.9244],[24.4391,45.9263],[24.4556,45.9052],[24.4391,45.8957],[24.4418,45.8651],[24.4254,45.8689],[24.4171,45.9091],[24.3979,45.8823],[24.3594,45.8785],[24.4308,45.8402],[24.4226,45.8268],[24.3787,45.8325],[24.4061,45.8172],[24.3842,45.8019],[24.4171,45.7847],[24.3759,45.7655],[24.3512,45.7962],[24.3539,45.7598],[24.332,45.7579],[24.3567,45.8459],[24.3265,45.8459],[24.3265,45.8287],[24.299,45.8363],[24.3045,45.8115],[24.2743,45.8229],[24.288,45.7789],[24.2523,45.7981],[24.2496,45.7713],[24.2743,45.756],[24.2358,45.756],[24.2606,45.7292],[24.2001,45.7426],[24.2001,45.7713],[24.1782,45.7636],[24.2001,45.8019],[24.115,45.8057],[24.1205,45.8363],[24.1727,45.8134],[24.2001,45.8363],[24.1699,45.8459],[24.2194,45.8593],[24.1782,45.911],[24.2166,45.911],[24.2139,45.8976],[24.2496,45.8861],[24.2468,45.8689],[24.2661,45.8823],[24.288,45.8689],[24.3842,45.9167],[24.3924,45.9435],[24.4144,45.9454],[24.4061,45.9665],[24.4528,45.9875],[24.4583,46.0124],[24.5627,46.0392],[24.5572,46.0564],[24.5792,46.0756],[24.6094,46.0277],[24.6039,46.0679],[24.6259,46.0775],[24.6341,46.0411],[24.6671,46.0258],[24.6506,46.0622],[24.6671,46.0871],[24.6918,46.0469],[24.7137,46.045],[24.7028,46.0718],[24.744,46.0679],[24.7275,46.1062],[24.7467,46.1407],[24.7467,46.0985],[24.8209,46.045],[24.8703,46.0545],[24.8895,46.0775],[24.8346,46.0622],[24.8318,46.0813],[24.7906,46.1024],[24.7852,46.1349],[24.8044,46.1253],[24.8346,46.154],[24.9582,46.156],[24.9252,46.1081],[24.9582,46.1119],[24.9609,46.0928],[25.0214,46.0756],[25.0296,46.0928],[24.9747,46.1292],[24.9911,46.1521],[25.0296,46.1407],[25.0049,46.1598],[25.0159,46.1847],[25.0845,46.2115],[25.1065,46.1904],[25.2328,46.177],[25.2795,46.1981],[25.2933,46.2363],[25.3317,46.2612],[25.285,46.2536],[25.2631,46.2096],[25.1669,46.2],[25.0873,46.2363],[25.1147,46.2727],[25.1669,46.2938],[25.079,46.3033],[25.0763,46.2727],[25.0928,46.2612],[25.0571,46.2727],[25.0378,46.2536],[25.0214,46.267],[25.0378,46.2918],[25.0323,46.3148],[24.9692,46.2402],[24.9554,46.2478],[24.9664,46.288],[24.939,46.267],[24.9225,46.2918],[24.884,46.2727],[24.9142,46.2306],[24.873,46.2478],[24.8703,46.2153],[24.8373,46.2363],[24.8044,46.2057],[24.7824,46.2287],[24.7412,46.2153],[24.7522,46.2383],[24.7989,46.2402],[24.7852,46.2612],[24.8016,46.2689],[24.8071,46.2497],[24.8511,46.2536],[24.8099,46.2957],[24.873,46.3052],[24.8318,46.3301],[24.8868,46.334],[24.9115,46.3167],[24.917,46.3359],[24.9445,46.3206],[24.9582,46.3416],[25.0681,46.3856],[25.079,46.4009],[25.0406,46.4143],[25.0021,46.3684],[24.9005,46.378],[24.9527,46.399],[25.0159,46.3952],[25.0269,46.4086],[24.9966,46.4354],[24.9802,46.422],[24.9554,46.4373],[24.9857,46.4392],[25.0076,46.4851],[25.0406,46.5043],[25.0653,46.5081],[25.1038,46.4928],[25.1065,46.4966],[25.0681,46.5521],[25.0296,46.5139],[24.9582,46.5024],[24.95,46.4794],[24.9197,46.4718],[24.9115,46.489],[24.9335,46.4966],[24.9307,46.5177],[24.884,46.5139],[24.895,46.5407],[24.8593,46.5521],[24.8923,46.5598],[24.8895,46.577],[24.9252,46.6019],[24.8428,46.577],[24.8373,46.6153],[24.7549,46.6383],[24.9115,46.621],[24.8785,46.6383],[24.9142,46.6459],[24.8923,46.6593],[24.9005,46.6785],[24.8291,46.688],[24.9554,46.7186],[24.8923,46.7244],[24.9005,46.7512],[24.8703,46.7244],[24.7769,46.7474],[24.8126,46.778],[24.8456,46.7741],[24.8346,46.7933],[24.8593,46.799],[24.8126,46.8124],[24.8538,46.8335],[24.8566,46.866],[24.9142,46.9139],[24.7742,46.8564],[24.7522,46.8718],[24.7659,46.8488],[24.7302,46.8124],[24.7165,46.822],[24.711,46.7952],[24.6643,46.8373],[24.711,46.9024],[24.6671,46.9005],[24.678,46.8832],[24.6506,46.8737]],[[25.7547,45.1206],[25.7547,45.1186],[25.7574,45.1186],[25.7547,45.1206]],[[26.8039,45.6067],[26.8066,45.6163],[26.7819,45.6239],[26.7764,45.6048],[26.8039,45.6067]],[[26.7957,45.5569],[26.7819,45.5454],[26.7984,45.5493],[26.7957,45.5569]],[[26.7627,45.6105],[26.7517,45.6048],[26.7654,45.6029],[26.7627,45.6105]],[[26.7462,45.6928],[26.7435,45.6928],[26.7462,45.6909],[26.7462,45.6928]],[[26.7352,45.4899],[26.7462,45.4861],[26.738,45.4938],[26.7352,45.4899]],[[26.7133,45.4842],[26.7215,45.4861],[26.7133,45.4918],[26.7133,45.4842]],[[26.6418,45.7636],[26.6473,45.7617],[26.6446,45.7674],[26.6418,45.7636]],[[26.5787,46.0335],[26.6089,46.0411],[26.6006,46.0756],[26.5704,46.0526],[26.5787,46.0335]],[[26.4771,46.51],[26.4743,46.51],[26.4771,46.5062],[26.4771,46.51]],[[26.4716,46.5368],[26.4441,46.5426],[26.4716,46.5158],[26.4716,46.5368]],[[26.4276,46.1464],[26.4413,46.1751],[26.4111,46.1521],[26.4276,46.1464]],[[26.304,46.9904],[26.2875,46.9942],[26.2875,46.9885],[26.2985,46.977],[26.304,46.9904]],[[26.2766,45.3349],[26.282,45.3273],[26.293,45.3368],[26.2766,45.3349]],[[25.9277,45.599],[25.8646,45.6201],[25.8865,45.5856],[25.7986,45.5646],[25.8481,45.5167],[25.8206,45.5148],[25.7684,45.5531],[25.7712,45.4938],[25.708,45.5435],[25.6174,45.5148],[25.6311,45.5397],[25.5542,45.5703],[25.5075,45.5493],[25.4828,45.5148],[25.4828,45.4995],[25.513,45.4995],[25.5075,45.4765],[25.4608,45.4842],[25.4471,45.4555],[25.3674,45.4497],[25.307,45.4823],[25.2795,45.5072],[25.329,45.5091],[25.3427,45.5378],[25.3098,45.5225],[25.2548,45.5971],[25.1367,45.6316],[25.0598,45.6086],[24.9911,45.6201],[24.8895,45.6029],[24.8538,45.6182],[24.6396,45.6201],[24.3292,45.555],[24.2908,45.5378],[24.2743,45.5033],[24.288,45.4785],[24.321,45.4861],[24.2935,45.4612],[24.3045,45.4459],[24.3402,45.4574],[24.3402,45.4421],[24.3622,45.4421],[24.3787,45.467],[24.3787,45.444],[24.4089,45.4325],[24.3539,45.4172],[24.4061,45.3828],[24.4336,45.3215],[24.4199,45.3024],[24.4583,45.2756],[24.4418,45.2584],[24.472,45.2182],[24.505,45.2163],[24.4858,45.2737],[24.5105,45.2909],[24.5462,45.2641],[24.5325,45.2545],[24.5407,45.2163],[24.6341,45.2105],[24.6231,45.2488],[24.5929,45.2545],[24.5929,45.2737],[24.6341,45.2909],[24.7083,45.2603],[24.6753,45.2354],[24.6753,45.2067],[24.7522,45.1856],[24.7385,45.2526],[24.7906,45.2794],[24.7824,45.3119],[24.8016,45.3292],[24.8346,45.3081],[24.8126,45.289],[24.8209,45.2354],[24.8621,45.1837],[24.884,45.2029],[24.9115,45.1914],[24.8813,45.2718],[24.9142,45.243],[24.9527,45.2584],[24.9472,45.2871],[24.9994,45.2622],[25.0681,45.2871],[25.0928,45.2469],[25.1175,45.2488],[25.1614,45.2143],[25.1532,45.3407],[25.1779,45.3407],[25.1752,45.2296],[25.2219,45.2124],[25.1971,45.1895],[25.2136,45.1856],[25.2081,45.1646],[25.2466,45.1512],[25.2274,45.1435],[25.3372,45.1397],[25.3564,45.155],[25.4004,45.134],[25.4196,45.1454],[25.4086,45.1914],[25.4388,45.1818],[25.4773,45.1971],[25.4608,45.1684],[25.48,45.1569],[25.4581,45.1397],[25.5267,45.1435],[25.6091,45.1914],[25.6064,45.2277],[25.6805,45.1856],[25.675,45.1608],[25.7025,45.1665],[25.7217,45.178],[25.7217,45.2201],[25.6943,45.2392],[25.7162,45.245],[25.7245,45.2794],[25.7382,45.2009],[25.7712,45.199],[25.7437,45.1761],[25.7877,45.1569],[25.8179,45.1684],[25.7986,45.1971],[25.8371,45.2009],[25.8426,45.2182],[25.9113,45.2086],[25.9305,45.2201],[25.9113,45.2354],[25.9634,45.2469],[25.9305,45.3119],[25.9744,45.2794],[26.0184,45.3177],[26.0349,45.3043],[26.0596,45.3196],[26.0596,45.2852],[26.0788,45.2698],[26.0596,45.2564],[26.1035,45.2469],[26.0925,45.2794],[26.131,45.2718],[26.1639,45.2985],[26.1035,45.31],[26.1612,45.3196],[26.1612,45.3387],[26.1969,45.3196],[26.2491,45.3311],[26.2244,45.3655],[26.2546,45.356],[26.2793,45.3808],[26.2408,45.3981],[26.2381,45.4268],[26.1392,45.3885],[26.2106,45.444],[26.1887,45.4555],[26.1832,45.4861],[26.1172,45.5282],[26.109,45.5627],[26.0349,45.555],[26.0129,45.578],[26.0019,45.5588],[26.0294,45.5359],[25.9909,45.5282],[25.9689,45.5569],[25.9717,45.6009],[25.9964,45.6048],[25.9937,45.6392],[26.0129,45.6488],[25.9937,45.6641],[26.0156,45.6737],[25.9799,45.7005],[25.9607,45.6871],[25.9634,45.6258],[25.9195,45.6603],[25.8755,45.6392],[25.9662,45.6124],[25.9277,45.599]],[[26.2738,45.3081],[26.2601,45.3062],[26.2766,45.2871],[26.2738,45.3081]],[[26.2766,46.8258],[26.2683,46.8507],[26.2683,46.8258],[26.2766,46.8258]],[[26.2299,47.0153],[26.2244,46.9828],[26.2573,46.9885],[26.2738,46.9694],[26.2711,47.0249],[26.2299,47.0153]],[[26.2518,45.8957],[26.2601,45.8899],[26.2628,45.8957],[26.2518,45.8957]],[[26.2436,46.9292],[26.2271,46.9368],[26.2408,46.9139],[26.2436,46.9292]],[[26.2134,46.9043],[26.2106,46.9043],[26.2134,46.8966],[26.2134,46.9043]],[[26.1475,45.2258],[26.1365,45.222],[26.153,45.2048],[26.1475,45.2258]],[[26.1337,46.8507],[26.1475,46.8526],[26.1365,46.8756],[26.1118,46.8737],[26.1337,46.8507]],[[26.1282,47.2488],[26.1255,47.2545],[26.1255,47.2507],[26.1282,47.2488]],[[26.1282,46.0775],[26.1282,46.0794],[26.12,46.0756],[26.1282,46.0775]],[[26.0486,46.9751],[26.0458,46.9808],[26.0458,46.977],[26.0486,46.9751]],[[26.0513,46.9732],[26.0513,46.9751],[26.0486,46.9751],[26.0513,46.9732]],[[26.0403,46.9808],[26.0431,46.9808],[26.0403,46.9828],[26.0403,46.9808]],[[26.0431,45.5895],[26.0321,45.5895],[26.0403,45.5837],[26.0431,45.5895]],[[25.914,45.8574],[25.9003,45.8574],[25.914,45.8497],[25.914,45.8574]],[[25.8975,45.6852],[25.9113,45.6852],[25.903,45.6947],[25.8975,45.6852]],[[25.8948,47.4804],[25.892,47.4804],[25.8975,47.4708],[25.8948,47.4804]],[[25.8618,45.1933],[25.8563,45.1933],[25.8618,45.1914],[25.8618,45.1933]],[[25.8398,47.5052],[25.8316,47.5052],[25.8398,47.5033],[25.8398,47.5052]],[[25.8261,47.5971],[25.7822,47.6258],[25.8069,47.6009],[25.8261,47.5971]],[[25.7053,45.8096],[25.7135,45.8497],[25.7465,45.867],[25.741,45.8976],[25.7959,45.8918],[25.8069,45.955],[25.7822,45.9359],[25.708,45.932],[25.6339,45.8459],[25.6503,45.8383],[25.6393,45.8096],[25.7053,45.8096]],[[25.7932,46.0086],[25.8041,46.0067],[25.7959,46.0182],[25.7932,46.0086]],[[25.7794,45.9531],[25.7822,45.9627],[25.7465,45.9895],[25.7355,45.9569],[25.7794,45.9531]],[[25.7053,45.6909],[25.7053,45.6871],[25.7547,45.6966],[25.7053,45.6909]],[[25.7327,47.4229],[25.7382,47.4172],[25.741,47.4229],[25.7327,47.4229]],[[25.5048,45.9799],[25.5624,45.9684],[25.524,45.8823],[25.5432,45.844],[25.5405,45.7923],[25.5872,45.7483],[25.5405,45.7158],[25.6091,45.6852],[25.6421,45.7005],[25.6668,45.6832],[25.6613,45.733],[25.5872,45.7751],[25.5597,45.8249],[25.5789,45.8459],[25.5734,45.9033],[25.5899,45.911],[25.5734,45.9186],[25.5899,45.9416],[25.5817,45.9875],[25.6339,46.022],[25.5899,46.0182],[25.5954,46.0564],[25.5597,46.0584],[25.5432,46.0029],[25.5048,45.9799]],[[25.6366,46.022],[25.6366,46.0239],[25.6339,46.0239],[25.6339,46.022],[25.6366,46.022]],[[25.6503,47.8517],[25.6531,47.8459],[25.6613,47.8536],[25.6503,47.8517]],[[25.6393,47.5512],[25.6339,47.5512],[25.6393,47.5473],[25.6393,47.5512]],[[25.5624,45.1454],[25.5515,45.1397],[25.5624,45.1263],[25.5624,45.1454]],[[25.5569,47.6105],[25.5322,47.6162],[25.5542,47.6029],[25.5569,47.6105]],[[25.5377,46.154],[25.4883,46.154],[25.4745,46.1368],[25.4993,46.1043],[25.5295,46.1119],[25.513,46.1426],[25.5377,46.154]],[[25.5185,46.1808],[25.5267,46.2115],[25.5157,46.2153],[25.5048,46.1866],[25.5185,46.1808]],[[25.5212,45.1244],[25.4718,45.1244],[25.5185,45.1206],[25.5212,45.1244]],[[25.502,45.9244],[25.5048,45.932],[25.4883,45.9397],[25.4855,45.9225],[25.502,45.9244]],[[25.3894,45.7579],[25.4059,45.7828],[25.4306,45.7655],[25.48,45.8115],[25.4691,45.8287],[25.4361,45.8096],[25.3839,45.8497],[25.3482,45.8249],[25.3894,45.8287],[25.3812,45.7962],[25.351,45.7904],[25.3894,45.7579]],[[25.4581,45.9206],[25.4718,45.9206],[25.4581,45.9282],[25.4581,45.9206]],[[25.4498,45.911],[25.4553,45.9033],[25.4608,45.9129],[25.4498,45.911]],[[25.4388,45.8574],[25.4581,45.8536],[25.4471,45.8689],[25.4141,45.8574],[25.4388,45.8574]],[[25.4416,46.2727],[25.351,46.2325],[25.3537,46.2191],[25.4059,46.2402],[25.4279,46.2287],[25.4416,46.2727]],[[25.4141,45.6622],[25.3262,45.6296],[25.3922,45.6277],[25.3839,45.6067],[25.4196,45.6335],[25.4141,45.6622]],[[25.3784,46.2995],[25.3757,46.2995],[25.3812,46.2957],[25.3784,46.2995]],[[25.3098,45.5493],[25.3784,45.5607],[25.3757,45.5952],[25.3345,45.6086],[25.3455,45.5895],[25.3125,45.5856],[25.3702,45.5646],[25.2988,45.5741],[25.2933,45.5646],[25.3098,45.5493]],[[25.351,45.6603],[25.34,45.6641],[25.351,45.6584],[25.351,45.6603]],[[25.3125,45.7962],[25.3152,45.7885],[25.3262,45.8],[25.3125,45.7962]],[[25.2658,45.6277],[25.2905,45.6067],[25.2905,45.6354],[25.3207,45.6507],[25.2658,45.6277]],[[25.1614,45.1416],[25.1889,45.1359],[25.1862,45.1569],[25.1395,45.1856],[25.1614,45.1416]],[[25.1642,46.2459],[25.1862,46.2631],[25.1697,46.2651],[25.1532,46.2555],[25.1642,46.2459]],[[25.1175,46.4775],[25.1175,46.4737],[25.1422,46.4641],[25.1175,46.4775]],[[25.134,46.1234],[25.0983,46.1196],[25.134,46.1177],[25.134,46.1234]],[[25.0571,46.4851],[25.0461,46.466],[25.079,46.4354],[25.123,46.4277],[25.0818,46.4603],[25.0845,46.4813],[25.0571,46.4851]],[[25.0708,45.9359],[25.1175,45.9397],[25.0708,45.9397],[25.0708,45.9359]],[[25.09,45.1914],[25.1093,45.1952],[25.0983,45.199],[25.09,45.1914]],[[25.0543,45.1818],[25.0488,45.1741],[25.0983,45.1569],[25.0845,45.1914],[25.0543,45.1818]],[[25.0763,46.1215],[25.0818,46.1139],[25.0955,46.1196],[25.0763,46.1215]],[[25.0653,46.1273],[25.0626,46.1311],[25.0571,46.1273],[25.0653,46.1273]],[[25.0626,45.2545],[25.0543,45.243],[25.0626,45.2469],[25.0626,45.2545]],[[25.0598,45.9474],[25.0406,45.9397],[25.0598,45.9454],[25.0598,45.9474]],[[25.0461,46.045],[25.0159,46.0737],[25.0269,46.045],[25.0461,46.045]],[[25.0323,45.9301],[25.0323,45.934],[25.0241,45.9282],[25.0323,45.9301]],[[24.939,46.5502],[24.9664,46.533],[25.0186,46.5426],[24.9911,46.5789],[24.939,46.5502]],[[24.9335,45.8631],[24.9445,45.8555],[24.9472,45.8631],[24.9335,45.8631]],[[24.7961,47.3502],[24.8016,47.3617],[24.7852,47.3655],[24.7797,47.3521],[24.7961,47.3502]],[[24.744,45.9378],[24.744,45.934],[24.7522,45.9378],[24.744,45.9378]],[[24.7495,47.3598],[24.733,47.3521],[24.7495,47.356],[24.7495,47.3598]],[[24.7275,47.333],[24.7083,47.333],[24.7137,47.3139],[24.7275,47.333]],[[24.7055,46.8296],[24.7137,46.822],[24.7137,46.8335],[24.7055,46.8296]],[[24.6698,47.3043],[24.7055,47.3464],[24.6808,47.3349],[24.6561,47.3349],[24.6698,47.3043]],[[24.6149,47.3139],[24.6149,47.31],[24.6368,47.3043],[24.6149,47.3139]],[[24.5517,45.955],[24.549,45.955],[24.5517,45.9531],[24.5517,45.955]],[[24.4583,45.1741],[24.4528,45.1741],[24.4583,45.1703],[24.4583,45.1741]],[[24.4336,45.1627],[24.4363,45.1588],[24.4473,45.1646],[24.4336,45.1627]],[[24.3567,47.6909],[24.4363,47.6737],[24.4061,47.6947],[24.299,47.71],[24.3567,47.6909]],[[24.4281,47.6277],[24.4363,47.645],[24.4144,47.6507],[24.4089,47.6354],[24.4281,47.6277]],[[24.3924,45.2871],[24.3375,45.2871],[24.2963,45.2641],[24.3045,45.2411],[24.4034,45.2277],[24.4171,45.2584],[24.3924,45.2871]],[[24.3622,45.3273],[24.3649,45.3196],[24.3842,45.3292],[24.3622,45.3273]],[[23.4915,47.756],[23.4531,47.7655],[23.4476,47.733],[23.5519,47.7617],[23.5739,47.7521],[23.5794,47.7732],[23.6288,47.7942],[23.6288,47.7655],[23.6783,47.7349],[23.6481,47.7139],[23.6536,47.6928],[23.7936,47.6488],[23.7524,47.6277],[23.7689,47.6067],[23.7991,47.6009],[23.8211,47.6316],[23.8486,47.6335],[23.8431,47.5837],[23.8843,47.5971],[23.887,47.5665],[23.9255,47.5703],[23.9255,47.5952],[23.9612,47.578],[24.0573,47.5933],[24.0546,47.5684],[24.082,47.5646],[24.0683,47.5091],[24.0985,47.5186],[24.1013,47.488],[24.1864,47.4861],[24.1562,47.4612],[24.1864,47.4574],[24.1864,47.4363],[24.2056,47.444],[24.2221,47.4172],[24.3127,47.4134],[24.3484,47.4536],[24.3347,47.4976],[24.2413,47.5435],[24.2688,47.5684],[24.2523,47.5952],[24.2221,47.599],[24.1891,47.5722],[24.1919,47.5971],[24.0903,47.6029],[24.1122,47.6277],[24.0738,47.6373],[24.0683,47.6679],[23.9996,47.7119],[23.9749,47.7024],[23.9777,47.6641],[23.9227,47.6622],[23.8184,47.6966],[23.7689,47.6832],[23.7827,47.7273],[23.7689,47.7655],[23.7415,47.7617],[23.7497,47.7866],[23.7799,47.7885],[23.7689,47.7751],[23.8101,47.7521],[23.8513,47.7942],[23.8074,47.8574],[23.7497,47.8976],[23.6975,47.8631],[23.6371,47.8918],[23.6288,47.8746],[23.5849,47.8804],[23.6096,47.8593],[23.5629,47.844],[23.5355,47.8076],[23.541,47.7885],[23.4915,47.756]],[[24.3457,47.377],[24.343,47.3808],[24.3402,47.377],[24.3457,47.377]],[[24.3402,45.3847],[24.3265,45.3847],[24.3375,45.3751],[24.3402,45.3847]],[[24.2303,47.7808],[24.2276,47.7464],[24.277,47.7445],[24.2743,47.7234],[24.3237,47.7808],[24.2633,47.7732],[24.2386,47.8],[24.2523,47.8153],[24.2249,47.8115],[24.2139,47.8459],[24.1837,47.8574],[24.1589,47.8287],[24.1809,47.8229],[24.1589,47.7962],[24.1919,47.7885],[24.1891,47.7694],[24.2303,47.7808]],[[24.3127,47.6622],[24.3182,47.6603],[24.3155,47.6679],[24.3127,47.6622]],[[24.2331,47.8344],[24.2303,47.8344],[24.2331,47.8306],[24.2331,47.8344]],[[24.1644,47.6124],[24.1754,47.6124],[24.1754,47.622],[24.1644,47.6124]],[[24.1397,47.3024],[24.137,47.3024],[24.1397,47.3005],[24.1397,47.3024]],[[24.082,47.6756],[24.0765,47.6756],[24.082,47.6737],[24.082,47.6756]],[[24.0518,47.5607],[24.0408,47.555],[24.0546,47.555],[24.0518,47.5607]],[[24.0408,47.3196],[24.0106,47.3215],[24.0353,47.3081],[24.0408,47.3196]],[[23.9832,47.3158],[23.9941,47.3158],[23.9832,47.3215],[23.9832,47.3158]],[[23.8596,47.5148],[23.8651,47.5282],[23.8486,47.5359],[23.8431,47.5167],[23.8596,47.5148]],[[23.8513,47.5741],[23.8293,47.5761],[23.8293,47.5531],[23.8513,47.5741]],[[23.6453,47.9225],[23.5794,47.9435],[23.53,47.9225],[23.5822,47.888],[23.6453,47.9225]]],[[[23.6948,47.0421],[23.703,47.0172],[23.6755,47.0038],[23.6343,47.0478],[23.6453,47.0631],[23.736,47.0536],[23.7854,47.0268],[23.7579,47.0038],[23.7524,47.0287],[23.6948,47.0421]]],[[[23.6371,47.4574],[23.7827,47.4383],[23.8019,47.4249],[23.714,47.4057],[23.6069,47.4249],[23.6371,47.4574]]]]}},{"type":"Feature","properties":{"band":3},"geometry":{"type":"MultiPolygon","coordinates":[[[[22.2775,44.7684],[22.2665,44.7301],[22.2198,44.7435],[22.1979,44.6861],[22.1539,44.6785],[22.1759,44.7091],[22.1237,44.7397],[22.0825,44.7493],[22.0633,44.7282],[22.0413,44.734],[22.0963,44.7914],[22.1292,44.778],[22.132,44.7512],[22.1677,44.7646],[22.132,44.8201],[22.1732,44.8545],[22.1814,44.8297],[22.1924,44.8507],[22.2336,44.8622],[22.3022,44.8201],[22.3022,44.7952],[22.2775,44.7875],[22.2995,44.7741],[22.2775,44.7684]]],[[[21.8216,44.8698],[21.8271,44.9253],[21.8683,44.9579],[21.8875,44.9579],[21.8903,44.9196],[21.9397,44.9253],[21.9095,44.8947],[21.8875,44.8985],[21.8875,44.8584],[21.8216,44.8698]]],[[[22.2638,45.1206],[22.2253,45.1493],[22.2089,45.1397],[22.2446,45.1072],[22.2089,45.1014],[22.2418,45.0785],[22.2391,45.0593],[22.2006,45.0478],[22.1841,45.0612],[22.1704,45.0096],[22.121,45.0096],[22.1429,44.9808],[22.132,44.9521],[22.0825,44.9521],[22.0605,45.0096],[22.0413,45.0076],[22.0551,44.9713],[22.0084,44.9885],[22.0523,44.9541],[21.9836,44.9598],[21.9699,44.9694],[21.9809,45.0402],[21.9452,45.0268],[21.9397,45.0],[21.9067,45.0076],[21.9315,45.0172],[21.9727,45.0823],[21.9836,45.1263],[21.9644,45.155],[21.9974,45.1684],[21.9891,45.1282],[21.9946,45.0938],[22.0798,45.1895],[22.088,45.2507],[22.1375,45.2507],[22.1677,45.2296],[22.1292,45.2067],[22.2226,45.1875],[22.2803,45.1416],[22.2638,45.1206]]],[[[22.8241,45.377],[22.8461,45.4153],[23.063,45.3962],[23.0713,45.3808],[23.118,45.3866],[23.1674,45.3674],[23.3487,45.377],[23.2883,45.3407],[23.2333,45.3579],[23.2663,45.3407],[23.2553,45.3139],[23.085,45.2545],[23.3597,45.2947],[23.3734,45.2852],[23.3597,45.2086],[23.3762,45.1722],[23.3542,45.1818],[23.3514,45.1531],[23.28,45.1397],[23.2581,45.1799],[23.2498,45.1206],[23.2031,45.1129],[23.2004,45.1569],[23.1537,45.088],[23.1345,45.1818],[23.1235,45.1397],[23.107,45.1378],[23.1235,45.1148],[23.0493,45.0823],[22.9944,45.1359],[22.9504,45.132],[22.9971,45.0842],[22.9724,45.0823],[22.9807,45.067],[22.9642,45.0593],[22.9065,45.0842],[22.8873,45.0517],[22.8543,45.0517],[22.8488,45.0153],[22.8323,45.021],[22.8488,45.0746],[22.8186,45.0919],[22.8104,45.1225],[22.7802,45.0899],[22.7911,45.0344],[22.7609,45.021],[22.7637,45.0497],[22.7335,45.067],[22.673,45.0306],[22.728,45.0115],[22.5467,44.9005],[22.5659,44.8832],[22.5082,44.8622],[22.511,44.8297],[22.4478,44.778],[22.4561,44.8048],[22.4313,44.8182],[22.489,44.9005],[22.5769,44.9713],[22.6401,44.9866],[22.6648,45.044],[22.7802,45.132],[22.7197,45.1148],[22.6785,45.0746],[22.6401,45.0785],[22.6428,45.044],[22.6208,45.023],[22.5659,45.0115],[22.5769,44.9962],[22.5302,44.977],[22.533,44.9541],[22.4973,44.9541],[22.467,44.9062],[22.4286,44.8909],[22.4203,44.9253],[22.4341,44.9311],[22.4039,44.956],[22.4368,45.0019],[22.4643,44.9923],[22.4698,45.0344],[22.4258,45.0191],[22.4286,45.0536],[22.4094,45.0459],[22.3792,44.9713],[22.3544,45.0153],[22.3572,45.0593],[22.4643,45.0938],[22.467,45.1091],[22.3572,45.0861],[22.3599,45.1091],[22.4039,45.1244],[22.3956,45.1493],[22.4368,45.1454],[22.4506,45.1569],[22.4313,45.1684],[22.467,45.178],[22.4588,45.1952],[22.4451,45.1799],[22.3737,45.1914],[22.3709,45.2143],[22.4011,45.2354],[22.3901,45.2794],[22.4286,45.2584],[22.3984,45.3598],[22.4313,45.3808],[22.4368,45.356],[22.5467,45.3292],[22.5577,45.3407],[22.522,45.3674],[22.4615,45.377],[22.4753,45.4172],[22.5192,45.421],[22.5549,45.4019],[22.5632,45.4134],[22.5439,45.4268],[22.8241,45.4153],[22.8104,45.3866],[22.7802,45.3828],[22.7774,45.3636],[22.8241,45.377]],[[23.3267,45.2392],[23.335,45.2641],[23.3047,45.2354],[23.3267,45.2392]],[[23.2828,45.245],[23.2608,45.2545],[23.2306,45.2373],[23.2828,45.245]],[[23.1757,45.2182],[23.2031,45.2335],[23.2004,45.243],[23.1619,45.2354],[23.1757,45.2182]],[[23.1317,45.3273],[23.107,45.3521],[23.0768,45.3119],[23.1317,45.3273]],[[23.096,45.2258],[23.096,45.2277],[23.0905,45.2258],[23.096,45.2258]],[[23.0191,45.1741],[23.0328,45.178],[23.0219,45.2009],[22.9944,45.1875],[23.0191,45.1741]],[[22.5934,45.2813],[22.5577,45.3062],[22.5467,45.2871],[22.5687,45.2584],[22.522,45.2603],[22.5055,45.2392],[22.511,45.1952],[22.5934,45.2048],[22.5604,45.1722],[22.5742,45.132],[22.522,45.0631],[22.5192,45.0249],[22.5549,45.0383],[22.5549,45.0765],[22.5934,45.0727],[22.5769,45.1072],[22.6126,45.1167],[22.6154,45.134],[22.6593,45.1091],[22.6346,45.1359],[22.6675,45.1435],[22.6703,45.1608],[22.7554,45.1627],[22.7664,45.1818],[22.8406,45.1933],[22.89,45.2277],[22.9477,45.2239],[22.912,45.2545],[23.0136,45.2775],[23.0273,45.3043],[22.9807,45.3158],[23.0301,45.3521],[23.0081,45.3694],[22.9916,45.3502],[22.9367,45.3732],[22.8928,45.3426],[22.8104,45.3541],[22.8104,45.3119],[22.7417,45.2679],[22.8516,45.2469],[22.8433,45.2354],[22.8021,45.2277],[22.7884,45.245],[22.7362,45.2469],[22.7142,45.2182],[22.7087,45.2507],[22.6923,45.2507],[22.6291,45.2009],[22.6758,45.2756],[22.7252,45.289],[22.7032,45.3081],[22.7444,45.3139],[22.7225,45.3464],[22.7472,45.356],[22.7252,45.377],[22.6648,45.3483],[22.6346,45.3598],[22.6346,45.3885],[22.5879,45.3694],[22.6456,45.3311],[22.6181,45.3215],[22.6456,45.2852],[22.5934,45.2813]],[[22.9477,45.178],[22.9504,45.1703],[22.9559,45.1799],[22.9477,45.178]],[[22.8625,45.1799],[22.8598,45.1646],[22.8928,45.1627],[22.923,45.199],[22.8625,45.1799]],[[22.8873,45.1435],[22.8955,45.1435],[22.89,45.1493],[22.8873,45.1435]],[[22.5192,45.0038],[22.5027,44.9981],[22.5192,45.0],[22.5192,45.0038]],[[22.4808,45.2928],[22.4945,45.3139],[22.4698,45.3253],[22.4643,45.3005],[22.4808,45.2928]]],[[[22.7142,45.6373],[22.6373,45.6258],[22.6263,45.6143],[22.6483,45.5914],[22.5439,45.5837],[22.5027,45.5588],[22.5549,45.5722],[22.5549,45.555],[22.5192,45.5397],[22.5824,45.532],[22.6126,45.5607],[22.7527,45.5722],[22.6675,45.5569],[22.6703,45.5378],[22.6181,45.5206],[22.662,45.5186],[22.6566,45.4899],[22.6895,45.4957],[22.6758,45.4689],[22.6923,45.4497],[22.6154,45.4631],[22.6291,45.4918],[22.5797,45.4861],[22.5797,45.5072],[22.533,45.4938],[22.5165,45.5052],[22.533,45.5263],[22.4808,45.5359],[22.4835,45.5493],[22.4176,45.5818],[22.3956,45.5684],[22.4121,45.5493],[22.3434,45.5627],[22.3215,45.5454],[22.3846,45.5282],[22.3874,45.511],[22.338,45.5052],[22.3242,45.5244],[22.2638,45.5359],[22.283,45.5646],[22.261,45.5761],[22.2858,45.5875],[22.2473,45.6258],[22.3984,45.6201],[22.4149,45.6296],[22.4066,45.6526],[22.4313,45.645],[22.4313,45.6679],[22.4478,45.666],[22.4478,45.6947],[22.5961,45.7311],[22.5632,45.7081],[22.5522,45.6909],[22.5577,45.6871],[22.6785,45.7387],[22.6675,45.7292],[22.7087,45.7177],[22.5989,45.6641],[22.6813,45.6852],[22.6813,45.6564],[22.7142,45.6373]]],[[[22.9944,46.0698],[23.0356,46.0813],[23.0301,46.0985],[23.118,46.0947],[23.1729,46.0411],[23.1262,46.0603],[23.0191,46.0526],[22.9944,46.0698]]],[[[23.5684,46.2555],[23.5052,46.2536],[23.4723,46.2325],[23.4586,46.2536],[23.4338,46.2555],[23.3459,46.2191],[23.3267,46.1981],[23.4146,46.2325],[23.5327,46.2153],[23.4613,46.1885],[23.4229,46.2038],[23.3679,46.1617],[23.4036,46.1598],[23.4256,46.1828],[23.497,46.1674],[23.4805,46.1579],[23.497,46.1445],[23.4558,46.1368],[23.4586,46.11],[23.3954,46.1081],[23.4366,46.0985],[23.4338,46.0698],[23.3844,46.089],[23.3432,46.0756],[23.3954,46.0584],[23.3047,46.0564],[23.2828,46.0813],[23.2416,46.0718],[23.2196,46.11],[23.1921,46.089],[23.1619,46.1253],[23.1097,46.133],[23.1235,46.1139],[23.096,46.1005],[23.0521,46.1426],[23.0273,46.1426],[23.0713,46.1636],[23.0411,46.1732],[23.0603,46.1962],[23.0823,46.1751],[23.1592,46.1828],[23.1372,46.1866],[23.1592,46.2115],[23.0823,46.2172],[23.085,46.2383],[23.1152,46.2383],[23.074,46.2651],[23.0988,46.2957],[23.1427,46.2804],[23.1509,46.2976],[23.1647,46.2689],[23.1976,46.2842],[23.1949,46.2517],[23.2278,46.2517],[23.2471,46.2976],[23.2993,46.2938],[23.324,46.3072],[23.3185,46.3263],[23.3597,46.332],[23.3597,46.3129],[23.4009,46.2842],[23.4256,46.3052],[23.4586,46.3014],[23.4943,46.3971],[23.5327,46.399],[23.5629,46.4296],[23.5245,46.3416],[23.5327,46.3052],[23.508,46.2861],[23.5547,46.2842],[23.5684,46.2555]],[[23.1647,46.2],[23.1647,46.1962],[23.1784,46.2038],[23.1647,46.2]]],[[[22.8598,46.7703],[22.8433,46.7531],[22.8735,46.755],[22.8983,46.6861],[22.9312,46.6957],[22.9944,46.6785],[23.0548,46.7206],[23.1372,46.6995],[23.2443,46.7263],[23.269,46.6804],[23.2169,46.6899],[23.1949,46.6727],[23.2278,46.6804],[23.2526,46.6593],[23.1427,46.6402],[23.1757,46.6287],[23.291,46.6555],[23.3075,46.6421],[23.1921,46.5885],[23.269,46.6191],[23.3157,46.6057],[23.3295,46.6344],[23.3789,46.621],[23.3734,46.6038],[23.4338,46.5598],[23.3844,46.5694],[23.4174,46.5387],[23.4091,46.5139],[23.4283,46.4985],[23.4146,46.4909],[23.4421,46.4603],[23.4091,46.4698],[23.4311,46.4507],[23.4229,46.3952],[23.3432,46.4163],[23.3267,46.3856],[23.4009,46.3856],[23.3954,46.3512],[23.3102,46.3588],[23.2635,46.3263],[23.2196,46.3435],[23.1921,46.3225],[23.0521,46.3454],[23.0219,46.3167],[22.9724,46.3397],[22.9834,46.4105],[22.9642,46.4316],[22.9614,46.3971],[22.879,46.4009],[22.9559,46.3837],[22.9587,46.3474],[22.912,46.3378],[22.9477,46.3263],[22.8516,46.2976],[22.8104,46.3033],[22.8296,46.2765],[22.9312,46.3091],[22.9532,46.2918],[23.0109,46.2976],[22.9779,46.2555],[23.0054,46.2383],[23.0493,46.2842],[23.0356,46.221],[23.0081,46.2153],[23.0219,46.2038],[22.9724,46.2057],[23.0164,46.177],[22.9669,46.1655],[22.9422,46.1751],[22.9312,46.2057],[22.9559,46.221],[22.9257,46.2574],[22.8598,46.2517],[22.879,46.2057],[22.8351,46.1923],[22.8159,46.2019],[22.8406,46.2249],[22.8241,46.2402],[22.7856,46.2344],[22.7911,46.2574],[22.7609,46.2631],[22.7142,46.2344],[22.706,46.2517],[22.673,46.2497],[22.6648,46.2976],[22.6154,46.288],[22.6346,46.3052],[22.6263,46.3186],[22.6511,46.3263],[22.6071,46.3646],[22.6373,46.4411],[22.5824,46.4488],[22.6099,46.4813],[22.5879,46.5062],[22.6318,46.5196],[22.6703,46.4928],[22.6456,46.5311],[22.673,46.5521],[22.6318,46.554],[22.6126,46.5847],[22.5797,46.5942],[22.5879,46.6153],[22.5439,46.6363],[22.5385,46.7263],[22.5577,46.6861],[22.5769,46.7301],[22.5989,46.732],[22.6016,46.7607],[22.6895,46.7627],[22.7087,46.7837],[22.6813,46.7971],[22.7362,46.8105],[22.7829,46.8718],[22.8159,46.8411],[22.7554,46.7607],[22.8131,46.7971],[22.8433,46.7952],[22.8598,46.7703]],[[23.3652,46.5751],[23.3652,46.5789],[23.3569,46.577],[23.3652,46.5751]],[[23.0713,46.4296],[23.0521,46.4392],[23.0438,46.4029],[23.0988,46.399],[23.1592,46.4373],[23.1921,46.4201],[23.1866,46.3818],[23.2031,46.3799],[23.2965,46.4469],[23.2855,46.489],[23.2635,46.4564],[23.2086,46.4469],[23.1949,46.466],[23.2059,46.489],[23.1839,46.4851],[23.2031,46.5311],[23.1592,46.5005],[23.1592,46.4737],[23.107,46.466],[23.1097,46.4488],[23.0713,46.4296]],[[23.0438,46.4641],[23.0466,46.4469],[23.0576,46.4603],[23.0438,46.4641]],[[23.0026,46.4832],[23.0136,46.4985],[22.9752,46.5005],[22.9697,46.4871],[23.0026,46.4832]],[[23.0109,46.4488],[23.0109,46.4564],[23.0054,46.4507],[23.0109,46.4488]],[[22.7692,46.7186],[22.7856,46.6804],[22.8104,46.6861],[22.8049,46.7244],[22.7692,46.7186]],[[22.7802,46.621],[22.7939,46.6383],[22.7692,46.6517],[22.7829,46.6765],[22.7582,46.6804],[22.7554,46.6229],[22.706,46.6478],[22.7005,46.6057],[22.662,46.5828],[22.7802,46.621]],[[22.739,46.5579],[22.7417,46.554],[22.7582,46.554],[22.739,46.5579]],[[22.6978,46.3627],[22.7335,46.3569],[22.6978,46.3971],[22.6758,46.3799],[22.6978,46.3627]],[[22.6703,46.4258],[22.6785,46.4258],[22.6758,46.4316],[22.6703,46.4258]]],[[[24.3457,45.2928],[24.3869,45.289],[24.4171,45.2584],[24.4034,45.2277],[24.3594,45.2239],[24.2963,45.2584],[24.3457,45.2928]]],[[[26.109,45.2507],[26.087,45.245],[26.0596,45.2564],[26.0788,45.2679],[26.0596,45.2852],[26.0596,45.3196],[26.0349,45.3043],[26.0184,45.3177],[25.9744,45.2794],[25.9305,45.3119],[25.9634,45.2469],[25.9113,45.2354],[25.9305,45.222],[25.9113,45.2086],[25.8426,45.2182],[25.8371,45.2009],[25.7986,45.1971],[25.8179,45.1684],[25.7877,45.1569],[25.7437,45.1761],[25.7712,45.199],[25.7382,45.2009],[25.7245,45.2794],[25.7162,45.245],[25.6943,45.2392],[25.7217,45.2201],[25.708,45.1684],[25.675,45.1608],[25.6805,45.1856],[25.6064,45.2277],[25.6091,45.1914],[25.5624,45.1761],[25.5624,45.1569],[25.4636,45.1359],[25.48,45.1608],[25.4608,45.1741],[25.4828,45.1971],[25.4388,45.1818],[25.4114,45.1933],[25.4196,45.1454],[25.3922,45.134],[25.3564,45.155],[25.3372,45.1397],[25.2274,45.1435],[25.2466,45.1512],[25.2081,45.1646],[25.2136,45.1856],[25.1971,45.1895],[25.2219,45.2124],[25.1752,45.2296],[25.1779,45.3407],[25.1532,45.3407],[25.1614,45.2143],[25.1175,45.2488],[25.0928,45.2469],[25.0681,45.2871],[25.0049,45.2622],[24.9472,45.2871],[24.9527,45.2584],[24.9142,45.243],[24.8813,45.2718],[24.9115,45.1914],[24.884,45.2029],[24.8785,45.1837],[24.8209,45.2354],[24.8126,45.289],[24.8346,45.3081],[24.7934,45.3292],[24.7906,45.2794],[24.7385,45.2526],[24.7522,45.1856],[24.7192,45.1856],[24.6753,45.2067],[24.6753,45.2354],[24.7083,45.2603],[24.6341,45.2909],[24.5929,45.2737],[24.6341,45.2105],[24.5407,45.2163],[24.5325,45.2545],[24.5462,45.2641],[24.5105,45.2909],[24.4858,45.2737],[24.505,45.2163],[24.4693,45.2201],[24.4418,45.2584],[24.4583,45.2756],[24.4199,45.3024],[24.4336,45.3215],[24.4061,45.3828],[24.3539,45.4172],[24.4089,45.4325],[24.3787,45.444],[24.3787,45.467],[24.3622,45.4421],[24.3402,45.4421],[24.3402,45.4574],[24.3045,45.4459],[24.2935,45.4612],[24.321,45.4861],[24.288,45.4785],[24.2743,45.5052],[24.2908,45.5378],[24.3292,45.555],[24.6396,45.6201],[24.8538,45.6182],[24.8895,45.6029],[24.9911,45.6201],[25.0598,45.6086],[25.1367,45.6316],[25.2548,45.5971],[25.3098,45.5225],[25.3427,45.5378],[25.329,45.5091],[25.2795,45.5072],[25.307,45.4823],[25.3674,45.4497],[25.4471,45.4555],[25.4608,45.4842],[25.5075,45.4765],[25.513,45.4995],[25.4828,45.4995],[25.4828,45.5148],[25.5075,45.5493],[25.5542,45.5703],[25.6311,45.5397],[25.6174,45.5148],[25.708,45.5435],[25.7712,45.4938],[25.7684,45.5531],[25.8206,45.5148],[25.8481,45.5167],[25.7986,45.5646],[25.8865,45.5856],[25.8646,45.6201],[25.9277,45.599],[25.9662,45.6124],[25.8755,45.6469],[25.9195,45.6603],[25.9634,45.6258],[25.9525,45.6775],[25.9799,45.7005],[26.0156,45.6737],[25.9937,45.6641],[26.0129,45.6488],[25.9937,45.6392],[25.9964,45.6048],[25.9717,45.6009],[25.9689,45.5569],[25.9909,45.5282],[26.0294,45.5359],[26.0019,45.5588],[26.0129,45.578],[26.0349,45.555],[26.109,45.5627],[26.1172,45.5282],[26.1832,45.4861],[26.1887,45.4555],[26.2106,45.444],[26.1392,45.3885],[26.2381,45.4268],[26.2408,45.3981],[26.2793,45.3866],[26.2601,45.3579],[26.2244,45.3655],[26.2491,45.3311],[26.1969,45.3196],[26.1612,45.3387],[26.1612,45.3196],[26.1035,45.31],[26.1639,45.2985],[26.131,45.2718],[26.0925,45.2794],[26.109,45.2507]],[[26.1584,45.3407],[26.1584,45.3387],[26.1612,45.3387],[26.1584,45.3407]],[[26.1227,45.4402],[26.1337,45.4459],[26.1227,45.4497],[26.1227,45.4402]],[[25.9442,45.4574],[25.9497,45.4765],[25.8948,45.4287],[25.947,45.4421],[25.9882,45.4153],[25.9937,45.4344],[25.9442,45.4574]],[[25.8453,45.3636],[25.8563,45.3368],[25.8865,45.3502],[25.8948,45.3847],[25.8453,45.3636]],[[25.7904,45.4191],[25.7822,45.421],[25.7877,45.4134],[25.7904,45.4191]],[[25.6943,45.3923],[25.7272,45.4],[25.7272,45.4191],[25.697,45.4478],[25.6805,45.4344],[25.6888,45.4172],[25.6586,45.3732],[25.6888,45.3541],[25.7025,45.3617],[25.6943,45.3923]],[[25.6696,45.4459],[25.6668,45.4459],[25.6696,45.444],[25.6696,45.4459]],[[25.6531,45.4899],[25.6256,45.4918],[25.6448,45.4727],[25.6531,45.4899]],[[25.6229,45.289],[25.6503,45.3139],[25.6201,45.3598],[25.6009,45.3617],[25.5927,45.3139],[25.6174,45.3081],[25.6091,45.266],[25.6229,45.2622],[25.6229,45.289]],[[25.5542,45.4995],[25.5679,45.4995],[25.5542,45.5091],[25.5542,45.4995]],[[25.3125,45.2852],[25.2521,45.2928],[25.2301,45.2698],[25.2328,45.2564],[25.2905,45.2698],[25.2795,45.2067],[25.3674,45.243],[25.3455,45.2756],[25.3647,45.2966],[25.3976,45.2641],[25.3949,45.245],[25.4251,45.2928],[25.4498,45.245],[25.513,45.2909],[25.4883,45.3962],[25.4443,45.423],[25.3867,45.3942],[25.4031,45.377],[25.3922,45.3368],[25.2988,45.3349],[25.3125,45.2852]],[[25.2246,45.4861],[25.1889,45.4574],[25.1862,45.4057],[25.2383,45.4746],[25.2768,45.4823],[25.2246,45.4861]],[[25.2603,45.5148],[25.2658,45.5148],[25.2603,45.5186],[25.2603,45.5148]],[[25.2686,45.5129],[25.2686,45.5148],[25.2658,45.5148],[25.2686,45.5129]],[[25.1944,45.3426],[25.2081,45.3407],[25.1971,45.3483],[25.1944,45.3426]],[[25.1477,45.4765],[25.1587,45.4765],[25.145,45.488],[25.1477,45.4765]],[[24.6451,45.5856],[24.6368,45.5684],[24.6149,45.5799],[24.5901,45.5665],[24.5764,45.5397],[24.5407,45.5646],[24.527,45.5359],[24.494,45.5474],[24.483,45.5301],[24.4391,45.5435],[24.3622,45.5244],[24.3484,45.4899],[24.3951,45.5091],[24.4363,45.4976],[24.4116,45.4689],[24.4693,45.4746],[24.4391,45.4096],[24.4501,45.4076],[24.5132,45.4172],[24.5023,45.4574],[24.5325,45.4727],[24.5297,45.4918],[24.5462,45.4804],[24.5297,45.444],[24.5654,45.4306],[24.5682,45.4631],[24.6149,45.5072],[24.5929,45.444],[24.6121,45.4249],[24.6973,45.5052],[24.689,45.4478],[24.6588,45.4287],[24.6671,45.3962],[24.6918,45.3847],[24.6945,45.4172],[24.722,45.4249],[24.7192,45.3904],[24.7522,45.3789],[24.7495,45.3617],[24.7714,45.4249],[24.8099,45.4038],[24.8483,45.4153],[24.8401,45.4593],[24.8044,45.4574],[24.7824,45.4785],[24.7879,45.5052],[24.8099,45.4746],[24.8538,45.4842],[24.8758,45.4421],[24.8923,45.4555],[24.8813,45.4823],[24.906,45.488],[24.917,45.4689],[24.9445,45.4746],[24.9142,45.4478],[24.9197,45.4057],[24.8428,45.3464],[24.8868,45.3253],[24.917,45.3636],[24.9747,45.3349],[24.9692,45.3598],[25.0049,45.356],[25.0241,45.3732],[24.9939,45.3847],[24.9994,45.4076],[25.0269,45.4],[25.0406,45.421],[25.0955,45.3828],[25.1065,45.4363],[25.09,45.4899],[24.9692,45.4478],[24.9719,45.4746],[25.0049,45.4785],[25.0708,45.532],[24.9966,45.5454],[25.0269,45.5627],[25.0159,45.5856],[24.9554,45.5627],[24.9445,45.5397],[24.9088,45.5741],[24.8868,45.5493],[24.8566,45.5627],[24.8566,45.5856],[24.8126,45.5875],[24.8016,45.5703],[24.7577,45.5837],[24.6973,45.5703],[24.689,45.5856],[24.6616,45.555],[24.6451,45.5856]],[[24.5435,45.4287],[24.5352,45.4249],[24.538,45.4],[24.5599,45.4115],[24.5435,45.4287]]],[[[23.4338,45.3541],[23.4641,45.4],[23.3487,45.3866],[23.2169,45.4057],[23.2004,45.4344],[23.2388,45.4785],[23.2169,45.4765],[23.2086,45.4478],[23.1729,45.4249],[23.1647,45.4651],[23.1042,45.5091],[23.1427,45.511],[23.1839,45.5397],[23.1345,45.5703],[23.1509,45.5875],[23.2251,45.5474],[23.2828,45.5512],[23.2663,45.5799],[23.2114,45.578],[23.2306,45.5971],[23.1812,45.6163],[23.2306,45.6603],[23.2608,45.6584],[23.2581,45.6392],[23.302,45.6698],[23.3377,45.6507],[23.3157,45.6985],[23.3762,45.7043],[23.4009,45.6775],[23.4009,45.7234],[23.4338,45.7292],[23.4695,45.7196],[23.4558,45.7024],[23.4695,45.6928],[23.497,45.7119],[23.4943,45.7387],[23.5245,45.7368],[23.53,45.7636],[23.5492,45.7426],[23.5712,45.7598],[23.6041,45.7426],[23.5712,45.7196],[23.6206,45.7005],[23.6014,45.6526],[23.6426,45.6909],[23.6838,45.6737],[23.6261,45.7196],[23.6343,45.7311],[23.6728,45.7483],[23.7717,45.7483],[23.7827,45.7273],[23.8321,45.7311],[23.8843,45.7081],[23.8815,45.6909],[23.9392,45.6832],[23.9255,45.6698],[23.942,45.6584],[23.8953,45.6411],[23.9996,45.6488],[24.071,45.6086],[24.1122,45.6239],[24.1534,45.599],[24.071,45.5799],[24.0216,45.5454],[24.1891,45.5895],[24.2303,45.555],[24.2139,45.5435],[24.2249,45.5225],[24.1617,45.5052],[24.2249,45.4976],[24.2001,45.4823],[24.2606,45.4517],[24.2331,45.421],[24.277,45.4134],[24.2358,45.3962],[24.2606,45.3808],[24.2715,45.3426],[24.2111,45.3541],[24.2551,45.31],[24.1891,45.3521],[24.1946,45.3062],[24.1809,45.2966],[24.1397,45.3234],[24.1507,45.3407],[24.1232,45.3617],[24.082,45.3541],[24.137,45.3062],[24.0353,45.2966],[24.0216,45.3426],[23.9749,45.3521],[23.9886,45.3751],[23.9667,45.3636],[23.942,45.3885],[23.9337,45.377],[23.931,45.3598],[23.9996,45.3273],[23.9365,45.3349],[23.9529,45.3081],[23.9969,45.3043],[23.9722,45.2947],[23.9804,45.2852],[24.1782,45.2756],[24.1837,45.2526],[24.2084,45.2698],[24.2551,45.2545],[24.2276,45.2239],[24.2688,45.2086],[24.277,45.1741],[24.2441,45.1914],[24.2386,45.1646],[24.1837,45.2067],[24.1397,45.2029],[24.1232,45.1608],[24.1837,45.1206],[24.1287,45.1282],[24.1205,45.1512],[24.0381,45.134],[24.0326,45.1588],[24.0216,45.1378],[23.9914,45.1569],[23.9832,45.1378],[23.8239,45.132],[23.8019,45.1454],[23.7662,45.132],[23.7442,45.1569],[23.7387,45.134],[23.7112,45.1359],[23.67,45.1741],[23.6481,45.1435],[23.5931,45.1531],[23.4503,45.132],[23.4641,45.2067],[23.4036,45.1646],[23.4174,45.2105],[23.4009,45.2124],[23.3817,45.2584],[23.3954,45.2852],[23.4174,45.2909],[23.3844,45.2985],[23.4064,45.3215],[23.4009,45.3407],[23.4338,45.3541]],[[23.8898,45.6373],[23.8953,45.6392],[23.8953,45.6411],[23.8898,45.6373]],[[23.8623,45.3942],[23.8184,45.4019],[23.7717,45.3732],[23.7689,45.3502],[23.725,45.3407],[23.6124,45.3598],[23.6234,45.3789],[23.7579,45.3885],[23.8101,45.4344],[23.8321,45.4191],[23.8431,45.4459],[23.8953,45.4076],[23.9447,45.4191],[23.9804,45.4574],[24.0189,45.4517],[24.0436,45.4306],[24.0381,45.4115],[24.082,45.3866],[24.0738,45.4076],[24.1013,45.4287],[24.1425,45.3923],[24.1946,45.4],[24.1589,45.421],[24.1837,45.4478],[24.137,45.4861],[24.1013,45.4689],[24.0436,45.4746],[24.0216,45.4976],[23.9969,45.4746],[23.9639,45.4765],[23.9255,45.5186],[23.8348,45.4976],[23.9612,45.5799],[23.8651,45.5837],[23.8129,45.5493],[23.7552,45.5971],[23.7085,45.5684],[23.6673,45.5818],[23.6755,45.5588],[23.7057,45.5627],[23.7305,45.5416],[23.6865,45.5397],[23.6343,45.4995],[23.6975,45.4899],[23.6591,45.467],[23.6618,45.4517],[23.7057,45.4765],[23.7167,45.4651],[23.6591,45.423],[23.6096,45.4268],[23.6124,45.444],[23.5464,45.511],[23.5602,45.5397],[23.6014,45.5474],[23.6069,45.5722],[23.5574,45.5761],[23.5382,45.599],[23.5272,45.5875],[23.5464,45.5761],[23.5464,45.5378],[23.5245,45.5378],[23.4943,45.5569],[23.4476,45.5474],[23.4476,45.5971],[23.3295,45.5837],[23.3597,45.5837],[23.3679,45.5474],[23.4064,45.5512],[23.3734,45.4995],[23.4888,45.4938],[23.4888,45.4689],[23.4613,45.4574],[23.5519,45.4612],[23.5849,45.4287],[23.5739,45.3847],[23.5327,45.3674],[23.5794,45.3483],[23.5684,45.3177],[23.5437,45.3349],[23.4668,45.3253],[23.4888,45.3062],[23.497,45.2564],[23.5464,45.2411],[23.53,45.2029],[23.5712,45.2086],[23.5574,45.2373],[23.5767,45.2603],[23.6206,45.243],[23.6591,45.2641],[23.6893,45.2105],[23.7057,45.2163],[23.6948,45.2373],[23.7277,45.2354],[23.7442,45.2143],[23.7497,45.2545],[23.7799,45.2507],[23.7854,45.2794],[23.8184,45.2584],[23.7991,45.2048],[23.9145,45.2335],[23.9282,45.1971],[23.9529,45.1914],[23.9529,45.2277],[23.9914,45.2067],[23.9996,45.2277],[24.0628,45.2086],[24.1095,45.2488],[24.0875,45.266],[24.0051,45.2545],[23.9474,45.2794],[23.8733,45.2641],[23.8596,45.2871],[23.7112,45.3024],[23.8705,45.3177],[23.8925,45.3368],[23.8101,45.3617],[23.8623,45.3942]],[[23.8678,45.2871],[23.9008,45.2947],[23.9145,45.3081],[23.8596,45.289],[23.8596,45.2871],[23.8678,45.2871]],[[24.115,45.5282],[24.1342,45.5435],[24.1068,45.5474],[24.093,45.5397],[24.115,45.5282]],[[24.1122,45.1952],[24.0958,45.1971],[24.093,45.1703],[24.1122,45.1952]],[[23.7662,45.1588],[23.7634,45.1493],[23.7772,45.1588],[23.7662,45.1588]],[[23.7195,45.6182],[23.7332,45.6143],[23.7277,45.6201],[23.7195,45.6182]],[[23.7057,45.1895],[23.7057,45.1933],[23.7003,45.1895],[23.7057,45.1895]],[[23.7003,45.6277],[23.703,45.6201],[23.7057,45.6277],[23.7003,45.6277]],[[23.6893,45.2048],[23.6893,45.2067],[23.6865,45.2048],[23.6893,45.2048]],[[23.5822,45.5263],[23.5876,45.5206],[23.6096,45.5301],[23.5822,45.5263]],[[23.5794,45.2067],[23.5822,45.2009],[23.5849,45.2086],[23.5794,45.2067]],[[23.3981,45.6641],[23.4091,45.6641],[23.4009,45.6756],[23.3981,45.6641]],[[23.3981,45.2718],[23.3926,45.2718],[23.3981,45.2698],[23.3981,45.2718]]],[[[25.4306,45.7655],[25.4059,45.7828],[25.3894,45.7579],[25.351,45.7847],[25.3812,45.7962],[25.3894,45.8287],[25.3482,45.8306],[25.3702,45.8497],[25.4224,45.8306],[25.4361,45.8096],[25.48,45.8287],[25.48,45.8115],[25.4306,45.7655]]],[[[25.7025,45.8076],[25.6393,45.8096],[25.6393,45.8555],[25.7162,45.9378],[25.7547,45.9282],[25.8014,45.9588],[25.7932,45.8899],[25.741,45.8976],[25.7465,45.867],[25.7162,45.8536],[25.7025,45.8076]]],[[[25.4196,47.8459],[25.3922,47.7885],[25.3674,47.7866],[25.3922,47.777],[25.4224,47.8172],[25.4498,47.8191],[25.4416,47.8536],[25.4828,47.8363],[25.4636,47.8536],[25.4773,47.8727],[25.524,47.8536],[25.5542,47.8765],[25.5624,47.8325],[25.5295,47.8095],[25.5377,47.7942],[25.5872,47.8172],[25.5954,47.777],[25.6339,47.777],[25.6229,47.8229],[25.6531,47.8],[25.6696,47.8172],[25.6943,47.7962],[25.6696,47.7942],[25.6531,47.7598],[25.6805,47.7406],[25.6448,47.7368],[25.6641,47.71],[25.6998,47.7043],[25.7108,47.7234],[25.7547,47.6832],[25.7574,47.7024],[25.7904,47.6985],[25.7932,47.6775],[25.7657,47.6718],[25.8014,47.6507],[25.7986,47.6335],[25.7849,47.6316],[25.7739,47.643],[25.7492,47.6526],[25.7465,47.6488],[25.8206,47.5301],[25.7822,47.5282],[25.7822,47.5531],[25.7629,47.5703],[25.741,47.555],[25.7272,47.5818],[25.7108,47.5818],[25.697,47.5473],[25.675,47.5837],[25.6943,47.6143],[25.6393,47.5895],[25.6531,47.6316],[25.6146,47.6048],[25.5899,47.6316],[25.5981,47.6641],[25.5789,47.6392],[25.5542,47.6584],[25.5679,47.6966],[25.5405,47.6871],[25.4993,47.7292],[25.4745,47.7311],[25.524,47.6851],[25.513,47.6718],[25.4581,47.6775],[25.4773,47.6469],[25.5267,47.6526],[25.5295,47.6277],[25.4993,47.6354],[25.5103,47.6009],[25.535,47.578],[25.5734,47.5837],[25.5872,47.5722],[25.5762,47.5531],[25.6311,47.532],[25.6476,47.5052],[25.6119,47.4842],[25.5597,47.5148],[25.4608,47.534],[25.4938,47.5091],[25.4855,47.4957],[25.4169,47.4938],[25.4498,47.4746],[25.5322,47.4938],[25.5762,47.4708],[25.5652,47.4459],[25.5954,47.4631],[25.6476,47.4478],[25.6696,47.4976],[25.6888,47.4938],[25.6888,47.4727],[25.7272,47.4746],[25.7245,47.5072],[25.741,47.5072],[25.7602,47.488],[25.7355,47.4708],[25.7657,47.4631],[25.7465,47.4421],[25.7135,47.4421],[25.7272,47.4249],[25.6668,47.421],[25.697,47.4095],[25.6915,47.3904],[25.7465,47.3923],[25.7217,47.377],[25.7437,47.3674],[25.7382,47.3445],[25.7932,47.3311],[25.7629,47.3674],[25.7822,47.4],[25.8481,47.3215],[25.8344,47.3866],[25.8124,47.4076],[25.8508,47.4134],[25.8179,47.4287],[25.8124,47.4517],[25.8426,47.467],[25.8618,47.4306],[25.903,47.4249],[25.9085,47.4287],[25.9003,47.4478],[25.903,47.4593],[25.9332,47.4019],[25.8701,47.4115],[25.8728,47.3942],[25.8481,47.3962],[25.881,47.3674],[25.8783,47.3407],[25.9003,47.3464],[25.9167,47.3196],[25.9332,47.3598],[25.9607,47.3502],[25.9909,47.3713],[26.0019,47.3636],[25.9525,47.3426],[25.936,47.2871],[25.9003,47.266],[25.9552,47.2545],[25.9497,47.2832],[25.9909,47.289],[25.9991,47.3215],[26.0458,47.3273],[25.9937,47.2871],[25.9882,47.2584],[26.0623,47.289],[26.0458,47.2488],[26.0953,47.2488],[26.098,47.2239],[26.1557,47.2124],[26.087,47.1971],[26.0733,47.2162],[25.9882,47.2239],[26.0458,47.1933],[26.0486,47.155],[25.9991,47.1531],[26.0623,47.1225],[26.0788,47.1646],[26.098,47.1493],[26.1282,47.1684],[26.1035,47.134],[26.1557,47.1454],[26.1365,47.1186],[26.1804,47.1091],[26.2106,47.1397],[26.2134,47.1072],[26.1942,47.0957],[26.2189,47.0861],[26.2491,47.1072],[26.2436,47.0708],[26.1447,47.0785],[26.1557,47.0593],[26.1365,47.0555],[26.153,47.0363],[26.1859,47.0555],[26.2106,47.0421],[26.1832,47.021],[26.2134,47.0],[26.1887,46.977],[26.1639,46.9885],[26.2326,46.9502],[26.1639,46.9387],[26.1914,46.9196],[26.1859,46.8909],[26.1255,46.9139],[26.1282,46.9464],[26.1063,46.954],[26.1227,46.9847],[26.0706,46.9904],[26.1008,47.0153],[26.0596,47.0249],[26.0815,47.0402],[26.0596,47.0536],[26.0733,47.0708],[26.0568,47.0823],[26.0211,47.0229],[25.9827,47.0115],[26.0211,47.0497],[26.0101,47.1072],[25.9772,47.1052],[25.9854,47.0631],[25.9552,47.0555],[25.8618,47.1148],[25.8646,47.1301],[25.8069,47.1301],[25.8371,47.1684],[25.7794,47.1493],[25.7547,47.1837],[25.7602,47.2162],[25.719,47.1933],[25.708,47.2143],[25.6311,47.245],[25.6888,47.1895],[25.6833,47.1531],[25.7108,47.1818],[25.7657,47.1397],[25.7465,47.1072],[25.7767,47.1225],[25.8041,47.1072],[25.8014,47.088],[25.8563,47.0861],[25.8261,47.0555],[25.8865,47.0785],[25.9442,47.0344],[25.9003,47.0115],[25.8673,47.0249],[25.881,46.9981],[25.8151,47.0057],[25.8701,46.9789],[25.7877,46.9177],[25.6558,46.9483],[25.697,46.9158],[25.752,46.9043],[25.7245,46.8775],[25.741,46.8603],[25.7712,46.9024],[25.8234,46.9119],[25.8481,46.8947],[25.8371,46.9234],[25.9085,46.9923],[25.9332,46.9828],[25.903,46.9445],[25.9497,46.9732],[25.9964,46.9598],[26.0101,46.977],[26.0294,46.9579],[26.0074,46.9426],[26.0266,46.933],[26.0101,46.9158],[26.0568,46.9005],[26.0074,46.889],[26.0651,46.8794],[26.0596,46.8526],[26.0266,46.8679],[25.9882,46.8373],[25.9717,46.8564],[25.9717,46.8373],[25.9277,46.8124],[25.8536,46.8373],[25.903,46.7971],[25.8398,46.7646],[25.903,46.755],[25.903,46.7186],[25.9113,46.7684],[25.9497,46.8048],[25.9717,46.7952],[26.0184,46.822],[26.0403,46.7933],[26.0458,46.8277],[26.087,46.8373],[26.1255,46.799],[26.1255,46.7607],[26.0953,46.7531],[26.1227,46.7454],[26.1063,46.7263],[26.1392,46.7301],[26.1996,46.6631],[26.1914,46.711],[26.1612,46.732],[26.1777,46.7531],[26.153,46.7588],[26.1722,46.7933],[26.153,46.8162],[26.1887,46.8258],[26.2271,46.7818],[26.2354,46.8048],[26.304,46.8086],[26.293,46.7818],[26.2601,46.7722],[26.282,46.7588],[26.2628,46.7416],[26.3315,46.7244],[26.2958,46.7033],[26.3617,46.6918],[26.3013,46.6765],[26.3205,46.6708],[26.315,46.6517],[26.337,46.6517],[26.326,46.6229],[26.3589,46.6191],[26.3644,46.6],[26.3864,46.6153],[26.4139,46.6057],[26.4166,46.5828],[26.3837,46.5732],[26.4056,46.5674],[26.4166,46.5062],[26.4386,46.5024],[26.4194,46.4909],[26.4441,46.4794],[26.4249,46.4545],[26.4359,46.4182],[26.3947,46.4258],[26.3535,46.5062],[26.3123,46.5005],[26.3452,46.4832],[26.337,46.4411],[26.3672,46.4105],[26.3342,46.3952],[26.293,46.4029],[26.2134,46.4641],[26.2134,46.4947],[26.1832,46.4737],[26.1365,46.4775],[26.1227,46.4966],[26.0733,46.5234],[26.0541,46.5311],[26.0431,46.5292],[26.0953,46.4966],[26.1145,46.4373],[26.131,46.4622],[26.1777,46.4469],[26.1804,46.4258],[26.2134,46.4086],[26.1942,46.3895],[26.3287,46.3703],[26.2875,46.332],[26.3315,46.3397],[26.3535,46.3665],[26.3782,46.3512],[26.3672,46.3244],[26.3864,46.2842],[26.3123,46.2746],[26.2573,46.2918],[26.2354,46.2708],[26.2766,46.2746],[26.2793,46.244],[26.3068,46.2631],[26.3617,46.221],[26.4001,46.2497],[26.3837,46.221],[26.4304,46.2325],[26.4496,46.2153],[26.3919,46.1942],[26.4249,46.1904],[26.3919,46.1655],[26.4001,46.1024],[26.4441,46.1119],[26.4578,46.1407],[26.4688,46.1292],[26.3864,46.0392],[26.3809,45.9665],[26.4194,46.0392],[26.488,46.0469],[26.4963,46.0947],[26.5265,46.043],[26.5512,46.0584],[26.543,46.043],[26.5622,46.0201],[26.5265,45.999],[26.6144,46.0029],[26.6116,45.934],[26.6501,45.8631],[26.6034,45.8746],[26.6034,45.8995],[26.5375,45.934],[26.5512,45.8976],[26.4853,45.8957],[26.4578,45.8689],[26.5649,45.8804],[26.6254,45.8363],[26.5842,45.8019],[26.6281,45.8115],[26.6364,45.7694],[26.5814,45.7215],[26.6281,45.7119],[26.6501,45.7273],[26.6885,45.6985],[26.6721,45.6852],[26.6748,45.643],[26.6116,45.6143],[26.727,45.6143],[26.7188,45.555],[26.6748,45.5435],[26.6858,45.5129],[26.6556,45.4957],[26.7023,45.4842],[26.6995,45.467],[26.6309,45.4823],[26.5924,45.4708],[26.6006,45.4574],[26.5704,45.4344],[26.5402,45.4459],[26.5485,45.4727],[26.5347,45.4804],[26.5128,45.4478],[26.532,45.4115],[26.4853,45.4076],[26.4551,45.3617],[26.3315,45.3598],[26.3452,45.3789],[26.4221,45.3751],[26.4496,45.3981],[26.4688,45.4574],[26.51,45.4918],[26.5128,45.5206],[26.488,45.4842],[26.4413,45.4612],[26.4056,45.488],[26.3727,45.4861],[26.4221,45.4383],[26.3919,45.4038],[26.3727,45.4249],[26.3095,45.3981],[26.282,45.421],[26.2958,45.4497],[26.2601,45.4344],[26.2546,45.4574],[26.2161,45.4555],[26.1914,45.5052],[26.1722,45.5033],[26.142,45.5378],[26.1557,45.5684],[26.109,45.5684],[26.0925,45.6048],[26.1118,45.6564],[26.0706,45.6603],[26.0568,45.6813],[26.1337,45.6871],[26.142,45.6564],[26.1722,45.6698],[26.1667,45.7005],[26.1887,45.7273],[26.1749,45.7426],[26.2024,45.7713],[26.2381,45.7674],[26.2244,45.7923],[26.2381,45.8363],[26.2189,45.8517],[26.2985,45.8478],[26.2903,45.8976],[26.3205,45.955],[26.3562,45.9761],[26.3535,46.0086],[26.3205,46.0009],[26.304,46.0526],[26.2848,46.0354],[26.2134,46.0679],[26.153,46.0354],[26.1502,46.0794],[26.0925,46.0985],[26.1008,46.1234],[26.1392,46.1273],[26.12,46.1407],[26.131,46.1885],[26.076,46.1847],[26.0788,46.1694],[26.0486,46.1674],[26.0101,46.1253],[26.0184,46.1043],[26.0678,46.1081],[26.0513,46.0985],[26.0843,46.0813],[26.0678,46.066],[26.1035,46.066],[26.12,46.0411],[26.0925,46.0143],[26.0458,46.022],[26.0239,46.0067],[25.9937,46.0335],[25.9937,46.0029],[25.947,46.0048],[25.9607,45.9837],[25.9937,45.9914],[26.0156,45.9646],[25.9799,45.9627],[25.9415,45.8689],[25.9222,45.8861],[25.8865,45.8727],[25.8948,45.9052],[25.8563,45.9799],[25.9058,46.0296],[25.8646,46.0469],[25.8618,46.0794],[25.903,46.1043],[25.9415,46.089],[25.9579,46.11],[25.9717,46.1866],[25.9607,46.2536],[25.9772,46.2785],[25.9085,46.2497],[25.8591,46.2804],[25.8701,46.2957],[25.8316,46.3072],[25.8646,46.3167],[25.8398,46.3569],[25.8563,46.4143],[25.8481,46.445],[25.7877,46.4182],[25.8096,46.4488],[25.8041,46.5292],[25.7602,46.5368],[25.7849,46.51],[25.6998,46.5043],[25.6833,46.4756],[25.7135,46.4009],[25.7108,46.3091],[25.8041,46.2536],[25.7904,46.2344],[25.8261,46.1904],[25.8398,46.1292],[25.8701,46.1119],[25.8453,46.0641],[25.8069,46.0469],[25.708,46.1158],[25.6668,46.0909],[25.6778,46.1196],[25.6366,46.1942],[25.5872,46.133],[25.5542,46.133],[25.5734,46.1617],[25.5487,46.1636],[25.5515,46.2115],[25.5817,46.2383],[25.5185,46.2344],[25.5048,46.2497],[25.4663,46.2249],[25.4883,46.3091],[25.4498,46.3359],[25.4169,46.2976],[25.4031,46.3512],[25.4718,46.3895],[25.491,46.4756],[25.4059,46.4373],[25.3647,46.4545],[25.318,46.443],[25.3894,46.4105],[25.3482,46.3397],[25.3098,46.3512],[25.296,46.332],[25.2521,46.3263],[25.2686,46.3588],[25.2109,46.3512],[25.134,46.3703],[25.1422,46.399],[25.2301,46.3799],[25.2191,46.4201],[25.1642,46.4794],[25.1697,46.4966],[25.2246,46.5139],[25.1147,46.5426],[25.1175,46.5674],[25.0928,46.5617],[25.1065,46.5847],[25.0763,46.5789],[25.0433,46.6],[25.0516,46.6363],[24.9664,46.6191],[24.9527,46.6497],[24.9747,46.6574],[24.9774,46.6842],[25.1065,46.6842],[25.1422,46.7033],[25.0681,46.7033],[24.9857,46.7378],[24.9994,46.7741],[24.9609,46.7703],[24.9637,46.7933],[24.9225,46.8182],[24.9307,46.8985],[24.9911,46.8871],[25.0131,46.91],[25.0681,46.8813],[25.0845,46.8373],[25.0873,46.8718],[25.1202,46.8718],[25.0928,46.889],[25.1395,46.9043],[25.2109,46.9005],[25.2246,46.8775],[25.2905,46.8813],[25.3098,46.8469],[25.3922,46.8201],[25.4031,46.7129],[25.3784,46.644],[25.4004,46.6096],[25.5377,46.5885],[25.5927,46.5502],[25.6586,46.5674],[25.6256,46.577],[25.5844,46.6804],[25.5267,46.6957],[25.5212,46.7703],[25.4718,46.7952],[25.4828,46.8124],[25.4004,46.889],[25.4114,46.9234],[25.3455,46.9311],[25.3015,46.8909],[25.285,46.9119],[25.1312,46.9273],[25.112,46.9483],[25.0955,46.9139],[25.0543,46.9005],[25.0186,46.9273],[25.0461,46.9445],[25.0323,46.956],[24.9527,46.9349],[24.9472,46.9521],[24.9225,46.9502],[24.9033,46.9311],[24.8703,46.9751],[24.8648,46.9426],[24.744,46.9368],[24.7522,46.9579],[24.7165,46.9694],[24.7275,46.9847],[24.711,47.0057],[24.744,47.0287],[24.7055,47.0363],[24.7028,47.0651],[24.7275,47.0708],[24.7,47.0938],[24.7275,47.1072],[24.711,47.1378],[24.8456,47.1167],[24.8099,47.1588],[24.8785,47.1493],[24.8813,47.1646],[24.8428,47.1818],[24.8428,47.2143],[24.7028,47.2029],[24.6863,47.2354],[24.7247,47.2622],[24.7906,47.2469],[24.8401,47.266],[24.8923,47.222],[24.8538,47.2737],[24.7247,47.2813],[24.7852,47.3119],[24.8373,47.3081],[24.8346,47.3292],[24.884,47.2966],[24.9664,47.31],[25.0323,47.2947],[24.9609,47.3502],[24.9417,47.3311],[24.8511,47.3502],[24.8099,47.3368],[24.8428,47.356],[24.8483,47.3885],[24.9033,47.3808],[24.9225,47.3904],[24.9115,47.4076],[24.9719,47.4363],[24.8236,47.3962],[24.8181,47.4325],[24.8016,47.3904],[24.7852,47.3885],[24.7357,47.4631],[24.7549,47.4115],[24.7467,47.3808],[24.7,47.3617],[24.6725,47.3789],[24.678,47.4019],[24.6506,47.4038],[24.6561,47.3694],[24.6259,47.3598],[24.6286,47.3426],[24.5627,47.2909],[24.5242,47.3139],[24.5517,47.3177],[24.5654,47.3655],[24.5956,47.3885],[24.5819,47.4115],[24.5792,47.3828],[24.5132,47.3674],[24.5242,47.3464],[24.483,47.354],[24.494,47.3923],[24.4556,47.3426],[24.4254,47.3464],[24.4281,47.3828],[24.5023,47.4115],[24.4913,47.4325],[24.5078,47.4574],[24.4611,47.4708],[24.4611,47.4402],[24.4363,47.4574],[24.4061,47.4306],[24.4116,47.4842],[24.4611,47.4957],[24.4473,47.534],[24.4034,47.5588],[24.3896,47.5359],[24.4281,47.511],[24.3622,47.5014],[24.2798,47.5435],[24.2908,47.5646],[24.3347,47.5454],[24.277,47.5895],[24.288,47.6048],[24.3292,47.6048],[24.3567,47.5761],[24.3842,47.5933],[24.4199,47.5627],[24.6231,47.6105],[24.744,47.5933],[24.678,47.6239],[24.722,47.6526],[24.6149,47.6316],[24.5078,47.6335],[24.4666,47.6526],[24.4748,47.6698],[24.5215,47.6775],[24.4995,47.689],[24.516,47.7062],[24.5435,47.6985],[24.5352,47.6737],[24.6176,47.6794],[24.5874,47.689],[24.5984,47.7043],[24.5517,47.7119],[24.6259,47.7636],[24.5435,47.7158],[24.5023,47.7234],[24.4858,47.7005],[24.4473,47.7158],[24.4308,47.7521],[24.3677,47.7196],[24.3759,47.7464],[24.31,47.7234],[24.3704,47.7904],[24.4446,47.7789],[24.4583,47.7579],[24.4885,47.7655],[24.472,47.7828],[24.5105,47.7885],[24.4913,47.8038],[24.5187,47.8344],[24.4501,47.8115],[24.4473,47.8249],[24.4171,47.8191],[24.4034,47.8517],[24.3869,47.8153],[24.3402,47.821],[24.2798,47.7904],[24.321,47.8517],[24.2798,47.8363],[24.2798,47.8555],[24.1891,47.867],[24.1919,47.8938],[24.2606,47.9033],[24.2566,47.9042],[24.298,47.9114],[24.3249,47.926],[24.3452,47.9145],[24.3817,47.9265],[24.3923,47.9528],[24.4361,47.9704],[24.5124,47.9526],[24.58,47.9668],[24.6017,47.9452],[24.6255,47.9291],[24.6176,47.9282],[24.6313,47.9186],[24.6327,47.9243],[24.6739,47.8964],[24.6727,47.8636],[24.7345,47.8439],[24.7528,47.8298],[24.8277,47.8207],[24.8362,47.7797],[24.8714,47.7571],[24.8593,47.7521],[24.8318,47.7732],[24.8318,47.7981],[24.8264,47.7445],[24.884,47.6966],[24.8511,47.6737],[24.8813,47.6545],[24.9197,47.6603],[24.8895,47.6966],[24.9033,47.7177],[24.9004,47.7257],[24.9471,47.7292],[25.0397,47.7253],[25.0629,47.7405],[25.1156,47.7548],[25.1161,47.7679],[25.2165,47.8541],[25.2136,47.844],[25.2328,47.8689],[25.3015,47.8536],[25.3125,47.8325],[25.4196,47.8459]],[[25.6558,47.6335],[25.6531,47.6335],[25.6531,47.6316],[25.6558,47.6335]],[[25.4581,47.5359],[25.4581,47.534],[25.4608,47.534],[25.4581,47.5359]],[[26.5649,45.6545],[26.5704,45.6718],[26.5567,45.6545],[26.5649,45.6545]],[[26.5457,45.6737],[26.5457,45.6756],[26.543,45.6737],[26.5457,45.6737]],[[26.4166,45.71],[26.4304,45.7387],[26.4056,45.7349],[26.4001,45.7119],[26.4304,45.6928],[26.4276,45.6718],[26.4688,45.689],[26.4166,45.71]],[[26.4276,45.5301],[26.4276,45.5512],[26.4084,45.5301],[26.4276,45.5301]],[[26.3864,45.6029],[26.3892,45.5971],[26.3974,45.6048],[26.3864,45.6029]],[[26.3947,45.777],[26.3672,45.7866],[26.3315,45.7311],[26.3699,45.7043],[26.3589,45.7292],[26.3864,45.7407],[26.3947,45.777]],[[26.3397,46.1311],[26.3397,46.1387],[26.3342,46.1311],[26.3397,46.1311]],[[26.315,46.1904],[26.326,46.1885],[26.3177,46.1962],[26.315,46.1904]],[[26.1639,46.5521],[26.1612,46.5407],[26.1749,46.5311],[26.1639,46.5521]],[[26.1447,46.6],[26.1475,46.5847],[26.1639,46.5636],[26.1447,46.6]],[[26.0898,46.7493],[26.0898,46.7531],[26.0733,46.7474],[26.0898,46.7493]],[[25.9579,46.8909],[25.9579,46.9311],[25.9305,46.9005],[25.9579,46.8909]],[[25.881,47.1512],[25.881,47.1531],[25.8783,47.1512],[25.881,47.1512]],[[25.8646,47.134],[25.8701,47.1359],[25.8646,47.1416],[25.8646,47.134]],[[25.8316,46.6268],[25.8316,46.6172],[25.8481,46.6134],[25.8316,46.6268]],[[25.8289,46.6574],[25.7959,46.6651],[25.8179,46.6363],[25.8289,46.6574]],[[25.8234,46.6861],[25.8096,46.6918],[25.8069,46.6746],[25.8234,46.6861]],[[25.7657,47.0268],[25.7602,47.0478],[25.7217,47.0229],[25.7657,47.0268]],[[25.719,46.5292],[25.7217,46.5253],[25.7272,46.5311],[25.719,46.5292]],[[25.6696,47.0861],[25.6558,47.0383],[25.7135,47.0517],[25.6915,47.0651],[25.6998,47.0995],[25.6696,47.0861]],[[25.675,47.1435],[25.6723,47.1435],[25.675,47.1397],[25.675,47.1435]],[[25.6723,47.1378],[25.6723,47.1397],[25.6696,47.1378],[25.6723,47.1378]],[[25.6174,46.9521],[25.6201,46.9445],[25.6421,46.9464],[25.6174,46.9521]],[[25.6311,47.178],[25.6366,47.1684],[25.6421,47.178],[25.6311,47.178]],[[25.6339,46.332],[25.6311,46.3895],[25.5762,46.4105],[25.5652,46.3684],[25.6119,46.3646],[25.5899,46.3493],[25.6064,46.3225],[25.6339,46.332]],[[25.6339,47.0421],[25.6311,47.0459],[25.6229,47.0421],[25.6339,47.0421]],[[25.6256,47.2698],[25.6339,47.2564],[25.6311,47.2679],[25.6256,47.2698]],[[25.6284,47.2756],[25.6284,47.2794],[25.6256,47.2756],[25.6284,47.2756]],[[25.6201,47.289],[25.6174,47.289],[25.6201,47.2871],[25.6201,47.289]],[[25.5872,47.3215],[25.6146,47.289],[25.6146,47.3196],[25.5872,47.3215]],[[25.5899,47.2564],[25.5927,47.2564],[25.5927,47.2603],[25.5872,47.2603],[25.5899,47.2564]],[[25.5789,46.4603],[25.5817,46.4526],[25.5872,46.4622],[25.5789,46.4603]],[[25.5734,47.3387],[25.5872,47.3349],[25.5817,47.3483],[25.5542,47.3598],[25.5734,47.3387]],[[25.5734,47.0325],[25.5734,47.0363],[25.5652,47.0325],[25.5734,47.0325]],[[25.5652,47.4115],[25.5652,47.4076],[25.5734,47.4153],[25.5652,47.4115]],[[25.5542,47.4746],[25.535,47.4689],[25.5515,47.467],[25.5542,47.4746]],[[25.5487,47.3311],[25.5377,47.3426],[25.5322,47.3196],[25.5487,47.3311]],[[25.5185,47.2756],[25.5185,47.2794],[25.5157,47.2756],[25.5185,47.2756]],[[25.5212,47.2794],[25.5212,47.2813],[25.5185,47.2794],[25.5212,47.2794]],[[25.5295,47.2813],[25.5322,47.2966],[25.5212,47.2813],[25.5295,47.2813]],[[25.4938,47.4],[25.4718,47.4095],[25.4883,47.3789],[25.4938,47.4]],[[25.4691,46.5502],[25.4691,46.5349],[25.4855,46.5502],[25.4691,46.5502]],[[25.4636,47.1875],[25.4773,47.1875],[25.4691,47.1933],[25.4636,47.1875]],[[25.4526,47.4325],[25.4388,47.4344],[25.4691,47.4134],[25.4526,47.4325]],[[25.4663,47.1531],[25.4663,47.155],[25.4553,47.1512],[25.4663,47.1531]],[[25.4498,47.3196],[25.4361,47.31],[25.4196,47.2947],[25.4498,47.3196]],[[25.4498,47.1588],[25.4498,47.1665],[25.4388,47.1607],[25.4498,47.1588]],[[25.4004,47.5033],[25.4004,47.4976],[25.4114,47.5033],[25.4004,47.5033]],[[25.1257,47.1014],[25.1505,47.0861],[25.1065,47.0746],[25.0378,47.1148],[25.0461,47.0957],[25.0296,47.0765],[25.1093,47.067],[25.134,47.0363],[25.1724,47.0631],[25.1834,47.044],[25.2054,47.0478],[25.1944,47.0134],[25.2686,47.0115],[25.3592,47.1148],[25.3125,47.1397],[25.2658,47.1186],[25.2713,47.067],[25.2136,47.0765],[25.2246,47.0995],[25.1917,47.0995],[25.1862,47.132],[25.2493,47.1818],[25.2493,47.2067],[25.2328,47.2162],[25.1862,47.1569],[25.1367,47.1875],[25.1532,47.1397],[25.1257,47.1225],[25.1257,47.1014]],[[25.274,46.6019],[25.307,46.6344],[25.2713,46.6612],[25.285,46.6191],[25.2658,46.6153],[25.2164,46.6478],[25.2026,46.6153],[25.274,46.6019]],[[25.274,46.7818],[25.274,46.7856],[25.2658,46.7818],[25.274,46.7818]],[[25.2576,46.7856],[25.2246,46.8029],[25.2356,46.7837],[25.2576,46.7856]],[[25.2301,47.4],[25.2301,47.4076],[25.2164,47.4038],[25.2301,47.4]],[[25.2026,47.8383],[25.2054,47.8325],[25.2109,47.8402],[25.2026,47.8383]],[[25.1147,47.4306],[25.1038,47.4976],[25.0571,47.4651],[25.1147,47.4306]],[[25.0488,47.4842],[25.0488,47.488],[25.0406,47.4842],[25.0488,47.4842]],[[24.6176,47.4268],[24.6094,47.4593],[24.5847,47.4517],[24.6176,47.4268]],[[24.6478,47.4899],[24.6561,47.4497],[24.689,47.4287],[24.6973,47.444],[24.6588,47.4861],[24.6698,47.5072],[24.7137,47.4899],[24.722,47.5225],[24.7852,47.5244],[24.7879,47.4555],[24.8181,47.4957],[24.9225,47.4459],[24.9335,47.467],[24.9197,47.4861],[24.9719,47.5091],[24.928,47.5052],[24.9472,47.5282],[24.8868,47.5129],[24.9252,47.5435],[24.9033,47.5512],[24.8428,47.5206],[24.8401,47.555],[24.8181,47.5607],[24.7714,47.5493],[24.7604,47.5646],[24.7137,47.5627],[24.6753,47.534],[24.678,47.5722],[24.6149,47.5761],[24.6149,47.5569],[24.5517,47.5244],[24.5654,47.5033],[24.5847,47.5244],[24.6204,47.5225],[24.6011,47.4918],[24.6094,47.4593],[24.6478,47.4899]],[[24.8923,47.0631],[24.895,47.044],[24.95,47.0459],[24.917,47.0536],[24.9197,47.0727],[24.8923,47.0631]],[[24.8978,47.6258],[24.9142,47.6354],[24.8813,47.6526],[24.8621,47.643],[24.8703,47.6258],[24.8236,47.6258],[24.8209,47.6105],[24.9115,47.5914],[24.8978,47.6258]],[[24.9115,47.3713],[24.9088,47.3713],[24.9115,47.3694],[24.9115,47.3713]],[[24.906,47.3732],[24.906,47.3713],[24.9088,47.3732],[24.906,47.3732]],[[24.906,47.1206],[24.906,47.1244],[24.895,47.1206],[24.906,47.1206]],[[24.8758,47.0574],[24.8593,47.0651],[24.873,47.0517],[24.8758,47.0574]],[[24.7742,47.8191],[24.7769,47.8076],[24.7906,47.821],[24.7742,47.8191]],[[24.7083,47.7292],[24.7083,47.6813],[24.744,47.6928],[24.7467,47.6775],[24.7824,47.6794],[24.7083,47.7292]],[[24.7028,47.8153],[24.7083,47.8076],[24.722,47.8172],[24.7028,47.8153]],[[24.7165,47.844],[24.7,47.8383],[24.7165,47.8325],[24.7165,47.844]],[[24.6616,47.8517],[24.6616,47.8363],[24.6753,47.8517],[24.6616,47.8517]],[[24.6506,47.8306],[24.6313,47.8249],[24.6506,47.8249],[24.6506,47.8306]],[[24.6231,47.8095],[24.5627,47.8095],[24.5984,47.7942],[24.6231,47.8095]],[[24.5956,47.777],[24.5929,47.7847],[24.5874,47.7751],[24.5956,47.777]],[[24.5105,47.9206],[24.538,47.9359],[24.4473,47.9607],[24.4254,47.9512],[24.5105,47.9206]],[[24.5023,47.5493],[24.4913,47.5493],[24.5023,47.5435],[24.5023,47.5493]],[[24.4473,47.8574],[24.4913,47.8689],[24.4638,47.9033],[24.4363,47.9014],[24.4473,47.8574]],[[24.3347,47.911],[24.2908,47.8842],[24.3237,47.8918],[24.3484,47.8708],[24.3539,47.8918],[24.3347,47.911]]],[[[23.6893,47.8631],[23.7057,47.8784],[23.725,47.8689],[23.7387,47.8976],[23.8074,47.8574],[23.8513,47.7942],[23.8101,47.7521],[23.7689,47.7751],[23.7799,47.7885],[23.7497,47.7866],[23.7415,47.7617],[23.7689,47.7655],[23.7827,47.7273],[23.7689,47.6832],[23.8184,47.6966],[23.9227,47.6622],[23.9777,47.6641],[23.9749,47.7024],[23.9996,47.7119],[24.0683,47.6679],[24.0738,47.6373],[24.1122,47.6277],[24.0903,47.6029],[24.1919,47.5971],[24.1891,47.5722],[24.2221,47.599],[24.2523,47.5952],[24.2688,47.5684],[24.2413,47.5435],[24.3347,47.4976],[24.3484,47.4536],[24.3127,47.4134],[24.2221,47.4172],[24.2056,47.444],[24.1864,47.4363],[24.1864,47.4574],[24.1562,47.4612],[24.1864,47.4861],[24.1013,47.488],[24.0985,47.5186],[24.0683,47.5091],[24.082,47.5646],[24.0546,47.5684],[24.0573,47.5933],[23.9612,47.578],[23.9255,47.5952],[23.9255,47.5703],[23.887,47.5665],[23.8843,47.5971],[23.8431,47.5837],[23.8486,47.6335],[23.8211,47.6316],[23.7991,47.6009],[23.7689,47.6067],[23.7524,47.6277],[23.7936,47.6488],[23.6536,47.6928],[23.6481,47.7139],[23.6783,47.7349],[23.6288,47.7655],[23.6288,47.7942],[23.5794,47.7732],[23.5739,47.7521],[23.5519,47.7617],[23.4476,47.733],[23.4531,47.7655],[23.4915,47.756],[23.541,47.7885],[23.5355,47.8076],[23.5629,47.844],[23.6096,47.8593],[23.5822,47.8708],[23.5849,47.888],[23.6206,47.8746],[23.6316,47.8918],[23.6591,47.888],[23.6893,47.8631]],[[24.2798,47.4765],[24.2468,47.4938],[24.2715,47.4708],[24.2798,47.4765]]],[[[25.3674,47.8784],[25.3839,47.8536],[25.3427,47.8459],[25.2905,47.8708],[25.2275,47.8726],[25.237,47.8957],[25.27,47.8924],[25.3111,47.9143],[25.4228,47.9251],[25.4388,47.911],[25.3894,47.9129],[25.4333,47.8842],[25.4141,47.867],[25.3674,47.8784]]]]}},{"type":"Feature","properties":{"band":4},"geometry":{"type":"MultiPolygon","coordinates":[[[[22.7225,45.3464],[22.7444,45.3139],[22.7032,45.3081],[22.7252,45.289],[22.6758,45.2756],[22.6291,45.2009],[22.6923,45.2507],[22.7087,45.2507],[22.7142,45.2182],[22.7362,45.2469],[22.7884,45.245],[22.8021,45.2277],[22.8433,45.2354],[22.8516,45.2469],[22.7417,45.2679],[22.8104,45.3119],[22.8104,45.3541],[22.8928,45.3426],[22.9312,45.3732],[22.9861,45.3502],[23.0081,45.3694],[23.0301,45.3521],[22.9807,45.3158],[23.0273,45.3043],[23.0136,45.2775],[22.912,45.2545],[22.9477,45.2239],[22.89,45.2277],[22.8406,45.1933],[22.7664,45.1818],[22.7554,45.1627],[22.6703,45.1608],[22.6675,45.1435],[22.6346,45.1359],[22.6593,45.1091],[22.6154,45.134],[22.6126,45.1167],[22.5769,45.1072],[22.5934,45.0727],[22.5549,45.0765],[22.5549,45.0383],[22.5192,45.0249],[22.522,45.0631],[22.5742,45.132],[22.5604,45.1722],[22.5934,45.2048],[22.511,45.1952],[22.5055,45.2392],[22.522,45.2603],[22.5687,45.2584],[22.5467,45.2871],[22.5577,45.3062],[22.5934,45.2813],[22.6456,45.2852],[22.6181,45.3119],[22.6456,45.3311],[22.5879,45.3713],[22.6318,45.3904],[22.6346,45.3598],[22.6868,45.3464],[22.7335,45.377],[22.7472,45.3483],[22.7225,45.3464]]],[[[25.4251,45.2928],[25.3949,45.245],[25.3976,45.2641],[25.3647,45.2966],[25.3455,45.2756],[25.3674,45.243],[25.2795,45.2067],[25.2905,45.2698],[25.2438,45.2564],[25.2301,45.2698],[25.2521,45.2928],[25.3125,45.2852],[25.2988,45.3349],[25.3922,45.3368],[25.4031,45.377],[25.3867,45.3942],[25.4526,45.4172],[25.5048,45.3713],[25.5103,45.2871],[25.4498,45.245],[25.4251,45.2928]]],[[[23.5602,45.5397],[23.5464,45.511],[23.6124,45.444],[23.6096,45.4268],[23.6591,45.423],[23.7167,45.4651],[23.7057,45.4765],[23.6618,45.4517],[23.6591,45.467],[23.6975,45.4899],[23.6343,45.4995],[23.6865,45.5397],[23.7305,45.5416],[23.7057,45.5627],[23.6755,45.5588],[23.6673,45.5818],[23.7085,45.5684],[23.7634,45.5971],[23.8129,45.5493],[23.8651,45.5837],[23.9584,45.5818],[23.8348,45.4976],[23.9255,45.5186],[23.942,45.4899],[23.9832,45.4727],[24.0216,45.4976],[24.0436,45.4746],[24.1013,45.4689],[24.137,45.4861],[24.1837,45.4478],[24.1589,45.421],[24.1974,45.4019],[24.1425,45.3923],[24.1013,45.4287],[24.0683,45.3885],[24.0244,45.4497],[23.9804,45.4574],[23.92,45.4115],[23.8815,45.4076],[23.8431,45.4459],[23.8321,45.4191],[23.8101,45.4344],[23.7579,45.3885],[23.6234,45.3789],[23.6124,45.3598],[23.725,45.3407],[23.7689,45.3502],[23.7717,45.3732],[23.8184,45.4019],[23.8623,45.3942],[23.8101,45.3617],[23.8925,45.3311],[23.8486,45.31],[23.7772,45.3196],[23.7112,45.2966],[23.8211,45.2966],[23.8596,45.2871],[23.8733,45.2641],[23.9474,45.2794],[24.0051,45.2545],[24.1068,45.2584],[24.1013,45.2335],[24.0628,45.2086],[23.9996,45.2277],[23.9914,45.2067],[23.9529,45.2277],[23.9447,45.1914],[23.9145,45.2335],[23.8733,45.2335],[23.8705,45.2163],[23.8403,45.2239],[23.7991,45.2048],[23.8184,45.2584],[23.7854,45.2794],[23.7799,45.2507],[23.7497,45.2545],[23.7442,45.2143],[23.7277,45.2354],[23.6948,45.2373],[23.7057,45.2163],[23.6893,45.2105],[23.6591,45.2641],[23.6206,45.243],[23.5767,45.2603],[23.5574,45.2373],[23.5712,45.2086],[23.5355,45.2009],[23.5464,45.2411],[23.497,45.2564],[23.4888,45.3062],[23.4668,45.3253],[23.5437,45.3349],[23.5684,45.3177],[23.5794,45.3483],[23.5327,45.3674],[23.5739,45.3847],[23.5849,45.4287],[23.5519,45.4612],[23.4613,45.4574],[23.4888,45.4689],[23.4888,45.4938],[23.3734,45.4995],[23.4064,45.5512],[23.3679,45.5474],[23.3597,45.5837],[23.3377,45.578],[23.3295,45.5837],[23.4476,45.5971],[23.4503,45.5454],[23.4943,45.5569],[23.5464,45.5378],[23.5464,45.5761],[23.5272,45.5914],[23.5547,45.5933],[23.5574,45.5761],[23.6069,45.5722],[23.6014,45.5474],[23.5602,45.5397]]],[[[24.9088,45.5741],[24.9445,45.5397],[24.9554,45.5627],[25.0159,45.5856],[25.0269,45.5627],[24.9966,45.5454],[25.0708,45.532],[25.0049,45.4785],[24.9719,45.4746],[24.9692,45.4478],[25.09,45.4899],[25.1065,45.4363],[25.0955,45.3828],[25.0406,45.421],[25.0269,45.4],[24.9994,45.4076],[24.9939,45.3847],[25.0241,45.3732],[25.0049,45.356],[24.9692,45.3598],[24.9747,45.3349],[24.917,45.3636],[24.8868,45.3253],[24.8428,45.3464],[24.9197,45.4057],[24.9142,45.4478],[24.9445,45.4746],[24.917,45.4689],[24.906,45.488],[24.8813,45.4823],[24.8923,45.4555],[24.8758,45.4421],[24.8538,45.4842],[24.8099,45.4746],[24.7879,45.5052],[24.7824,45.4785],[24.8044,45.4574],[24.8401,45.4593],[24.8483,45.4153],[24.8099,45.4038],[24.7714,45.4249],[24.7495,45.3617],[24.7522,45.3789],[24.7192,45.3904],[24.722,45.4249],[24.6945,45.4172],[24.6918,45.3847],[24.6671,45.3962],[24.6588,45.4287],[24.689,45.4478],[24.6973,45.5052],[24.6121,45.4249],[24.5929,45.444],[24.6149,45.5072],[24.5682,45.4631],[24.5654,45.4306],[24.5297,45.444],[24.5462,45.467],[24.5297,45.4918],[24.5325,45.4727],[24.5023,45.4574],[24.5132,45.4172],[24.4501,45.4076],[24.4693,45.4746],[24.4116,45.4689],[24.4363,45.4976],[24.3951,45.5091],[24.3484,45.4899],[24.3622,45.5244],[24.4391,45.5435],[24.483,45.5301],[24.494,45.5474],[24.527,45.5359],[24.5407,45.5646],[24.5764,45.5397],[24.5901,45.5665],[24.6149,45.5799],[24.6368,45.5684],[24.6451,45.5856],[24.6616,45.555],[24.689,45.5856],[24.6973,45.5703],[24.7577,45.5837],[24.7906,45.5646],[24.8126,45.5875],[24.8593,45.5837],[24.8566,45.5627],[24.884,45.5493],[24.9088,45.5741]]],[[[23.2086,46.4469],[23.2635,46.4564],[23.28,46.489],[23.2965,46.4469],[23.2031,46.3799],[23.1866,46.3818],[23.1921,46.4201],[23.1592,46.4373],[23.0988,46.399],[23.0438,46.4029],[23.0521,46.4392],[23.0713,46.4296],[23.1097,46.4488],[23.107,46.466],[23.1592,46.4737],[23.1647,46.5081],[23.1949,46.5349],[23.1839,46.4851],[23.2059,46.489],[23.1949,46.466],[23.2086,46.4469]]],[[[22.695,46.5828],[22.6593,46.5866],[22.6978,46.6019],[22.7115,46.6517],[22.7554,46.6229],[22.7554,46.6765],[22.7829,46.6689],[22.7692,46.6574],[22.7939,46.6459],[22.7802,46.621],[22.695,46.5828]]],[[[25.2246,47.0995],[25.2109,47.0785],[25.2713,47.067],[25.2658,47.1186],[25.3125,47.1397],[25.3592,47.1148],[25.2686,47.0115],[25.1944,47.0134],[25.2054,47.0478],[25.1834,47.044],[25.1724,47.0631],[25.134,47.0363],[25.1093,47.067],[25.0296,47.0765],[25.0461,47.0957],[25.0378,47.1148],[25.1065,47.0746],[25.1505,47.0861],[25.1257,47.1014],[25.1257,47.1225],[25.1532,47.1397],[25.1367,47.1875],[25.1862,47.1569],[25.1999,47.1895],[25.2438,47.2105],[25.2493,47.1818],[25.1862,47.132],[25.1917,47.0995],[25.2246,47.0995]]],[[[24.5517,47.5244],[24.6149,47.5569],[24.6094,47.5741],[24.6753,47.5741],[24.6753,47.534],[24.7137,47.5627],[24.7604,47.5646],[24.7714,47.5493],[24.8181,47.5607],[24.8401,47.555],[24.8428,47.5206],[24.9033,47.5512],[24.9252,47.5435],[24.884,47.5148],[24.9472,47.5282],[24.928,47.5052],[24.9719,47.5033],[24.9197,47.4861],[24.928,47.4497],[24.9033,47.4459],[24.895,47.467],[24.8181,47.4957],[24.7879,47.4555],[24.7961,47.5167],[24.722,47.5225],[24.7137,47.4899],[24.6863,47.511],[24.6588,47.4899],[24.6973,47.444],[24.678,47.4287],[24.6423,47.4938],[24.6204,47.4612],[24.6176,47.4593],[24.6094,47.4593],[24.6011,47.5033],[24.6231,47.5206],[24.5847,47.5244],[24.5654,47.5033],[24.5517,47.5244]]],[[[24.8714,47.7571],[24.8784,47.7527],[24.8831,47.7244],[24.9016,47.7258],[24.9033,47.7215],[24.8895,47.6966],[24.9197,47.6603],[24.8813,47.6545],[24.8511,47.6737],[24.884,47.6966],[24.8264,47.7445],[24.8236,47.7981],[24.8356,47.7826],[24.8362,47.7797],[24.8395,47.7776],[24.8593,47.7521],[24.8714,47.7571]]]]}}]}